topology,alpha_max,kappa,seed_idx,ftle_per_pulse,mc_total,mc_total_test,mc_k0_test,inter_rms,alpha_clip_frac,g_abs_mean,runtime_s
ring_bidir,0.1,15.0,0,-0.016222648884888922,22.953448135544704,9.35183344749377,0.9885664171960282,0.02770608060082953,0.19480794270833335,0.05591121057198903,1.888045072555542
ring_bidir,0.1,15.0,1,-0.011905684364804225,23.428116574771654,10.005762203040861,0.9830472717871521,0.023518294632011917,0.21348958333333334,0.05716325508680818,1.9873192310333252
ring_bidir,0.1,15.0,2,-0.018843088580110533,22.550266765235236,8.74764445519008,0.9866881214803412,0.02392363620323284,0.23738606770833334,0.0593210387502847,1.8816614151000977
ring_bidir,0.1,20.0,6,-0.100566168897382,26.125904887714093,12.611075194480193,0.9912525190364854,0.029208135708709986,0.4406640625,0.08274777447158846,0.537100076675415
ring_bidir,0.1,15.0,3,-0.019959232448587442,22.553608075304666,6.533424487505793,0.988245795402471,0.025727593803748394,0.20742513020833334,0.05697852884487089,1.985478162765503
ring_bidir,0.1,20.0,7,-0.0841331382131864,26.55192122434236,12.590240594833247,0.9905745842920217,0.031185229015567344,0.4590592447916667,0.08697689682024123,0.6563453674316406
ring_bidir,0.1,20.0,8,-0.05269680443257096,27.252338346871042,12.083482081938973,0.9906091252833721,0.032648891429628325,0.4347330729166667,0.0815515426505316,0.6707775592803955
ring_bidir,0.1,15.0,5,-0.016913253017154087,24.331433022236144,10.643841781466236,0.984981868354798,0.02641318178729735,0.216630859375,0.05739179856881213,2.305861711502075
ring_bidir,0.1,15.0,7,-0.025744235025363753,25.13807641040646,5.456614485228308,0.9832112884814461,0.026015894727655725,0.21468424479166667,0.056967900318739446,2.488327980041504
ring_bidir,0.1,15.0,4,-0.007145225873210652,22.81472613170135,8.802229563522221,0.9829007762422101,0.024414082377481786,0.22480794270833335,0.05835036211094828,2.560166358947754
ring_bidir,0.1,20.0,9,-0.045106092572854695,25.45937835289604,11.342899582277147,0.9872005896453835,0.028901904526459073,0.4442936197916667,0.0834437893290019,0.8429815769195557
ring_bidir,0.1,21.0,0,-0.10332043510513049,26.669169970531026,11.71610750909773,0.9920160713911741,0.029988197051039167,0.4577018229166667,0.0880873935186169,0.8758759498596191
ring_bidir,0.1,15.0,6,-0.010599490349305237,24.013746917157285,9.122057314925097,0.9777938456482226,0.026043210195030142,0.22666015625000002,0.0579127409606699,2.730017900466919
ring_bidir,0.1,21.0,1,-0.07869720022929934,27.429783235339755,11.765909557868016,0.9819646068493887,0.02723859384382447,0.45262044270833335,0.08644755198991518,1.1012039184570312
ring_bidir,0.1,21.0,2,-0.07483786930493827,27.85324188131691,11.728973714459975,0.9900300456660598,0.032350364216694176,0.445537109375,0.08694035840049376,1.0403883457183838
ring_bidir,0.1,21.0,3,-0.06221409910142878,27.384357075250684,13.834921535173022,0.9917351832961937,0.03053980470917826,0.43665039062500005,0.08313378906033791,0.843883752822876
ring_bidir,0.1,15.0,8,-0.018618358831899048,24.156441260889135,10.899579427060392,0.9878113230070342,0.023253141746305796,0.222978515625,0.05758465925430944,2.907663345336914
ring_bidir,0.1,20.0,0,-0.056484027412139086,25.721591730412097,12.855336779944505,0.9917978249406708,0.029496118435644383,0.4448958333333334,0.08297065544083868,3.1599063873291016
ring_bidir,0.1,21.0,5,-0.07271251812961681,27.536121505491074,12.855956981900476,0.9906983447052851,0.02953370557511438,0.4511263020833334,0.0869390354305432,1.1885666847229004
ring_bidir,0.1,15.0,9,-0.00968282067787212,23.809018391945983,7.945327675653801,0.9914146166886105,0.024122973523459167,0.19777669270833334,0.055541665678150186,3.292994737625122
ring_bidir,0.1,21.0,4,-0.08169469216026218,27.105371047854103,12.895845789121458,0.9870676783345316,0.033831820954248824,0.4448860677083334,0.08603828195639082,1.3142855167388916
ring_bidir,0.1,21.0,6,-0.1347374919051003,27.45219676365422,12.83652821801108,0.9893776583020988,0.030765477031854876,0.4525,0.08706794597892475,1.2583277225494385
ring_bidir,0.1,21.0,7,-0.10178194223905353,27.80701644502314,13.433302834185993,0.9894317181901721,0.031569362383519664,0.4591276041666667,0.089583057074559,1.299865961074829
ring_bidir,0.1,20.0,2,-0.05877269843543618,27.133830515694058,10.749732356746113,0.9891351341237157,0.030253588768487775,0.43510091145833335,0.08343146189664677,3.498204469680786
ring_bidir,0.1,21.0,8,-0.06525715016166864,27.859986156899623,11.414909040940778,0.9904644717015224,0.03323120000974325,0.4508561197916667,0.08697311830792051,1.2960803508758545
ring_bidir,0.1,20.0,4,-0.06571080179768009,26.36240649050879,12.43862886468261,0.9870921848318558,0.03226353631529245,0.43496419270833336,0.08153484811305205,3.5979549884796143
ring_bidir,0.1,20.0,1,-0.07571812596095291,26.013783957377868,10.424662603950283,0.9810059688365719,0.02516905476980743,0.4427799479166667,0.08205008142830782,3.9007043838500977
ring_bidir,0.1,22.0,0,-0.10938449158658914,27.88548790502669,12.419913372090525,0.9916436734180372,0.03106939052389277,0.46323567708333335,0.09170102120497918,1.342792272567749
ring_bidir,0.1,22.0,1,-0.09800452661610934,28.408076756632777,12.389532116936104,0.985812000334755,0.028716471220744937,0.4524869791666667,0.08810384399153462,1.4072926044464111
ring_bidir,0.1,20.0,5,-0.06754070211560385,26.502903282916126,12.247499131452113,0.9895092308909614,0.028568369480036705,0.437919921875,0.08156684628885837,3.8402910232543945
ring_bidir,0.1,21.0,9,-0.08205938796099342,26.719499799659346,9.228566860092904,0.9810405023048644,0.030304803400361364,0.4558268229166667,0.08784383137850324,1.5389635562896729
ring_bidir,0.1,20.0,3,-0.07437328653325923,25.742941704045485,11.441403025560904,0.9925754439178954,0.030195415147846606,0.4348893229166667,0.08134208114094264,4.114761829376221
ring_bidir,0.1,22.0,2,-0.09826226171163796,29.07480541331894,12.73406736209397,0.9932573063865724,0.03293673794341029,0.45142578125000005,0.0895674057762975,1.6789579391479492
ring_bidir,0.1,22.0,3,-0.05101969085088423,28.488983126896755,13.104593940623902,0.9902490355791246,0.02947925039273177,0.442685546875,0.08562802934113055,1.5701079368591309
ring_bidir,0.1,22.0,6,-0.1203290019269442,27.978164468478298,13.38355228527257,0.9916611335060501,0.03141006423540508,0.46110677083333335,0.09119965261772751,1.4249682426452637
ring_bidir,0.1,22.0,5,-0.0798527099972745,28.750760284351394,6.629071707282277,0.9691341205948344,0.031176989091792288,0.45534505208333337,0.09035719380723632,1.56709885597229
ring_bidir,0.1,22.0,8,-0.07370228991479243,29.142873534306773,13.188094477597996,0.9890314430900767,0.03378545013259444,0.46215494791666667,0.09119264469776578,1.3460533618927002
ring_bidir,0.1,22.0,4,-0.07680854969045917,27.815635862584383,10.57853182511297,0.9764275648607488,0.034929986232791706,0.44798828125,0.08882515901188133,1.6175494194030762
ring_bidir,0.1,23.0,0,-0.1069104631241319,29.42741314053386,13.507002287222772,0.9918254868567777,0.03017177238885159,0.4754947916666667,0.09628508151441947,1.4793171882629395
ring_bidir,0.1,22.0,7,-0.1127547694434593,28.410580276926478,12.803760358724457,0.9897827442077016,0.032124006024046525,0.46825846354166667,0.09404249597832413,1.7086458206176758
ring_bidir,0.1,22.0,9,-0.08546920241992431,28.23747610961171,11.736239615757727,0.9917788115829478,0.030820433139730024,0.4664518229166667,0.09217220177716125,1.5491962432861328
ring_bidir,0.1,23.0,2,-0.08987598063715035,30.5139641400306,13.221629747890283,0.9926299936471924,0.03300152117968004,0.46284179687500004,0.09347219419563,1.4276354312896729
ring_bidir,0.1,23.0,1,-0.08828657978956005,29.791661464838114,14.225892568604216,0.9854862625452109,0.02973962281422946,0.45971354166666667,0.09213376368971855,1.5095648765563965
ring_bidir,0.1,23.0,4,-0.08919323005668947,29.481949612402396,10.687302010517506,0.9850078124366688,0.03545144825223879,0.46241210937500005,0.09358920736952422,1.4996569156646729
ring_bidir,0.1,23.0,7,-0.12958474608113912,29.653932204881542,13.048696911799121,0.986969832159287,0.031748922393304076,0.47428059895833335,0.09675332689170946,1.3652143478393555
ring_bidir,0.1,23.0,3,-0.056662287085768766,29.62547646157133,11.242377078297311,0.9889700739374465,0.032008146673568764,0.44938802083333335,0.08877899607809005,1.6351866722106934
ring_bidir,0.1,23.0,5,-0.08147162973635344,30.061698285877053,8.03723281761214,0.963732100385532,0.03284811660656022,0.46171223958333335,0.09383776248178698,1.4810726642608643
ring_bidir,0.1,23.0,6,-0.09912560556815574,29.661380216223623,10.03358140561383,0.9442079065288921,0.032586153740518244,0.46947265625,0.09541416492797934,1.5453517436981201
ring_bidir,0.1,24.0,0,-0.10901792989398548,30.694554873234665,12.91535164309416,0.9916791971350355,0.03229669172097411,0.48619466145833334,0.0986693761578376,1.2349450588226318
ring_bidir,0.1,23.0,8,-0.10230718362800298,30.071979613159613,11.892924457274408,0.98805247216484,0.03399540051160535,0.47829101562500004,0.09589794836265433,1.5818064212799072
ring_bidir,0.1,23.0,9,-0.09311986111486621,29.55296174084052,12.067104545061865,0.992710414489432,0.032135264782744755,0.47749023437500004,0.09630972776178483,1.3595075607299805
ring_bidir,0.1,24.0,2,-0.08326743487504186,31.36491992153788,11.244494844507171,0.9908722666815145,0.03493612346550673,0.47706054687500005,0.0968344056593933,1.2793335914611816
ring_bidir,0.1,24.0,1,-0.10279431163831987,30.980582584408015,12.749050807533834,0.9847459123451382,0.03020583152465723,0.4708919270833334,0.09574302698322823,1.3917872905731201
ring_bidir,0.1,24.0,5,-0.07835202194959501,30.77957924621115,9.18287917204763,0.9707854412948083,0.03346001262092414,0.475927734375,0.09752095887019153,1.2264623641967773
ring_bidir,0.1,24.0,6,-0.05100168519913071,31.240850114619402,14.752503418472738,0.9909879034059185,0.03407238281381974,0.4825390625,0.09902111144609833,1.2796106338500977
ring_bidir,0.1,24.0,3,-0.07657700721801658,31.137170707918333,12.485068767396912,0.9905386802960502,0.03275189245781508,0.46196940104166667,0.09259222686974353,1.6208274364471436
ring_bidir,0.1,24.0,4,-0.08999172875390227,30.674078980504945,11.309685579627047,0.9827089005000731,0.036223729330685274,0.48177734375000003,0.09800281666335298,1.4711370468139648
ring_bidir,0.1,24.0,8,-0.09054012821662935,31.08320208690762,11.555197577694578,0.9891649617736934,0.03514170831143145,0.4865625,0.09802466570099977,1.1906616687774658
ring_bidir,0.1,24.0,7,-0.09877877080415703,31.219683635965758,13.567528475707853,0.990851687050575,0.03457970184806154,0.4910384114583334,0.10082192897482667,1.351764440536499
ring_bidir,0.1,24.0,9,-0.10553479022867239,30.69508624132973,9.986396645892247,0.9895046031741553,0.033138520485835064,0.4911979166666667,0.09985614274441623,1.1953885555267334
ring_bidir,0.1,25.0,0,-0.11337743334859703,31.852827421413078,9.671398331440935,0.9795998455237258,0.03485967058434856,0.5086165364583334,0.10228229560516879,1.270350456237793
ring_bidir,0.1,25.0,1,-0.07231255524708959,31.96715320117728,13.67200356839912,0.9834540825860484,0.03145491102797118,0.48784505208333334,0.0990562919237196,1.2974050045013428
ring_bidir,0.1,25.0,2,-0.044144490280725195,32.28791349019385,10.6141846453644,0.9884639966381192,0.03508506884081579,0.5032421875,0.10148978839842791,1.4470953941345215
ring_bidir,0.1,25.0,6,0.006095612601089715,32.37486633539919,8.537235119425185,0.9604512742043292,0.035319780202938224,0.5011002604166667,0.10230227934418222,1.1584696769714355
ring_bidir,0.1,25.0,3,-0.08457320520062281,32.42629232199836,12.131511164056741,0.9909296007467927,0.03486012865526769,0.476982421875,0.09594353625017714,1.667564868927002
ring_bidir,0.1,25.0,7,-0.09311595423287045,32.042911770182485,14.036921604706214,0.9909403750176394,0.035478563973289017,0.5112825520833334,0.1039840558903105,1.3588676452636719
ring_bidir,0.1,25.0,4,-0.08753112544643418,31.78185231323942,13.357765636386125,0.9887604146404155,0.03692344374213853,0.5009147135416667,0.10128501330035117,1.4776091575622559
ring_bidir,0.1,25.0,5,-0.037535527920693944,31.88589161147942,8.82426034626055,0.9469969418199853,0.033357708172284346,0.4874674479166667,0.09956066963598244,1.5119733810424805
ring_bidir,0.1,25.0,9,-0.10125489557566059,31.869840537454643,10.554133146815115,0.9855635858518174,0.03395158526713342,0.510205078125,0.10296662087548754,1.2935996055603027
ring_bidir,0.1,26.0,0,-0.10535675794270925,32.17540209050359,11.552261098887447,0.9911172272097792,0.03624348053534887,0.53345703125,0.10554089592513233,1.2365703582763672
ring_bidir,0.1,25.0,8,-0.07024960774888918,32.31948391386252,12.252240077996602,0.987388648633763,0.03612235816835682,0.50072265625,0.10069393206565472,1.5263481140136719
ring_bidir,0.1,26.0,3,-0.06947203546991672,32.478002059760556,11.941713275315308,0.9869477534008569,0.036337385013117396,0.49418294270833335,0.09867498832833546,1.2480952739715576
ring_bidir,0.1,26.0,1,-0.021183739079848714,32.4336967816202,13.46182961012888,0.9817648633849348,0.03237260747659088,0.5088118489583333,0.10197276282859026,1.3314502239227295
ring_bidir,0.1,26.0,2,-0.028258010251719146,32.84882336388489,12.813613993316494,0.9907682315503079,0.035212166156382764,0.5241438802083334,0.10369233712714632,1.5560758113861084
ring_bidir,0.1,26.0,5,-0.0005494216290226737,32.767519688826354,12.14823188220769,0.9766734923830483,0.03373077205975582,0.5044889322916667,0.10226317528053987,1.4334838390350342
ring_bidir,0.1,26.0,4,-0.09228776013267384,32.501283424013295,12.94981666171018,0.9879639780395303,0.03672869879282417,0.5214485677083334,0.10401157290043793,1.5207788944244385
ring_bidir,0.1,26.0,6,0.06966585940130474,32.83151132475184,12.966643439049435,0.990627134351376,0.036522252305935414,0.5213964843750001,0.10474431978292872,1.4245927333831787
ring_bidir,0.1,26.0,8,-0.024205553455852014,33.26762172418699,11.841689775300186,0.9866857749415132,0.038619110336168126,0.5077506510416667,0.10095200452551625,1.2060799598693848
ring_bidir,0.1,26.0,7,-0.08190191934513653,32.83667459584442,14.498748508320809,0.9903385111676456,0.035327742788346474,0.5342415364583334,0.1066249024930713,1.3963463306427002
ring_bidir,0.1,26.0,9,-0.08829115418484731,32.32087925517001,13.637267016295004,0.9803037599321464,0.034771743063782834,0.5313736979166667,0.10538247010570491,1.2568929195404053
ring_bidir,0.1,27.0,0,-0.07314010227485851,32.96437473438133,12.870929710343923,0.9889684876320258,0.037084620448714224,0.5482714843750001,0.10643350742711648,1.4489169120788574
ring_bidir,0.1,27.0,3,-0.01194657551267127,32.5281831010765,10.351927911186877,0.985815913101063,0.03693921657305723,0.5116373697916667,0.10060666148826465,1.2884094715118408
ring_bidir,0.1,27.0,1,0.02117375050862904,33.0880733111019,13.481177746154305,0.9819338351401289,0.03322382629944611,0.5320670572916667,0.1043289994531646,1.507544755935669
ring_bidir,0.1,27.0,2,0.009793105214057848,33.14057632275318,11.47812116676853,0.9880171477777906,0.03681864811906571,0.5475390625000001,0.10605467968041792,1.515575647354126
ring_bidir,0.1,27.0,6,0.03813043102038538,33.27399848815305,13.460213778566816,0.9883655168606399,0.037215519234712405,0.5454557291666667,0.10720785016765626,1.272467851638794
ring_bidir,0.1,27.0,4,-0.07415081140690007,33.179879055728634,11.057461533110459,0.9852533478735357,0.038506967499785286,0.543837890625,0.10601152004003246,1.4480373859405518
ring_bidir,0.1,27.0,7,-0.05422880537307337,32.99016823246929,14.906862898067468,0.9873431865401188,0.03630048183436089,0.5599186197916667,0.10863729141787419,1.2754323482513428
ring_bidir,0.1,27.0,5,0.050169546360701416,33.569791488322586,14.200674694335298,0.9862860299085774,0.034388888974745166,0.5241992187500001,0.10427181395583698,1.4425122737884521
ring_bidir,0.1,27.0,8,-0.0002506247538930584,33.372363864851266,11.997240977021265,0.9867793437809839,0.038923436932334195,0.5285026041666667,0.10336109433920061,1.4482033252716064
ring_bidir,0.1,28.0,0,-0.02519214728840994,33.15124558513,11.829460383166234,0.9876030217304362,0.03870387222426945,0.5590071614583334,0.10593574097943441,1.1479692459106445
ring_bidir,0.1,27.0,9,-0.05348759600518939,33.01045974864081,12.883759192662305,0.9890458863138158,0.034688454531645346,0.5499641927083334,0.1071050984597238,1.372981071472168
ring_bidir,0.1,28.0,1,0.06006539078023451,33.05254826882001,12.668030044654252,0.9799849917576514,0.033536314340502596,0.5558951822916667,0.10625589340012463,1.3949215412139893
ring_bidir,0.1,28.0,2,0.03239267585270349,32.974256615449214,10.912325123806042,0.9817298934523832,0.03773199761709746,0.566630859375,0.10732233032328976,1.3792297840118408
ring_bidir,0.1,28.0,4,-0.04484133402702484,33.72653593068451,11.037339014876613,0.981147745795453,0.03897113253035153,0.56634765625,0.10766657077391074,1.358668327331543
ring_bidir,0.1,28.0,5,0.08367303070927384,34.28619989291421,13.077952959059084,0.97726865337141,0.034832096850178365,0.5500130208333334,0.10664345177647655,1.2722363471984863
ring_bidir,0.1,28.0,3,0.025789154605916822,33.21516586629234,11.754920431861974,0.9872052261461125,0.037140862401808736,0.5334049479166667,0.10266731109163192,1.5727088451385498
ring_bidir,0.1,28.0,6,0.07200553359792977,33.75557239410909,14.061576376374363,0.9856946938536456,0.038352663612175826,0.5700260416666667,0.10912799536187794,1.2491135597229004
ring_bidir,0.1,28.0,7,-0.02772210197568271,33.250323694919985,14.209198330575198,0.9839474461355446,0.03740256647124407,0.5843522135416667,0.1102315513980747,1.3398241996765137
ring_bidir,0.1,29.0,0,0.011714904621021345,32.86378092627326,11.489091796328996,0.9858269147339686,0.03890853951702509,0.5916634114583333,0.10921226054392864,1.3402583599090576
ring_bidir,0.1,29.0,3,0.062155207465859244,33.19637525629869,11.835218054202304,0.9842110403518156,0.037198325573265884,0.5535253906250001,0.10360014082990944,1.3175132274627686
ring_bidir,0.1,28.0,9,-0.020412266342960356,33.138222144119204,11.843890443399454,0.9848499709211933,0.03479802957349845,0.5694303385416667,0.10861696141196282,1.3663578033447266
ring_bidir,0.1,29.0,4,-0.008652889715432634,34.092700567155546,13.00802405860285,0.9816143978314781,0.03925174191091564,0.585390625,0.10861479153699319,1.3313257694244385
ring_bidir,0.1,28.0,8,0.026713430285896626,33.69653268040633,11.853461874076723,0.9861084184474324,0.038460361680380625,0.555263671875,0.10626561380840308,1.5996806621551514
ring_bidir,0.1,29.0,2,0.08518535981209642,33.355058817333266,11.142882277566642,0.9756229798018148,0.03822871681032427,0.5841048177083333,0.10824383131364329,1.5589265823364258
ring_bidir,0.1,29.0,1,0.09996371758625139,33.52676418251708,12.180790371653154,0.9757905115321835,0.033918890144806355,0.5787662760416667,0.10763279644058356,1.7254359722137451
ring_bidir,0.1,29.0,5,0.09167266334593037,34.36780080812611,13.723564074706037,0.9809144185523441,0.03634105097432801,0.577861328125,0.10888067955412363,1.4322175979614258
ring_bidir,0.1,29.0,7,0.028888416179191315,33.24621736407333,12.503845421501827,0.980209516860418,0.03735468174384058,0.6023079427083333,0.11118172485715846,1.3825819492340088
ring_bidir,0.1,29.0,9,0.016966277077475885,33.75203041237988,10.481293675799249,0.9739204517534588,0.036778700472244734,0.5940885416666667,0.11063986046683177,1.4384925365447998
ring_bidir,0.1,29.0,6,0.09562996505206907,33.48302644966992,13.732403152941082,0.9813701391710744,0.03850082980474865,0.5911979166666667,0.11009206473180172,1.6901650428771973
ring_bidir,0.1,30.0,0,0.05511963733194937,33.13484952439577,9.788068122743777,0.9800831738672461,0.0388623612519517,0.5982649739583333,0.10851270398108119,1.3577463626861572
ring_bidir,0.1,29.0,8,0.05611263683471173,33.78294799191832,8.30338678950389,0.8602439376263322,0.03766576254719247,0.571015625,0.10657719567491113,1.5833899974822998
ring_bidir,0.1,30.0,2,0.12508089806381362,33.552720300682346,11.273849671606365,0.9757292973914107,0.03790702541586709,0.60791015625,0.1101610217826131,1.5179977416992188
ring_bidir,0.1,30.0,6,0.12986952695706355,33.4378820109193,12.058534474496062,0.9790768514105168,0.039039600690096134,0.6119303385416667,0.11092947012644568,1.315788984298706
ring_bidir,0.1,30.0,1,0.11536138692428376,33.31299641594862,11.518786698978133,0.973022636175835,0.034316104553292634,0.6015104166666667,0.10889503466600012,2.121028423309326
ring_bidir,0.1,30.0,4,0.027988346106774305,33.7892792801739,10.117002327145523,0.9696730104966209,0.039118423601406674,0.606689453125,0.10982483971767162,1.6664950847625732
ring_bidir,0.1,30.0,3,0.08392102850052167,32.93516611936792,10.192475722020653,0.9729440087195808,0.037390221070478694,0.57603515625,0.10477131392583545,1.8249523639678955
ring_bidir,0.1,30.0,5,0.12679832321566553,34.005788053295284,10.549946791040776,0.9151917375031702,0.03652009798560097,0.6115494791666667,0.11178284329983666,1.6923367977142334
ring_bidir,0.1,30.0,9,0.046193688531588076,33.65062463445206,9.950375892717888,0.9703694836827131,0.036499708963149455,0.6047786458333334,0.11072498874978733,1.451909065246582
ring_bidir,0.1,30.0,7,0.06584229632508075,32.786583038116746,8.476914407440912,0.8851247969818409,0.03800866863335193,0.6234147135416667,0.11217736108675011,1.5990674495697021
ring_bidir,0.1,30.0,8,0.08796467415000836,33.69912328527068,9.524203584146862,0.9691343960179758,0.03780722767275458,0.5906705729166667,0.10739935667236024,1.5911245346069336
ring_bidir,0.1,40.0,1,0.3172969686093532,31.375370855518884,5.9124366248468485,0.9085990465215672,0.036650709627088184,0.7361295572916667,0.11295770539193188,1.7230503559112549
ring_bidir,0.1,40.0,0,0.29798654691092646,31.821348440358307,5.460156368619258,0.874392633174229,0.042002768977185474,0.720693359375,0.11036557499973824,1.7362520694732666
ring_bidir,0.1,40.0,5,0.3068081939770849,31.848038473785124,4.515442138691521,0.8277778431267221,0.03960475760667686,0.7334309895833334,0.11357620772627065,1.651282548904419
ring_bidir,0.1,40.0,2,0.30769793930763006,32.14153469920527,5.192719000155656,0.842668791219584,0.03999522964434254,0.7222623697916667,0.1133137220088943,1.8747127056121826
ring_bidir,0.1,40.0,6,0.3501771909984848,31.18799143753243,6.202731230773426,0.9193426429692029,0.040689652542829385,0.7334537760416667,0.11394706180454153,1.6905517578125
ring_bidir,0.1,40.0,4,0.32015718188365505,32.14118869793905,6.606456738686532,0.9163704443727191,0.03731981472997795,0.7261393229166667,0.11182634260776816,1.8738391399383545
ring_bidir,0.1,40.0,3,0.31360391055125547,30.898098682929717,5.754007843829595,0.9234008329799355,0.038861817795675345,0.7177018229166667,0.11024015964463924,1.9077017307281494
ring_bidir,0.1,40.0,8,0.28346826333916175,30.926883264077183,5.908054536098183,0.928879093838154,0.03928933010650828,0.738271484375,0.114135900081496,1.3592631816864014
ring_bidir,0.1,40.0,7,0.29471979455674996,31.555464274595888,6.0550814069473144,0.8954121671560396,0.04101109382015103,0.7351985677083334,0.1141275523331784,1.5301384925842285
ring_bidir,0.1,40.0,9,0.297687496660328,32.241458813113816,4.795170240209874,0.8865868297660143,0.037086434223098964,0.7181412760416667,0.11112693440645455,1.423067569732666
ring_bidir,0.2,15.0,3,-0.019928068212297232,22.5540865045852,6.538962653250173,0.9882693634021449,0.025727620266289015,0.207333984375,0.056972500741864544,1.3712737560272217
ring_bidir,0.2,15.0,1,-0.011934315736985099,23.42774875530889,10.020256519323045,0.9830409928318313,0.023296793006735986,0.21351888020833334,0.05717754981119999,1.451817274093628
ring_bidir,0.2,15.0,5,-0.016896309947525293,24.331114722370504,10.642701305523637,0.9849816301746375,0.02641394291560836,0.21656250000000002,0.05738241138575782,1.5014045238494873
ring_bidir,0.2,15.0,0,-0.016260923390863297,22.936394005592977,9.382562047626887,0.9884714731323007,0.027705531158998906,0.19473632812500002,0.055902332361075266,1.7053568363189697
ring_bidir,0.2,15.0,2,-0.019216956090622402,22.53231765185265,8.808147391159416,0.9877066212450597,0.02422101354946793,0.23718750000000002,0.05928004562577086,1.6894748210906982
ring_bidir,0.2,15.0,4,-0.009398427716462533,22.82539630461489,8.907623363978585,0.9830367713673852,0.024409402848267866,0.22501627604166669,0.05837878784915466,1.6189923286437988
ring_bidir,0.2,15.0,6,-0.010385995927719669,24.014022459277886,9.121486870503642,0.9777274691345027,0.026093008750711483,0.22659505208333336,0.0579084679068883,1.5170190334320068
ring_bidir,0.2,15.0,7,-0.02534101001665316,25.145728403177348,5.359998825981977,0.98311463950364,0.02601847295348339,0.21464518229166668,0.056972297938767194,1.5382771492004395
ring_bidir,0.2,15.0,8,-0.01844668006791127,24.156433290031206,10.899712326448233,0.9878116273956904,0.023253119830964456,0.22287434895833336,0.057583876178053675,1.3616697788238525
ring_bidir,0.2,20.0,0,-0.07976622361608714,24.53227392199099,11.92639448962755,0.9915374120391067,0.03026397358893422,0.45388997395833336,0.08492742622327731,1.4554071426391602
ring_bidir,0.2,15.0,9,-0.009635992877426725,23.652895782056458,8.99675149388785,0.9920614520247488,0.024365024232432687,0.20032877604166668,0.05572546623492676,1.6039047241210938
ring_bidir,0.2,20.0,3,-0.06698400025805783,26.448127018068902,11.553398463615936,0.9882083327092536,0.028292582051732035,0.42997395833333335,0.08027198209527221,1.4497687816619873
ring_bidir,0.2,20.0,1,-0.0636774884021878,25.842209230123494,12.278315089126039,0.9837615867331576,0.025130541242952494,0.44637695312500003,0.08325356776344944,1.5190069675445557
ring_bidir,0.2,20.0,2,-0.07216272459543517,26.16607330434782,12.131066858920956,0.9921353846198152,0.03204791223176179,0.44142578125000004,0.08414058819986096,1.5431180000305176
ring_bidir,0.2,20.0,4,-0.07617976480360283,26.023083395019377,13.286616912181058,0.9868195850826184,0.03156587140950793,0.4448014322916667,0.08412511286796341,1.5848896503448486
ring_bidir,0.2,20.0,6,-0.07279441821681412,26.027853013125025,12.202063825941863,0.9908295283113981,0.02881321698777751,0.4332942708333334,0.08176129733622908,1.3594295978546143
ring_bidir,0.2,20.0,5,-0.07153205922437078,25.994395095248002,11.816980568223364,0.9901042147016257,0.028708058552200048,0.4445279947916667,0.08294570139777184,1.4592549800872803
ring_bidir,0.2,20.0,7,-0.08396594343941488,25.452369704512297,13.055891810584827,0.9906344378694525,0.029014879744863182,0.46264322916666667,0.08771535917686257,1.6652114391326904
ring_bidir,0.2,21.0,0,-0.0743242018861058,26.186344949279057,12.711722171808496,0.9919307115267073,0.029484952251642594,0.4583268229166667,0.08848708150174925,1.492419719696045
ring_bidir,0.2,20.0,9,-0.0510628075932261,24.239138068728217,11.945884676094193,0.9915835789484385,0.02575921896800665,0.4536490885416667,0.08559887450367383,1.5206878185272217
ring_bidir,0.2,20.0,8,-0.05565038881140745,26.38916339802488,13.3792103366466,0.9920259334621184,0.029544057432093717,0.4486490885416667,0.08493991624903752,1.7392148971557617
ring_bidir,0.2,21.0,3,-0.06728279009818873,27.484766275948946,13.047354156485758,0.9910959044682619,0.029773213848762074,0.43601888020833335,0.08325741017948879,1.3573267459869385
ring_bidir,0.2,21.0,2,-0.07530557701435009,27.61177681557719,8.428415604135557,0.9906685000385774,0.03198117766990452,0.4522102864583334,0.08950882290566702,1.3505394458770752
ring_bidir,0.2,21.0,1,-0.0831281843477004,26.805410434224036,12.932609799373822,0.9807146222455384,0.026926863209101634,0.45598958333333334,0.08785277792082925,1.7354705333709717
ring_bidir,0.2,21.0,4,-0.08565535738538407,26.527044809232656,14.004465113753245,0.9869415205262771,0.03162814845860841,0.4553873697916667,0.0888413007008286,1.5979809761047363
ring_bidir,0.2,21.0,6,-0.09496278130907841,27.127639604628968,12.51511570739744,0.9907944094721858,0.02990743943702841,0.4441764322916667,0.08625418019029038,1.3589110374450684
ring_bidir,0.2,21.0,7,-0.09620504350093127,26.77770016028053,13.897963827382245,0.9901487868214965,0.029481609007171172,0.4652278645833334,0.09135828327022258,1.3212080001831055
ring_bidir,0.2,21.0,8,-0.1153690776854913,26.919491763985715,12.773667011981987,0.9914070495981389,0.029745822259999714,0.4555436197916667,0.08846977447603988,1.323960542678833
ring_bidir,0.2,21.0,9,-0.1459012862430185,25.246196507429534,12.863132711857677,0.9918312685322417,0.0268415623382013,0.4631803385416667,0.09035169370289996,1.4414067268371582
ring_bidir,0.2,22.0,0,-0.06026189263746492,27.598967537081002,13.597258160990142,0.9911730178393551,0.030175413574421366,0.45661132812500005,0.09114566115078296,1.3090541362762451
ring_bidir,0.2,21.0,5,-0.09568664012386074,27.619431437900076,12.059831365255084,0.9897611392925469,0.02903945735237183,0.4499055989583334,0.08706891725154062,1.7020900249481201
ring_bidir,0.2,22.0,2,-0.08753974659496692,28.368305425989057,11.706728082821225,0.9922728984371514,0.03318234194534102,0.4589388020833334,0.09452700387910522,1.3598911762237549
ring_bidir,0.2,22.0,1,-0.10117460148562675,27.871384953526796,12.672037734837783,0.9850497128585768,0.027054742379850824,0.4573111979166667,0.09106956562523946,1.7664809226989746
ring_bidir,0.2,22.0,3,-0.05540110829431424,28.20719494921885,14.957436086167506,0.9880498131271879,0.030443315337542895,0.443662109375,0.0875953521377093,1.4211983680725098
ring_bidir,0.2,22.0,4,-0.08522474917352271,27.889228002127116,10.663145216376195,0.9859431614168848,0.031915761339550444,0.4514290364583334,0.09085941482535975,1.3833889961242676
ring_bidir,0.2,22.0,7,-0.08850417273287674,28.195116146358153,13.083646186050496,0.9900130554975456,0.03043153278232605,0.4675423177083334,0.09566710102234639,1.2771937847137451
ring_bidir,0.2,22.0,5,-0.09867289233778263,28.81049223868088,8.225915980048327,0.98158229223722,0.03062984665234314,0.451767578125,0.09067932725966323,1.4488162994384766
ring_bidir,0.2,22.0,9,-0.1396261118010275,26.832392106213433,13.266629050094446,0.9914236333701035,0.02782726027845777,0.4638932291666667,0.09382295051256197,1.2751452922821045
ring_bidir,0.2,22.0,8,-0.09653183228725001,27.693641255931848,12.865780715116726,0.9924217322521031,0.03210445098162879,0.4590592447916667,0.09297252736400542,1.4942052364349365
ring_bidir,0.2,23.0,0,-0.06359904168796399,28.924374528950796,14.770998782274567,0.9915333519005944,0.03372754489390085,0.457255859375,0.09468561097347448,1.2397220134735107
ring_bidir,0.2,22.0,6,-0.09259835609013933,27.896868306338032,14.859140103007494,0.9916675026931119,0.03072657721509541,0.4509635416666667,0.09075301054260343,1.6601366996765137
ring_bidir,0.2,23.0,3,-0.06956062102975578,29.535028285559683,11.48578487185296,0.9849298246590131,0.03136083300266912,0.44847005208333335,0.09205086110541101,1.2666082382202148
ring_bidir,0.2,23.0,2,-0.09422824021538617,30.047707584431784,15.122894911694628,0.9922825989812224,0.0332432207438635,0.46096679687500003,0.09871053444410403,1.2784111499786377
ring_bidir,0.2,23.0,4,-0.09106324961342806,28.45220311315691,11.981042032774429,0.9637903874867184,0.029816509922194128,0.4567057291666667,0.09512492522751453,1.2164287567138672
ring_bidir,0.2,23.0,1,-0.10801944411247956,29.194801476968415,14.873780345349948,0.9834253106957694,0.029151822466383075,0.4607096354166667,0.09562576030766647,1.4468512535095215
ring_bidir,0.2,23.0,6,-0.09045095244708388,29.17646486167539,11.115878190823242,0.9400711506201276,0.03081840426322371,0.4544173177083334,0.09560494583207178,1.530029535293579
ring_bidir,0.2,23.0,5,-0.08788703448058478,29.35886605381284,11.60274594752012,0.9882009039640478,0.032212499706925725,0.45514648437500005,0.09498138550535938,1.691528081893921
ring_bidir,0.2,23.0,7,-0.09343955972454422,29.26075467361744,13.295315546112043,0.9895287480567114,0.03333663571717487,0.46822591145833337,0.09967164495658905,1.5138261318206787
ring_bidir,0.2,24.0,1,-0.08948775474832159,30.42482790161087,14.681987537572084,0.9844839369149179,0.030564696938311115,0.462939453125,0.1002854760670256,1.3061537742614746
ring_bidir,0.2,23.0,9,-0.0976342446670192,28.662388411249545,12.315281216639114,0.9899528095832364,0.029065136485241932,0.46737304687500003,0.09869070461656339,1.4516234397888184
ring_bidir,0.2,24.0,2,-0.09493795127919402,31.575695101573825,15.078545844128033,0.9915396127745915,0.033203321986087754,0.46121093750000003,0.10278882165569182,1.362222671508789
ring_bidir,0.2,24.0,0,-0.06388663524082296,30.241187035148027,14.705754918493678,0.9904003118787836,0.037886032627824376,0.45894856770833337,0.09911019520200143,1.532602310180664
ring_bidir,0.2,24.0,3,-0.06795082602003631,30.95289260261833,8.382904197894398,0.9775935902861971,0.03225210549413376,0.4481608072916667,0.09521230073922317,1.3848369121551514
ring_bidir,0.2,23.0,8,-0.1107325905068405,29.42435261275742,14.277204053791746,0.9917507262051903,0.0324706688845828,0.4612662760416667,0.09724035204806303,1.6475403308868408
ring_bidir,0.2,24.0,4,-0.09115851133587614,30.2808044653494,13.287392261404403,0.9880158401349319,0.029871075894715295,0.45849609375000006,0.10002578772807941,1.3252191543579102
ring_bidir,0.2,24.0,5,-0.06348639599045873,30.396097648426856,12.271754940190654,0.9872785231472248,0.03190256509943627,0.45283203125000004,0.09793961062748152,1.4395220279693604
ring_bidir,0.2,24.0,7,-0.10665760331900823,30.742898526399856,15.094529531934764,0.991094944089031,0.034250488935156656,0.4673502604166667,0.10367916723957883,1.3447721004486084
ring_bidir,0.2,24.0,6,-0.10794280314867864,30.213170506724932,17.167660447871462,0.9909008482242687,0.031979628778330944,0.45708658854166667,0.10014360252974583,1.3755173683166504
ring_bidir,0.2,24.0,8,-0.09929776513087009,30.376741916657505,14.678657127074352,0.9917831727300414,0.033956576207363365,0.4628678385416667,0.10182319018854005,1.531001329421997
ring_bidir,0.2,24.0,9,-0.09021392174881125,30.382557257649715,12.212551736057794,0.9883828440740292,0.03107212828249729,0.46899414062500006,0.103180215796031,1.5203471183776855
ring_bidir,0.2,25.0,1,-0.07558520483547819,31.55912998949275,15.685540570081637,0.9841995942282115,0.032128065040666794,0.4645182291666667,0.10500210439799844,1.3062434196472168
ring_bidir,0.2,25.0,2,-0.10190399993269295,32.91121474175141,16.41798357349564,0.9920763584359679,0.036058263923620826,0.46859700520833336,0.10992443459683382,1.2680723667144775
ring_bidir,0.2,25.0,3,-0.05510817565233953,32.51750682700881,12.464698063854412,0.9748706414239016,0.03307483635252416,0.4540690104166667,0.10103589312753855,1.2505505084991455
ring_bidir,0.2,25.0,0,-0.0946363869377013,31.561550403360503,14.126499434299298,0.990580781025794,0.036276997356717654,0.4616243489583334,0.10417865461044279,1.721656322479248
ring_bidir,0.2,25.0,4,-0.07573937830910032,31.53872781662732,15.103826492369688,0.9865550382297018,0.029514116344011816,0.46019856770833334,0.10484859535100997,1.2764649391174316
ring_bidir,0.2,25.0,5,-0.06754197409850639,31.72723365276693,14.662582396189777,0.9890596158014391,0.03194785878521232,0.450615234375,0.10098620458511809,1.2852685451507568
ring_bidir,0.2,25.0,6,-0.0921373722691717,32.08306533732523,12.257237068525566,0.9794971394705292,0.03385766108198447,0.45875000000000005,0.10514791871624635,1.3715794086456299
ring_bidir,0.2,25.0,9,-0.09268771360053503,32.159988320546645,14.324841415391655,0.9881030079123126,0.03138536730759407,0.4722526041666667,0.10845005374349352,1.262653112411499
ring_bidir,0.2,25.0,8,-0.09019687822690499,32.50571589490835,15.534600553428403,0.991312112532556,0.035187307879093306,0.4650651041666667,0.10698301946756875,1.4131882190704346
ring_bidir,0.2,25.0,7,-0.08896527117236737,31.804840548096642,16.40642987482789,0.9907859605429455,0.034733171971025836,0.4687076822916667,0.1086516356828265,1.4709279537200928
ring_bidir,0.2,26.0,0,-0.08043044420203609,32.48074761159669,15.761933160619346,0.9906554917040119,0.03544161551775311,0.4606412760416667,0.10787552650465783,1.6421186923980713
ring_bidir,0.2,26.0,1,-0.04973454564773016,33.00921257608816,15.595133110495826,0.9818562621858284,0.033982069390441634,0.46570312500000005,0.10971978224378724,1.5459258556365967
ring_bidir,0.2,26.0,3,-0.06193300341666505,33.530440603774686,10.336036100459122,0.9610982075037241,0.03534771550755339,0.4578352864583334,0.10646351848493023,1.5427303314208984
ring_bidir,0.2,26.0,2,-0.08670076591065397,34.094536115440725,16.432456716668213,0.9895936584562164,0.036627646076493485,0.46806640625,0.11445653518598425,1.6389329433441162
ring_bidir,0.2,26.0,4,-0.07608321159431371,32.831076376481974,15.880274305105491,0.9864691625117741,0.03192440610572174,0.46184895833333334,0.10949364636329281,1.4494152069091797
ring_bidir,0.2,26.0,5,-0.07079664809210942,33.19188888718845,17.17629798040661,0.990083640121589,0.03305789948641367,0.4536197916666667,0.10630073804604181,1.3995389938354492
ring_bidir,0.2,26.0,8,-0.07075075649321537,33.79333341509944,17.174867433015944,0.9902858240887464,0.034447916906643956,0.46602539062500004,0.1117012720247067,1.4157755374908447
ring_bidir,0.2,26.0,9,-0.09032299550875077,33.660567959766794,14.860767460172001,0.9840013093595243,0.03329868036323565,0.47411783854166667,0.11408436041400599,1.4955079555511475
ring_bidir,0.2,26.0,6,-0.07464787511237833,32.75589631551456,19.17078386183695,0.9902677224662861,0.035051359366701874,0.46034179687500004,0.10986586016979231,1.639193058013916
ring_bidir,0.2,26.0,7,-0.09323806580280879,32.797220644510396,17.43863543166283,0.990250999788691,0.0359491764717026,0.46940755208333335,0.11367025100222725,1.7060465812683105
ring_bidir,0.2,27.0,0,-0.07859619487822288,33.947970180722855,16.994087080672383,0.9900936243579511,0.037703091752495387,0.46853841145833336,0.11511221586115648,1.5167875289916992
ring_bidir,0.2,27.0,1,-0.040675539684495034,33.855532317168894,17.321708946459964,0.9829546514817383,0.03612655994412345,0.46708333333333335,0.11451367583607891,1.5299420356750488
ring_bidir,0.2,27.0,2,-0.07943233373511696,35.50199282780382,17.82526000322515,0.9890580614229888,0.03849876060158242,0.4734049479166667,0.12115942588928363,1.5834765434265137
ring_bidir,0.2,27.0,3,-0.04706174583953058,34.7197436778686,12.805998774069792,0.9535780813665653,0.036664157980296944,0.45833333333333337,0.11060548390596597,1.5783376693725586
ring_bidir,0.2,27.0,5,-0.06244043382245356,34.25280164994238,14.206003243780149,0.9859120664401751,0.03326076629953518,0.45357747395833337,0.11040013353132218,1.5382475852966309
ring_bidir,0.2,27.0,4,-0.06649152273492352,34.01557733624915,15.551848011634876,0.9816123546961438,0.03539605168989259,0.4632421875,0.1142625090837517,1.7150318622589111
ring_bidir,0.2,27.0,6,-0.0692061535907433,34.56302138680213,12.534432307264998,0.954303004544853,0.037079864905019244,0.4624186197916667,0.1150441065486759,1.6423873901367188
ring_bidir,0.2,27.0,9,-0.08397975141326391,35.10779172822156,17.693360720974038,0.9912562104565625,0.03519760684003866,0.47500000000000003,0.1190986856640055,1.5395894050598145
ring_bidir,0.2,28.0,0,-0.05073544737971019,34.94947067323567,18.45109128774877,0.9892358803585584,0.037371029417266714,0.47051106770833334,0.12026948355099168,1.5252060890197754
ring_bidir,0.2,28.0,1,-0.05216267706531288,35.18270373037374,17.924504728816533,0.9803953076724552,0.038993950630678655,0.4696744791666667,0.11994683807694521,1.5267658233642578
ring_bidir,0.2,27.0,7,-0.06818706263110239,34.36053173233849,18.032865276441456,0.9898534236343405,0.03711244037716864,0.4703873697916667,0.118775241131148,1.6826629638671875
ring_bidir,0.2,27.0,8,-0.06208048737193501,35.41943407850564,18.601366694247183,0.9884659014404321,0.03553065404263036,0.4685221354166667,0.11702293903077213,1.7835640907287598
ring_bidir,0.2,28.0,3,-0.05038629487024897,35.72801180320492,11.723335637620782,0.9598728514359057,0.038004487000344145,0.4637565104166667,0.11672590867667164,1.6795413494110107
ring_bidir,0.2,28.0,2,-0.0681102755112184,36.50730452935131,18.018148311856578,0.9835432911710686,0.039916732619926086,0.4728873697916667,0.12527391939862187,1.8168857097625732
ring_bidir,0.2,28.0,5,-0.05159744295210535,35.65546853459845,19.237888704188176,0.9888044261393574,0.035205314438774414,0.46188802083333336,0.11797468122344562,1.644850254058838
ring_bidir,0.2,28.0,7,-0.05183519248121737,35.292071121490366,19.628610678066142,0.9841568264666374,0.038898758395134486,0.47166015625,0.1238823596722092,1.523404598236084
ring_bidir,0.2,28.0,4,-0.05257469216396227,35.02775726984172,15.451188914545158,0.9768386509696882,0.0378151406344166,0.4679264322916667,0.12058913513667442,1.842599630355835
ring_bidir,0.2,28.0,6,-0.04446819932943666,35.717643571067974,20.151297443132396,0.9873147211081877,0.037717398153364536,0.46703776041666667,0.12126418892941614,1.7716867923736572
ring_bidir,0.2,28.0,8,-0.04560725403695404,36.60379198477086,16.80987708732523,0.9789449017328192,0.04157516932001455,0.47311848958333336,0.12369713792157425,1.5359652042388916
ring_bidir,0.2,28.0,9,-0.06848183822447391,36.04990502566557,19.626487800520486,0.9915071015703275,0.037599969805773764,0.4759700520833334,0.12410154748115745,1.5116755962371826
ring_bidir,0.2,29.0,0,-0.047884975038346995,35.94181586412911,18.139391530715766,0.987168939421171,0.044101688288162855,0.4763639322916667,0.12639103648176553,1.406451940536499
ring_bidir,0.2,29.0,1,-0.009926542917323875,35.83573409071055,17.970173509507486,0.9780655269896265,0.04180503234577952,0.4715201822916667,0.12464227491687027,1.4148333072662354
ring_bidir,0.2,29.0,2,-0.04359801730571033,37.14077860987933,12.28896775326156,0.9415991009577369,0.04170143471748881,0.4765201822916667,0.1304833285522761,1.5335469245910645
ring_bidir,0.2,29.0,4,-0.035977046967269784,36.15667016258575,16.12651699475146,0.9559473625067304,0.04030910602694883,0.46615559895833336,0.1241341557453562,1.6238477230072021
ring_bidir,0.2,29.0,7,-0.038389874014168025,36.203957427355476,15.437988156845432,0.9527688241682662,0.0406889834032936,0.474970703125,0.1293608589684579,1.5756220817565918
ring_bidir,0.2,29.0,6,-0.03774154304726075,36.475389812588254,20.89116872706033,0.9862596919921717,0.03929019177858689,0.469033203125,0.12611113943821295,1.7259984016418457
ring_bidir,0.2,29.0,3,-0.054859344877744125,36.04592893078321,13.29527895542539,0.951880811076658,0.039747571590450545,0.4672233072916667,0.12184564615346617,1.771043300628662
ring_bidir,0.2,29.0,5,-0.03803106295693228,36.29996038544078,13.48668092616078,0.9608018585648245,0.04095961381092114,0.46027343750000005,0.1210307950557513,1.770463466644287
ring_bidir,0.2,29.0,8,-0.02564976080093453,37.42578910623218,10.485460542212452,0.9165094058273188,0.04141170526290716,0.4777408854166667,0.12934729668836162,1.3783795833587646
ring_bidir,0.2,29.0,9,-0.054954211396954035,36.7977828288511,19.110951118165683,0.9891140982455546,0.039496165016541435,0.47859375000000004,0.12921779327786145,1.522852897644043
ring_bidir,0.2,30.0,0,-0.030453476224900022,36.90388687302756,12.555729082833114,0.9632599355984168,0.04163276070103758,0.47734700520833334,0.1304398750560765,1.4718101024627686
ring_bidir,0.2,30.0,1,-0.019389087709389023,35.92608004267033,17.62106323463629,0.9769998340549121,0.04565347590482246,0.4729069010416667,0.12842214046901368,1.6010549068450928
ring_bidir,0.2,30.0,2,-0.027144261223947853,37.68100884917028,13.082862128325832,0.9214065575638081,0.045497121785711664,0.48416341145833336,0.1363660903531993,1.568471908569336
ring_bidir,0.2,30.0,4,-0.013602591697846514,36.60821049518519,15.190409887490278,0.9728780094681877,0.04148485200674669,0.47400390625000005,0.13071656311098548,1.5119068622589111
ring_bidir,0.2,30.0,3,-0.023762938845276138,36.77224366226009,15.822216281473661,0.9743620005707049,0.04350544480946834,0.47167643229166667,0.12689468906213777,1.5435423851013184
ring_bidir,0.2,30.0,5,-0.01972421512609531,37.17260964061355,15.646780270804422,0.9671166454738045,0.04380913934142885,0.4671451822916667,0.12767626525112188,1.6372840404510498
ring_bidir,0.2,30.0,6,-0.019015993165078765,36.84716261505884,15.800518593555411,0.9358446506842718,0.045632922218986696,0.47287109375,0.13121042382294812,1.6295323371887207
ring_bidir,0.2,30.0,7,-0.03133717300413315,37.10262366861995,13.272782035771337,0.9148501555764349,0.04129153820761581,0.48197265625,0.13524007456011006,1.490506887435913
ring_bidir,0.2,30.0,9,-0.05513143074863268,37.48687646998948,19.718352618459893,0.9844732638060711,0.04290996059868541,0.4832975260416667,0.13410390176687248,1.4273276329040527
ring_bidir,0.2,30.0,8,-0.010111519862227443,36.76478945662158,16.06680701465483,0.9776108670863781,0.042946010916851386,0.4819498697916667,0.13384735781169188,1.588545560836792
ring_bidir,0.2,40.0,0,0.144390367875977,35.559920959015166,10.243043090884177,0.9573733811720636,0.04968900427234667,0.598232421875,0.16089740485944898,1.3646743297576904
ring_bidir,0.2,40.0,4,0.14426783121281025,35.653542019445744,9.55722776087152,0.9407747110587801,0.04391218646850123,0.5932942708333334,0.1613423587450515,1.3789856433868408
ring_bidir,0.2,40.0,2,0.18593338564702339,35.676265263399365,8.125618502217213,0.9503865043615841,0.05124863123076686,0.5990625,0.1635434446483115,1.623499870300293
ring_bidir,0.2,40.0,3,0.15274357553970527,34.89958835611873,8.272019992202624,0.902463077742332,0.04836534577421603,0.57529296875,0.15683880890015117,1.6076512336730957
ring_bidir,0.2,40.0,1,0.12705608418477637,35.433659407448744,10.33449470646962,0.9366265323893549,0.047156651819740304,0.5903580729166668,0.16069025103232107,1.8742458820343018
ring_bidir,0.2,40.0,6,0.20232176401632251,35.23176470388869,10.41372386458526,0.95803020158344,0.0466433384510494,0.5953255208333333,0.16260374191474158,1.5768513679504395
ring_bidir,0.2,40.0,5,0.1574783312988825,36.370912459470254,9.854892412369685,0.8821473699950645,0.04690776225618654,0.5976855468750001,0.16326242546230565,1.7093870639801025
ring_bidir,0.5,15.0,0,-0.016260923390863297,22.936394005592977,9.382562047626887,0.9884714731323007,0.027705531158998906,0.19473632812500002,0.055902332361075266,1.5108013153076172
ring_bidir,0.2,40.0,9,0.1289530740232191,35.620483510230045,7.805262374114538,0.9469665901271388,0.046096578797486285,0.5987467447916667,0.1623277308440662,1.5923597812652588
ring_bidir,0.2,40.0,8,0.12856485180306812,35.242900045266396,11.627680488678438,0.9540498297101332,0.04778245927531189,0.6114388020833333,0.16598373920767964,1.669997215270996
ring_bidir,0.2,40.0,7,0.11448839318889313,36.004761098455944,10.444093553954263,0.956091376044883,0.04785301201440247,0.6271419270833334,0.16981021720271824,1.7664649486541748
ring_bidir,0.5,15.0,3,-0.019910596997203267,22.554254536960734,6.540893589483571,0.9882774798917161,0.025727617368664534,0.20733072916666667,0.05697262174383827,1.551727056503296
ring_bidir,0.5,15.0,1,-0.011934315918848451,23.427752440227444,10.020274203984354,0.9830409696773967,0.0232951736987781,0.21351888020833334,0.05717645369294586,1.7880077362060547
ring_bidir,0.5,15.0,2,-0.019216954761234223,22.54032580431098,8.786977486683995,0.9873549390456834,0.024221320847723823,0.2371842447916667,0.05928038949780676,1.7693381309509277
ring_bidir,0.5,15.0,5,-0.016896309947525293,24.331114722370504,10.642701305523637,0.9849816301746375,0.02641394291560836,0.21656250000000002,0.05738241138575782,1.7888548374176025
ring_bidir,0.5,15.0,8,-0.018468254171555155,24.156436309084945,10.899650393173983,0.9878114801963573,0.023253123109444728,0.22287109375000003,0.057583086233449404,1.5125455856323242
ring_bidir,0.5,15.0,4,-0.009398427716462533,22.82539630461489,8.907623363978585,0.9830367713673852,0.024409402848267866,0.22501627604166669,0.05837878784915466,1.883268117904663
ring_bidir,0.5,15.0,6,-0.010385996219446093,24.014008924223937,9.121523945601815,0.9777282802997471,0.026093010258195805,0.22658854166666667,0.05790769536497159,1.8370530605316162
ring_bidir,0.5,20.0,0,-0.07981639341831466,24.53227392195592,11.92639448956768,0.9915374120390807,0.030263986407172743,0.45389973958333335,0.08492757215481865,1.4062919616699219
ring_bidir,0.5,15.0,7,-0.02534101001665316,25.145728403177348,5.359998825981977,0.98311463950364,0.02601847295348339,0.21464518229166668,0.056972297938767194,1.8317396640777588
ring_bidir,0.5,15.0,9,-0.0096359936554876,23.652895935557517,8.996752043957875,0.9920614516196938,0.02436502423512051,0.20032552083333335,0.05572542995148708,1.766526460647583
ring_bidir,0.5,20.0,2,-0.08906229611810938,25.489038342972894,12.28431515210531,0.9929011366541113,0.03206006413895819,0.4477994791666667,0.08545837667651517,1.4347915649414062
ring_bidir,0.5,20.0,1,-0.06461894805175582,25.830169473507944,12.034148427614538,0.9831088580558731,0.025173807511966444,0.44463216145833334,0.08288634780072023,1.655287504196167
ring_bidir,0.5,20.0,5,-0.06876738553493712,25.994416033949495,11.817061287567693,0.9901041366206169,0.028708057435090514,0.44454427083333337,0.08295126175644087,1.5953869819641113
ring_bidir,0.5,20.0,4,-0.07512984591103063,26.03074265455566,12.531912767511658,0.9867796130049475,0.03153570423660959,0.4441666666666667,0.08409232231955407,1.6777894496917725
ring_bidir,0.5,20.0,8,-0.055621615798027275,26.389163640007986,13.379209055855188,0.992025932275985,0.02954405741565043,0.4486100260416667,0.0849377297739973,1.4399194717407227
ring_bidir,0.5,20.0,3,-0.06698407010132451,26.448127018069933,11.55339846361868,0.9882083327092498,0.028292582056976778,0.4299934895833334,0.08027698898997251,1.8301103115081787
ring_bidir,0.5,20.0,9,-0.05106280902992778,24.239138068728575,11.945884676103937,0.9915835789484174,0.025759218967291237,0.45364583333333336,0.0855995291554485,1.451730728149414
ring_bidir,0.5,20.0,7,-0.08511088475426648,25.452369631548272,13.055891847936316,0.9906344378191663,0.029014879721555472,0.4626529947916667,0.08771594478883529,1.6787023544311523
ring_bidir,0.5,20.0,6,-0.07279431618659112,26.027853008203866,12.202063829770188,0.9908295283136551,0.02947992351523516,0.43326171875,0.08176390536825255,1.8388581275939941
ring_bidir,0.5,21.0,1,-0.0838051184805911,26.76104618962197,12.829481805792186,0.9807051149169826,0.026982649316377533,0.45439778645833334,0.08747371339938786,1.6533725261688232
ring_bidir,0.5,21.0,2,-0.07535369414392895,27.070133415903747,8.698318745130889,0.9901021189377538,0.03216642888063589,0.4528580729166667,0.08953151041954983,1.6366662979125977
ring_bidir,0.5,21.0,3,-0.06728278973550243,27.484766275949223,13.047354156492883,0.9910959044682722,0.02977321384876881,0.436025390625,0.08326080676924061,1.6247797012329102
ring_bidir,0.5,21.0,6,-0.09449658403347959,27.127639604626665,12.515115707395026,0.9907944094721871,0.029907439399581324,0.4441276041666667,0.08625776242344828,1.5559947490692139
ring_bidir,0.5,21.0,0,-0.0744278574124497,26.186344948967736,12.711722171674813,0.9919307115268358,0.02948495225106279,0.458310546875,0.08848718090345384,1.884028434753418
ring_bidir,0.5,21.0,4,-0.07308339104021705,26.83088775442325,13.845910169124002,0.9865276931369864,0.031436276942991934,0.4540462239583334,0.08864749061289678,1.7275722026824951
ring_bidir,0.5,21.0,5,-0.0957115822964807,27.619431433343276,12.059831368660166,0.9897611393299403,0.029039457352421735,0.4499283854166667,0.08707378333476619,1.7368443012237549
ring_bidir,0.5,21.0,7,-0.09650627453989132,26.777700160281718,13.897963827383116,0.9901487868214963,0.029701594984657426,0.46521484375000005,0.09135889499328029,1.6844005584716797
ring_bidir,0.5,21.0,8,-0.11359883449855097,26.625141585128702,12.346493484329462,0.9907495353352838,0.031013342824036824,0.4553971354166667,0.08840569680989183,1.5621368885040283
ring_bidir,0.5,22.0,0,-0.05791264298503891,27.598967540252065,13.597258138006373,0.9911730178223978,0.030181278067332378,0.45659830729166667,0.0911453223009127,1.4316141605377197
ring_bidir,0.5,21.0,9,-0.14554413901733015,25.24619650742929,12.86313271185818,0.9918312685322395,0.02684156233820399,0.46318359375,0.09035225877174233,1.7059578895568848
ring_bidir,0.5,22.0,3,-0.05540110762959054,28.207194949228853,14.957436086173736,0.9880498131270637,0.03005032234511267,0.44365885416666667,0.08759787717169573,1.7354190349578857
ring_bidir,0.5,22.0,1,-0.10115807010497223,27.924703725680562,12.645914471137347,0.9850029686548493,0.027137404682154455,0.4558821614583334,0.0906723554983793,1.7515008449554443
ring_bidir,0.5,22.0,2,-0.08532155535617712,28.33236094319897,11.610270564799565,0.9920713154021236,0.03315802371242141,0.45878255208333335,0.09449870434299337,1.7730121612548828
ring_bidir,0.5,22.0,4,-0.0635468813791557,28.42741501105524,10.006769569871587,0.9859290010137938,0.03083288878189137,0.44586914062500005,0.08952860897930845,1.7828238010406494
ring_bidir,0.5,22.0,5,-0.0989383990856123,28.810492238663063,8.225915980061323,0.9815822922369498,0.03020995492866889,0.4517578125,0.09068260749487567,1.6601037979125977
ring_bidir,0.5,22.0,6,-0.09200935697477439,27.896868306430584,14.85914010279195,0.9916675026936357,0.03093357176281023,0.45087890625000004,0.09075049880502285,1.499389410018921
ring_bidir,0.5,22.0,7,-0.09466915472812831,28.284621680958896,13.288999578651266,0.989884271627866,0.030484862447666496,0.4676009114583334,0.09567970531329006,1.5687122344970703
ring_bidir,0.5,23.0,0,-0.06397748537669334,28.924374528915447,14.770998781659648,0.9915333519005978,0.03205037770946036,0.45722656250000004,0.0946847080600877,1.4279325008392334
ring_bidir,0.5,22.0,9,-0.13962473452411123,26.83239210621345,13.266629050094698,0.9914236333701039,0.0278272602781755,0.46389973958333336,0.09382635385770767,1.5292575359344482
ring_bidir,0.5,23.0,3,-0.06956062266757862,29.535028285559935,11.485784871853275,0.9849298246590347,0.03111063811512761,0.44847981770833334,0.09205330212581231,1.4571797847747803
ring_bidir,0.5,22.0,8,-0.11268740201509812,27.996630526183765,12.893334041090975,0.9921087676974203,0.030653685285891977,0.45842122395833335,0.0927616082226748,1.7823045253753662
ring_bidir,0.5,23.0,1,-0.10824895948864496,29.195686503030437,14.873600101548009,0.983424670110452,0.02918118158794337,0.459931640625,0.09537324839610331,1.8894708156585693
ring_bidir,0.5,23.0,4,-0.06965523550529963,28.827724078797267,11.929263236921212,0.9643806054364216,0.02835448230916937,0.4516145833333334,0.09373918818030542,1.7883317470550537
ring_bidir,0.5,23.0,2,-0.09527189607819742,29.97090697182453,15.082662436261934,0.9923863506698056,0.03396243564425298,0.46090169270833337,0.09865804973923477,1.927422046661377
ring_bidir,0.5,23.0,5,-0.08495753936030312,29.052992275852894,10.385274960952652,0.9535975400282382,0.03214801437082491,0.45507812500000006,0.09499009893175665,1.671393871307373
ring_bidir,0.5,23.0,6,-0.09252707455352219,29.17646198350635,11.115839587719048,0.9400701492942232,0.03199831178551589,0.4544108072916667,0.09561004225147342,1.615579605102539
ring_bidir,0.5,23.0,8,-0.1101363022707015,29.723312584334348,14.587828338750853,0.9918007089708096,0.030876170326970893,0.4608821614583334,0.09712480826338689,1.4612536430358887
ring_bidir,0.5,24.0,0,-0.060806583482872344,30.24118681861186,14.705754140786155,0.9904003091783528,0.036726858280280834,0.45894531250000004,0.0991080207443217,1.451629638671875
ring_bidir,0.5,23.0,7,-0.09620134227312233,29.260754673626487,13.295315546238173,0.9895287480565409,0.03344026421818293,0.4681705729166667,0.09966836394285548,1.5480787754058838
ring_bidir,0.5,23.0,9,-0.10211552188223659,28.662388411267624,12.31528121663054,0.9899528095831105,0.02906513648514211,0.4675423177083334,0.0987365184944341,1.6333723068237305
ring_bidir,0.5,24.0,1,-0.09004871846324196,30.42482790220765,14.681987537096294,0.984483936915088,0.030565138180300364,0.46271484375000005,0.10020555446182611,1.7075281143188477
ring_bidir,0.5,24.0,2,-0.10043647606939905,31.392273237347542,14.905394654069847,0.9921146001459935,0.034332299870200776,0.46451171875,0.10402879755935833,1.4325993061065674
ring_bidir,0.5,24.0,4,-0.0745266290823227,30.485510105796916,13.769435866339723,0.9876160479147116,0.028237870188563084,0.453916015625,0.09858511571405552,1.3429985046386719
ring_bidir,0.5,24.0,7,-0.10708076325705716,30.742898526399838,15.094529531934464,0.9910949440890314,0.03325941807527048,0.4672981770833334,0.10368585928470625,1.3915507793426514
ring_bidir,0.5,24.0,3,-0.06862301764934772,30.9528924865562,8.382903009312958,0.9775935977548857,0.0323452254711046,0.4481640625,0.09521326394370723,1.6915397644042969
ring_bidir,0.5,24.0,5,-0.06361803685455608,30.396097851099224,12.271753937841575,0.9872785260683556,0.03218523788528884,0.4528125,0.09794412879648808,1.7658979892730713
ring_bidir,0.5,24.0,8,-0.0897613196017125,30.571032209855513,14.914206912742312,0.9914552032136424,0.032197842549018564,0.4624609375,0.10168211960918477,1.4537098407745361
ring_bidir,0.5,24.0,9,-0.08974718896591749,30.382557257535076,12.212551736254513,0.988382844073625,0.031072124758826276,0.4693424479166667,0.10332506007281823,1.5224668979644775
ring_bidir,0.5,24.0,6,-0.10807094371079551,30.214515467017435,17.1826113518212,0.9909046466681039,0.033170050065800816,0.4570442708333334,0.10015184147909499,1.9502675533294678
ring_bidir,0.5,25.0,0,-0.09440052032286078,31.56155040141388,14.126499521799719,0.9905807806397202,0.03712227830694385,0.46161132812500005,0.10418170985280462,1.662449836730957
ring_bidir,0.5,25.0,1,-0.07791352053619155,31.551956433359237,15.78160707780617,0.9842139631243304,0.03213303981350162,0.4642740885416667,0.10492660751575042,1.6411445140838623
ring_bidir,0.5,25.0,4,-0.07698416019525735,31.53872781662955,15.103826492384815,0.9865550382297202,0.03120137966767824,0.4601171875,0.104841124218942,1.5415985584259033
ring_bidir,0.5,25.0,5,-0.0675295862943293,31.728487277883136,14.664547667908428,0.9890648745497485,0.0315419862574688,0.45054036458333335,0.10099041889380544,1.5247385501861572
ring_bidir,0.5,25.0,2,-0.09401166904402128,32.7784813141078,16.24510323046853,0.9920434484919461,0.037670221173781514,0.4677604166666667,0.10981438368901231,1.6543841361999512
ring_bidir,0.5,25.0,6,-0.0921422301850912,32.02831909309214,12.226288258348937,0.9783253975392158,0.03398001865521719,0.4585709635416667,0.10515944336951562,1.562429428100586
ring_bidir,0.5,25.0,3,-0.05672591263165553,32.51750682671283,12.464698063691952,0.9748706414074286,0.03318043161669464,0.4540397135416667,0.1010361307326983,1.7859249114990234
ring_bidir,0.5,25.0,7,-0.08690012826573208,31.8048405480943,16.406429874826927,0.9907859605429503,0.03452949065181602,0.46865559895833336,0.10865599971423237,1.7416205406188965
ring_bidir,0.5,25.0,8,-0.0921403919022834,32.50390236358828,14.025432463144826,0.9704193901184689,0.03566120063877278,0.46453125,0.10683241238032959,1.600590467453003
ring_bidir,0.5,25.0,9,-0.09862038039175008,32.16261692387843,14.312527324791912,0.9879559444513624,0.03138523719927469,0.47254882812500004,0.10858282782018225,1.6288917064666748
ring_bidir,0.5,26.0,1,-0.046936382832652994,33.09570845674968,15.41909501759276,0.9815541768228623,0.054394404396743284,0.4652994791666667,0.1096495211164323,1.4744658470153809
ring_bidir,0.5,26.0,3,-0.0645002505502565,33.53085950597752,10.333456166952613,0.9610724984014192,0.036101043771411934,0.4577701822916667,0.10646208487746966,1.593308448791504
ring_bidir,0.5,26.0,0,-0.0782852818482081,32.48208866115697,15.767840334341818,0.9906544188425018,0.036853719694156316,0.46068359375,0.10790682264811033,1.99229097366333
ring_bidir,0.5,26.0,4,-0.07177368645983358,32.826497428408956,15.87378464257304,0.9864686290610926,0.03359314118027477,0.46171875,0.10947467887800569,1.550539255142212
ring_bidir,0.5,26.0,2,-0.07626556497764687,33.910199572812296,16.31167305908164,0.9899541334218926,0.03658500804636154,0.46736328125000004,0.11443784114424405,1.8460543155670166
ring_bidir,0.5,26.0,5,-0.06792604832907576,33.21464283808678,17.288681423322657,0.9900559053312429,0.032012235483286675,0.453544921875,0.10630888410225922,1.6123993396759033
ring_bidir,0.5,26.0,8,-0.060635120199967536,34.039845901824606,17.01453745110584,0.9888391525021527,0.03565036760981964,0.4657747395833334,0.11178680881291092,1.5482852458953857
ring_bidir,0.5,26.0,7,-0.09145960628033181,32.797220644508975,17.43863543165605,0.9902509997886764,0.03564518742973139,0.4693684895833334,0.11368021807484191,1.6898183822631836
ring_bidir,0.5,27.0,0,-0.08397495505737661,33.90208393948205,16.88848894805339,0.9901092552839522,0.03917962030496986,0.46856119791666667,0.1151434379829252,1.562718152999878
ring_bidir,0.5,26.0,9,-0.08752038984854217,33.701699564614344,17.32733824549779,0.9905886780129903,0.033393421880933964,0.47449218750000005,0.11424485280449757,1.6077549457550049
ring_bidir,0.5,26.0,6,-0.06034577006011302,32.960815802577656,12.052373695526699,0.883955231292648,0.044545830790704066,0.4601139322916667,0.11014896549630905,1.776822566986084
ring_bidir,0.5,27.0,2,-0.07107028085840081,35.21669210008457,16.832987611965244,0.989264816378907,0.041969685095775165,0.472568359375,0.1219262227757685,1.4914000034332275
ring_bidir,0.5,27.0,1,-0.04224636229209799,33.98379738620628,17.379880634973087,0.983319565057133,0.047682793447461486,0.46645507812500003,0.11446530160450186,1.5873785018920898
ring_bidir,0.5,27.0,5,-0.0594980649156595,34.377547649945065,14.183041390331702,0.9848714672007943,0.0337550049143415,0.453408203125,0.11048716995353879,1.4431662559509277
ring_bidir,0.5,27.0,6,-0.07476837774822138,34.752271421099614,14.266259606638625,0.9479797735018208,0.04187129478106534,0.4616178385416667,0.11518763919360459,1.3743221759796143
ring_bidir,0.5,27.0,4,-0.05003182265094651,33.8065959647164,15.224427145194165,0.9799111427242044,0.03609417726895063,0.45969075520833336,0.11263076245895318,1.7271840572357178
ring_bidir,0.5,27.0,3,-0.050283873445906686,34.71491352699369,13.037788016114446,0.9559983304040793,0.03627356563515404,0.45818684895833334,0.1106206493040501,1.8262085914611816
ring_bidir,0.5,27.0,8,-0.03297892466676443,35.639775416618036,12.499631763491282,0.9507913083390493,0.03856367318510224,0.4679134114583334,0.1173300889095536,1.4790012836456299
ring_bidir,0.5,28.0,1,-0.040658234353324364,36.53308348525622,1.308612458478879,0.2919690057725881,0.05256120153483823,0.47525390625,0.12579312343195004,1.5061976909637451
ring_bidir,0.5,27.0,7,-0.061634765334462,34.361453643278985,18.013177444423217,0.9894965242344332,0.038025048212379446,0.4702213541666667,0.11878779580679513,1.8837006092071533
ring_bidir,0.5,28.0,0,-0.046661657445523946,35.21004293771746,17.688989745062774,0.987164809822492,0.04134425834351486,0.48232421875000003,0.12519632076114753,1.7265942096710205
ring_bidir,0.5,27.0,9,-0.09335038556643696,35.45904959564058,15.400525083381897,0.9888556538373392,0.041783105132025114,0.4817643229166667,0.12193897796735097,1.7663371562957764
ring_bidir,0.5,28.0,2,-0.07797260571487978,37.47625475121008,2.4062282424797847,0.46341164513493316,0.052453544605365,0.4855989583333334,0.13395303433345596,1.4579582214355469
ring_bidir,0.5,28.0,4,-0.051741242544529026,35.051988866499464,14.990445934133408,0.9766391183603215,0.03958516692092068,0.46749348958333337,0.12059574171174156,1.5086474418640137
ring_bidir,0.5,28.0,3,-0.0396477692187135,36.68532718672834,1.656072050164401,0.5574714853931171,0.04772441690402179,0.46913085937500004,0.12094730118332708,1.586883306503296
ring_bidir,0.5,28.0,5,-0.052693319240094884,35.701547040083646,19.281271134170638,0.9878919587506332,0.036180807332519986,0.46127278645833336,0.11819212063734678,1.5788509845733643
ring_bidir,0.5,28.0,7,-0.06797150036303577,35.90831988576947,15.027961821718776,0.9821406151383583,0.048688578559810944,0.4883561197916667,0.13295787460686523,1.6855556964874268
ring_bidir,0.5,28.0,6,-0.04555285138887211,34.91358671923713,3.563674017572337,0.7381093625504745,0.06358249748807039,0.48341796875000004,0.13172117008548723,1.8051230907440186
ring_bidir,0.5,28.0,8,-0.03666083279409177,36.51856576531656,1.9318336084847603,0.43887922530540213,0.05090496143169505,0.48070638020833334,0.129578570493567,1.736518144607544
ring_bidir,0.5,29.0,0,-0.051576275140793285,36.381981400570524,21.171618147804764,0.9858572236694642,0.04412438093323024,0.4858561197916667,0.13205304987756325,1.4698798656463623
ring_bidir,0.5,28.0,9,-0.07184636465479724,36.676379532869056,19.15048061698912,0.9898501646358303,0.04320101893043811,0.4784244791666667,0.12605364251595166,1.5091421604156494
ring_bidir,0.5,29.0,2,-0.03362640645277936,34.26679744061857,0.9550871724075618,0.7683308717395761,0.06514307094766708,0.48741536458333334,0.1443413610592789,1.3825831413269043
ring_bidir,0.5,29.0,1,-0.0051340081129970455,33.601030942415505,3.1735304667148134,0.7610040610177159,0.0610612557453537,0.48001953125,0.13316073273087395,1.560765027999878
ring_bidir,0.5,29.0,3,-0.03943077786081778,35.93363881498436,4.417831872923569,0.8733108870324444,0.04641976724485661,0.46530598958333336,0.12281487291182158,1.4795894622802734
ring_bidir,0.5,29.0,7,-0.04327934692505992,35.868393267980174,6.154145135215839,0.8079367474140468,0.05537316228747491,0.48819661458333335,0.1393527158841925,1.361527919769287
ring_bidir,0.5,29.0,4,-0.054285230910991245,37.094086378976556,5.1485383715725,0.6839652098523067,0.05407242230752992,0.48532552083333336,0.13551508953923902,1.5659475326538086
ring_bidir,0.5,29.0,6,-0.01548922375304446,35.32941975123326,5.2958843946640695,0.8418480244161423,0.07037394492554655,0.4827018229166667,0.1402680747510618,1.4554557800292969
ring_bidir,0.5,29.0,5,-0.06367430669246478,37.64280484244535,5.57198638753151,0.5662450067969959,0.04872929240416174,0.4882356770833334,0.13645453610174788,1.549668550491333
ring_bidir,0.5,29.0,9,-0.04069059622545202,35.82457869225347,8.349844499742375,0.9699524141769551,0.05456420099637369,0.4812141927083334,0.13327762370807764,1.6073131561279297
ring_bidir,0.5,30.0,0,-0.03400118867894249,37.51084621855799,4.834919626737604,0.4996650558062028,0.052287491832034044,0.48388671875000006,0.1369288127759845,1.5665783882141113
ring_bidir,0.5,29.0,8,-0.017946307050458656,36.93305543688081,1.356068595858289,0.4858363650015046,0.05479057286331568,0.4819694010416667,0.13639879205506114,1.7502763271331787
ring_bidir,0.5,30.0,1,-0.008701581769453645,33.63307444239172,4.983712657443563,0.7550532315379231,0.06743282614503181,0.48143880208333334,0.13978232416545971,1.5653660297393799
ring_bidir,0.5,30.0,2,-0.005030014426958666,33.89129224795713,6.205116865461824,0.7849993027756617,0.07558436022031939,0.48673177083333335,0.1510360457976916,1.5862321853637695
ring_bidir,0.5,30.0,3,0.002254599200786916,36.40508261488113,7.587342737113953,0.9141099158840987,0.05849279645358875,0.48277669270833334,0.13680130922527564,1.5559210777282715
ring_bidir,0.5,30.0,4,-0.016282575880564275,37.05318355387636,8.324611609692196,0.7420798842953163,0.05342970145945216,0.473994140625,0.13416604527988285,1.504122257232666
ring_bidir,0.5,30.0,5,-0.02686984747146702,33.50236909216535,5.855179421025772,0.776946604427962,0.05750237699881398,0.4848079427083334,0.1415638247948727,1.5224261283874512
ring_bidir,0.5,30.0,6,-0.00037021474898176165,34.18195737730965,4.909427138569342,0.7808847264543332,0.07606606255195558,0.48548828125000004,0.14646988983751055,1.574352741241455
ring_bidir,0.5,30.0,8,0.006003846373761265,34.83127975433654,6.286721918208731,0.7919895696791914,0.07528231334776331,0.4881608072916667,0.149829576933827,1.8199176788330078
ring_bidir,0.5,30.0,7,-0.014834700349856901,36.75040387950366,3.533764191642011,0.436459836291976,0.06128074270654244,0.4852962239583334,0.14436284479456912,1.9018383026123047
ring_bidir,0.5,40.0,0,0.10739385620427062,35.20069787583577,8.062780581232337,0.7532687614583736,0.09558421416410302,0.49153645833333337,0.18406213191685805,1.3904857635498047
ring_bidir,0.5,30.0,9,-0.008809018349977276,35.949443615251724,6.847271817517867,0.7622593867197154,0.062322599800800856,0.4832845052083334,0.1405414848637633,1.7311475276947021
ring_bidir,0.5,40.0,1,0.11482692536673511,35.51555935087758,7.049531612894002,0.6636434448222467,0.10541253356973834,0.49227539062500003,0.1842237107623777,1.4869725704193115
ring_bidir,0.5,40.0,2,0.12455235839647395,35.156607624195296,7.459283122737256,0.7709068407311775,0.09914359835526694,0.49425130208333334,0.19080004479044155,1.4798674583435059
ring_bidir,0.5,40.0,3,0.10856892599601985,35.25554915733345,6.0554646596723085,0.7484445744287921,0.09992006151804664,0.48626302083333334,0.1806344479761082,1.621741771697998
ring_bidir,0.5,40.0,6,0.12131674969746752,34.706907429992015,7.216447317329508,0.7823337801419813,0.10148257624957212,0.4900520833333334,0.18693351347630197,1.4377930164337158
ring_bidir,0.5,40.0,8,0.11521238961261183,34.76819870620554,8.67709062848718,0.7728001461692751,0.09681868358302052,0.49541992187500006,0.18893755661882364,1.3888158798217773
ring_bidir,0.5,40.0,4,0.1062440123986758,34.96464655038832,6.4828369181296654,0.7097659148712034,0.09662495659974323,0.4915983072916667,0.18604567638414043,1.7153136730194092
ring_bidir,0.5,40.0,7,0.11621704074671331,35.090107383954646,8.14670274501646,0.7139191216496291,0.10397533468532356,0.4937760416666667,0.1889508479361008,1.6198070049285889
ring_bidir,0.5,40.0,9,0.10257037201278964,35.51798032586472,8.327399986281295,0.7550953166803082,0.09936567590079198,0.48891927083333336,0.18476486843134265,1.473642349243164
ring_bidir,0.5,40.0,5,0.0978860151172444,35.38876886065449,8.178055397031512,0.7375128318082885,0.09465563612200548,0.4997526041666667,0.1902273260366139,1.7646937370300293
lateral_ring,0.1,15.0,0,-0.08715258362629233,13.800971429280908,9.398952250730334,0.9898691036611967,0.024969798311343428,0.00078125,0.009937829468228217,1.9545340538024902
lateral_ring,0.1,15.0,1,-0.08924727997092018,11.827192477672934,9.736078968196066,0.9854610216555866,0.020494278299637188,0.0006673177083333333,0.009686367362819944,2.2642571926116943
lateral_ring,0.1,15.0,2,-0.09095871615154281,12.775732904046436,10.139676648896513,0.9920770818371427,0.023189377784245565,0.0010807291666666667,0.010694524318878683,2.233992338180542
lateral_ring,0.1,15.0,3,-0.08659389224056052,12.043957382542061,8.279485638717954,0.9953826706131143,0.022179832663266473,0.0007291666666666667,0.009998059663534876,1.8441224098205566
lateral_ring,0.1,15.0,4,-0.09042493578566756,12.233993783471258,9.782736534297142,0.986502880569718,0.020740366419318965,0.0008170572916666667,0.010167428722362594,1.8340039253234863
lateral_ring,0.1,15.0,9,-0.08925558841879361,13.463449589627524,8.52072902076457,0.9937979949359467,0.0200888306070332,0.0008138020833333334,0.010357798709684925,1.666856050491333
lateral_ring,0.1,15.0,5,-0.09028777228318584,13.002094408306226,11.569693816854224,0.9852238341961278,0.024089287144620473,0.0007421875,0.009563545861386908,2.0523598194122314
lateral_ring,0.1,15.0,7,-0.09108549345384262,13.21923102621365,11.48083845178258,0.9886612939944043,0.023591471748101826,0.0006640625,0.0097174320234127,1.991112470626831
lateral_ring,0.1,15.0,6,-0.09095603622016522,13.288348298459892,10.090410731111525,0.9907944406028684,0.023443111645318374,0.0006705729166666668,0.009961065932528526,2.1162359714508057
lateral_ring,0.1,15.0,8,-0.09020172922829735,12.949856255052412,9.064370516053488,0.9914360797984653,0.02278906489449207,0.0008561197916666667,0.010931419097561939,2.1217074394226074
lateral_ring,0.1,20.0,1,-0.0895636826628118,14.786061352206831,9.984948415940567,0.9852752918079031,0.020568771429725265,0.0029296875,0.009010102123703415,1.8317575454711914
lateral_ring,0.1,20.0,2,-0.09127770059779039,15.631852641124361,11.263102410089392,0.9917211572823551,0.023313791621573484,0.004869791666666667,0.010177394663548767,1.8485348224639893
lateral_ring,0.1,20.0,3,-0.08719550545648008,15.154142880997249,11.511859459128367,0.994892532010543,0.02232698470759433,0.0034472656250000002,0.009859168362827388,1.8636713027954102
lateral_ring,0.1,20.0,0,-0.08778199250479721,16.393361496040846,10.810611285862676,0.9892028541793417,0.025042313778186772,0.002584635416666667,0.009568370030313312,2.0609121322631836
lateral_ring,0.1,20.0,5,-0.09080923851337722,16.218321013319912,12.000209492105638,0.9846421049139572,0.024151460527677294,0.0028776041666666668,0.009245170196729885,1.8789043426513672
lateral_ring,0.1,20.0,4,-0.09082401081205926,15.459351135954186,11.885650485409734,0.9862890371436188,0.02090208837051732,0.0025748697916666667,0.009991516329521527,1.9567222595214844
lateral_ring,0.1,20.0,6,-0.09139641966125969,16.26899544613042,11.531601307610128,0.9901550710804539,0.02356178122655971,0.0025423177083333335,0.009699370181597175,1.806931734085083
lateral_ring,0.1,21.0,0,-0.05498687817221408,18.388321492370018,12.606297791134592,0.9890570197620147,0.025127979507774463,0.005530598958333334,0.011062970955458907,1.7457005977630615
lateral_ring,0.1,20.0,8,-0.09072038207811872,16.360554959806908,10.97583602959848,0.9911071934538773,0.022982520492883622,0.004270833333333334,0.010503630014953826,1.9363765716552734
lateral_ring,0.1,20.0,7,-0.0915227037999696,15.839167746686336,12.301408740583655,0.9881630262984039,0.023681200016331446,0.002431640625,0.009350577025427562,1.992858648300171
lateral_ring,0.1,20.0,9,-0.08963410695852433,15.704294113047364,10.620356329960783,0.9936575666019115,0.020181424759538595,0.003408203125,0.009809131380159215,1.8891057968139648
lateral_ring,0.1,21.0,1,-0.05730760046622122,17.386791321443052,13.34581903834621,0.9851507164690291,0.020636246179260118,0.0052636718750000006,0.010089314059419048,1.5396368503570557
lateral_ring,0.1,21.0,2,-0.0461044077825401,17.359847223468886,13.464217058269456,0.991258750413947,0.023387668857775726,0.007994791666666667,0.011720865446123689,1.7620069980621338
lateral_ring,0.1,21.0,5,-0.0482320204545204,18.45178870840516,13.07902493935538,0.9847004180545237,0.02415274028738223,0.006490885416666667,0.010793396058032537,1.5584309101104736
lateral_ring,0.1,21.0,3,-0.05456154334898245,17.17463039061034,15.850436627224154,0.9944846889631527,0.022476704376850808,0.006806640625000001,0.011101160703623315,1.918304681777954
lateral_ring,0.1,21.0,9,-0.04495783122385509,17.710206922039916,12.670767631720082,0.9936264611615564,0.020236660016656187,0.006767578125000001,0.011039281178584583,1.613147258758545
lateral_ring,0.1,21.0,4,-0.05803874088944886,17.83992693698787,14.410245619418301,0.9861088263191166,0.021100403449290973,0.0061653645833333335,0.011557300139132495,2.030151844024658
lateral_ring,0.1,21.0,8,-0.05140849503974038,18.488565182703894,12.457000579282473,0.990884402869474,0.023100199813381,0.009166666666666667,0.012139038029453817,1.7651588916778564
lateral_ring,0.1,21.0,7,-0.04220912656164651,17.936786790745767,14.01002944594926,0.9881236340143463,0.02374520480699487,0.0057552083333333335,0.011008440347904809,1.8841707706451416
lateral_ring,0.1,21.0,6,-0.048950120207072866,18.184499132206458,12.811533689804435,0.989876974350975,0.023692087650044238,0.006350911458333334,0.011326645112011289,1.9429192543029785
lateral_ring,0.1,22.0,1,-0.0027974399833336984,23.405378070295217,8.658882603406717,0.973224965816173,0.02142457092346426,0.04467447916666667,0.022348821684940626,1.7871332168579102
lateral_ring,0.1,22.0,0,-0.005730124401771397,23.934404480034175,8.38632293303188,0.9847272746313187,0.02560558566792477,0.04939127604166667,0.02239474905373022,1.9324231147766113
lateral_ring,0.1,22.0,2,-0.005730162240532499,24.680716696307524,9.04447570674,0.9853119908572271,0.02361930928758603,0.07060221354166667,0.02629644958655364,1.750699758529663
lateral_ring,0.1,22.0,3,-0.014455501482960723,23.923104503497996,12.226832025616451,0.9917697865134364,0.02317699717944623,0.04567708333333333,0.02184893499455521,1.6915864944458008
lateral_ring,0.1,22.0,6,-0.008181876454314214,24.95998597632652,7.9531122782279455,0.9838816562069884,0.024659157722299475,0.06508138020833333,0.02547649472048194,1.8003954887390137
lateral_ring,0.1,22.0,7,-0.0051308338004308,24.898142544947053,10.642970576566842,0.9705101431776402,0.024746786659965252,0.057939453125000005,0.02385162670540375,1.7954440116882324
lateral_ring,0.1,22.0,4,-0.008899609850550154,23.45206500930914,8.818135520010943,0.9721975076137744,0.021887897746031646,0.054501953125,0.023182147326791316,1.9524946212768555
lateral_ring,0.1,22.0,5,-0.00764318533283026,24.59663524666971,7.857281916524989,0.9788809602491506,0.024903583401723238,0.06203450520833334,0.0247675163227381,1.9297707080841064
lateral_ring,0.1,22.0,8,-0.012564791551046778,24.561048664724836,10.383192475715003,0.988507339827588,0.022937353029147428,0.06487630208333334,0.025151569695398716,1.81894850730896
lateral_ring,0.1,22.0,9,-0.008608303101945191,23.614654102954372,9.028814215643662,0.9871449130769195,0.021762770535967202,0.051298828125,0.02351653456752757,1.9172687530517578
lateral_ring,0.1,23.0,0,-0.02101031210289915,27.591638896641026,7.794243979587477,0.9821291525107542,0.027387385744992197,0.176171875,0.033751241540100896,1.8282647132873535
lateral_ring,0.1,23.0,1,-0.01161728560251479,27.89406559955832,7.615481978430587,0.9719730994181788,0.023155561604511776,0.18736979166666667,0.03430779456113439,1.8926184177398682
lateral_ring,0.1,23.0,2,-0.013712449429853614,28.847106425687592,4.59023682870443,0.9728484662172263,0.024429267385123327,0.19160481770833335,0.034746360201341246,1.823876142501831
lateral_ring,0.1,23.0,4,-0.005382820688911373,28.495029685899137,6.666726273334609,0.9312098166757765,0.023508278975222244,0.1790494791666667,0.03355056155035951,1.8131415843963623
lateral_ring,0.1,23.0,3,-0.00993926810408283,28.834412060525235,6.896010561993445,0.98104318960102,0.024919103798710415,0.171875,0.033542559905520956,1.9220128059387207
lateral_ring,0.1,23.0,5,-0.015222386447815778,28.747414049573592,6.727805090992236,0.9752128428169773,0.025752121537637063,0.19226888020833335,0.03467044856203607,1.9129257202148438
lateral_ring,0.1,23.0,6,-0.01613200467864873,28.433946499270377,9.286013441883611,0.984370894667135,0.026417492041462685,0.19397786458333335,0.035078174504311076,1.8886852264404297
lateral_ring,0.1,23.0,7,-0.012030509240691033,29.04327439910323,9.65863129613173,0.9722146825266468,0.02462023296071463,0.19111328125000002,0.03457843459453347,1.8505723476409912
lateral_ring,0.1,23.0,8,-0.004321768535736167,29.30343354594276,8.725446736105315,0.9844268082482162,0.02343086087649913,0.18457356770833336,0.034405400548805753,1.8019680976867676
lateral_ring,0.1,23.0,9,-0.017310231103376945,27.967609026332298,7.788022106959391,0.9830545605288193,0.02338627551315813,0.18605794270833334,0.03415242898307572,1.8378586769104004
lateral_ring,0.1,24.0,0,-0.021066461855995363,29.814279365497892,7.883409752123318,0.9810520861445817,0.026131295261961077,0.25006184895833333,0.03759558116947096,1.7469518184661865
lateral_ring,0.1,24.0,3,-0.022265300734318195,30.992427795961362,7.207129882022388,0.9739321024841279,0.025578407869193066,0.2528385416666667,0.03804178480032238,1.8432130813598633
lateral_ring,0.1,24.0,2,-0.02072871309262367,31.075535613747395,6.18394101839382,0.9602408988892478,0.025309787426816797,0.2602897135416667,0.03828043211961398,1.9561741352081299
lateral_ring,0.1,24.0,1,-0.030949197140740854,29.896392783915566,9.785440038513743,0.9737133772983323,0.02266791153423165,0.2610319010416667,0.038084748515734776,2.0453970432281494
lateral_ring,0.1,24.0,4,-0.02534958790211929,30.44340935637082,9.106055584196701,0.9711996136057011,0.0244998028328233,0.2570703125,0.03813956953949159,1.8699400424957275
lateral_ring,0.1,24.0,5,-0.028982813294382452,30.826315103374125,8.076771412984147,0.9731385796686209,0.02451364970086494,0.26873046875,0.03887343122501433,1.8709287643432617
lateral_ring,0.1,24.0,6,-0.021663756325044924,30.71367037016931,8.698111448493108,0.9749902452746766,0.02505169339413494,0.2649283854166667,0.03870600755766985,1.8376424312591553
lateral_ring,0.1,24.0,7,-0.024546130827794686,30.859765656019018,8.317227119713639,0.9759528952233806,0.024801433675462687,0.26361653645833333,0.038442459117128056,1.9593987464904785
lateral_ring,0.1,24.0,8,-0.022451530134813023,31.48995586749443,8.98765317716808,0.976821911045896,0.02541007018909214,0.25814778645833336,0.03830736126968858,1.9208989143371582
lateral_ring,0.1,25.0,1,-0.0068657578073841015,31.422843514302137,10.333461112926411,0.9744152070800056,0.02250777784919461,0.2996875,0.04075786358448124,1.8299155235290527
lateral_ring,0.1,24.0,9,-0.027565549010229205,30.006654496891187,9.489403034862308,0.9840192597013777,0.02458599456042286,0.256572265625,0.03789266729159387,1.9436883926391602
lateral_ring,0.1,25.0,0,-0.009585777990443283,31.486584614564403,5.762078653593719,0.960821145695322,0.026107643060611734,0.29013997395833335,0.04030182082104681,1.9608306884765625
lateral_ring,0.1,25.0,3,-0.0024916834756217926,32.28148927925604,7.915531657322458,0.9712690984937615,0.0263145204366205,0.29110677083333336,0.040588802595772494,1.8045988082885742
lateral_ring,0.1,25.0,2,-0.0009907715560938223,32.72241006029189,9.268068888969184,0.9809314705802964,0.02625250215602366,0.29866536458333337,0.04116336798181094,1.8467648029327393
lateral_ring,0.1,25.0,4,-0.005511009260778287,32.49098407438753,8.387158170745561,0.9709115805115218,0.02445123097021019,0.29577799479166667,0.04096326696313633,1.861039161682129
lateral_ring,0.1,25.0,5,-0.013460865144463314,32.2259907268645,7.656109290042658,0.9671501693477996,0.025307283209377748,0.304189453125,0.041389559784228334,1.719895839691162
lateral_ring,0.1,25.0,8,-0.0029727030251862204,32.95685428115435,9.033711692421665,0.9806617818581876,0.026003426370842013,0.2921451822916667,0.040700379845660106,1.7860705852508545
lateral_ring,0.1,25.0,6,-0.0008645055727777647,31.763453467346093,10.848904942472343,0.982979282627015,0.02541860739302393,0.3009928385416667,0.04116372562034275,2.114562749862671
lateral_ring,0.1,25.0,7,-0.014231485429773656,32.33869275979256,8.360261475920838,0.9739928931144523,0.025266264258959704,0.29974934895833333,0.04105307891510953,1.9947803020477295
lateral_ring,0.1,25.0,9,-0.01216334925428587,31.8122176059522,9.712877366468687,0.9848257989351769,0.025029642458708267,0.2971549479166667,0.04063246719723544,1.839310884475708
lateral_ring,0.1,26.0,0,0.012655014563465013,32.681838247525306,6.4267672912978435,0.9705041660739199,0.026513325654410867,0.31349934895833337,0.04251140710327076,1.781489610671997
lateral_ring,0.1,26.0,1,0.024930409571603845,32.47227989085326,9.111834485314041,0.9669942692072944,0.02276432072382613,0.323603515625,0.04311228163027183,1.83473801612854
lateral_ring,0.1,26.0,3,0.01700876870130973,32.9532280953282,4.342225912094193,0.9029782287385401,0.027001316583004288,0.31681966145833335,0.04275963137950196,1.6617052555084229
lateral_ring,0.1,26.0,2,0.02396175385609572,33.64199366653469,8.149572065275924,0.9730628747518859,0.026736071348563668,0.3207291666666667,0.04358623967488687,2.1717143058776855
lateral_ring,0.1,26.0,5,0.010875232469714507,33.35521702457359,10.624295341692715,0.9778191185281463,0.025451139092551273,0.32422851562500005,0.043699023549142325,1.78177809715271
lateral_ring,0.1,26.0,6,0.011956706470296891,33.07591172014886,8.534754678038329,0.979815184672052,0.02628353406497584,0.319140625,0.043332250950396514,1.863654375076294
lateral_ring,0.1,26.0,9,0.014167881809277078,33.043235809160336,7.483619073068791,0.9830029310327196,0.024945137215556978,0.31638997395833335,0.04247707052578258,1.8083343505859375
lateral_ring,0.1,26.0,4,0.015769586257375588,33.48896929150213,7.687637316835703,0.9505343908731574,0.02443127294813811,0.3238704427083334,0.04358223003087979,1.9867236614227295
lateral_ring,0.1,26.0,8,0.02262934595477602,33.53075542743423,8.930985137339054,0.9743175141413258,0.026089377539390956,0.3161490885416667,0.04307151578747211,1.8476855754852295
lateral_ring,0.1,26.0,7,0.007357963511859626,33.60257947712569,9.327608199264548,0.9748730338571909,0.025685993622801648,0.3180729166666667,0.043069819976972346,1.8924083709716797
lateral_ring,0.1,27.0,0,0.039533243249390254,33.698316596215605,5.960342268256646,0.9666287821125972,0.027149643633641446,0.32587239583333333,0.04424941291677617,1.8297233581542969
lateral_ring,0.1,27.0,1,0.04182433311682156,33.5419971565604,8.049219871861903,0.9587389298778723,0.023244516206180513,0.3392838541666667,0.045022150467799976,1.718745231628418
lateral_ring,0.1,27.0,4,0.044570218676390126,33.99480246897659,5.862551768315441,0.8800288787911785,0.0253572946240457,0.3402994791666667,0.045593224614129055,1.7278430461883545
lateral_ring,0.1,27.0,5,0.032239784847817525,34.581005093361966,7.914596718851749,0.9752402398316175,0.025968494975858455,0.33440755208333334,0.045508464081619064,1.7290384769439697
lateral_ring,0.1,27.0,3,0.03834176883655383,33.89875105762096,5.465888411978762,0.8015062336306378,0.02753027135788628,0.3321028645833334,0.04446444831222127,1.9741077423095703
lateral_ring,0.1,27.0,2,0.04557492196345851,34.253535203493946,8.654591744684337,0.9772273025759114,0.026686696567164166,0.3331803385416667,0.04561456630974747,2.17354416847229
lateral_ring,0.1,27.0,6,0.047257318667818335,33.679887025625135,9.60703313149155,0.9742190389023209,0.02648826041030856,0.3353125,0.04555073110505332,2.3034214973449707
lateral_ring,0.1,28.0,2,0.07593265239236466,34.32110244143163,5.7324338146306815,0.9666042041077084,0.027044005732793547,0.34130208333333334,0.04713814570594489,1.6788992881774902
lateral_ring,0.1,27.0,7,0.043029213904482146,34.22442565344183,6.427324647676256,0.9695585792041412,0.02663795931057899,0.33065429687500003,0.04484741685769586,2.187868118286133
lateral_ring,0.1,27.0,9,0.031652561954569905,33.791772443996294,6.852874875827008,0.9555532235792068,0.02478893325355383,0.32680989583333336,0.044298079330201814,1.787412405014038
lateral_ring,0.1,28.0,4,0.066354445840332,34.45572244230042,6.022424401639865,0.942516041223666,0.02617051116320469,0.3496223958333334,0.04709412518949552,1.6630938053131104
lateral_ring,0.1,28.0,3,0.06372481683552261,34.411935689363965,5.6198818544456905,0.9288820807580433,0.027599450246410237,0.3387272135416667,0.04561187746230535,1.697389841079712
lateral_ring,0.1,28.0,1,0.06944960305488881,33.740435246338045,6.1946883018467656,0.9269283138209526,0.02416104980541266,0.34720052083333336,0.046681582922625704,1.732983112335205
lateral_ring,0.1,27.0,8,0.04872890665192562,34.50617502233085,7.399221182014658,0.9403883705919246,0.02639251001557699,0.33062174479166667,0.044919884511005266,2.159715175628662
lateral_ring,0.1,28.0,0,0.0661876249634567,34.34729682978026,6.460951117322588,0.9555593655280264,0.02789931962166226,0.3384830729166667,0.0459009024482002,1.904477834701538
lateral_ring,0.1,28.0,5,0.06750722411471813,34.802644645605405,6.363099870674621,0.8972431575263662,0.02591522332653512,0.34802408854166667,0.04756265590025821,1.8082833290100098
lateral_ring,0.1,28.0,6,0.07281069301274953,34.5019172181858,8.07920975968451,0.9539685826105213,0.028192157952666212,0.34555013020833336,0.04708427487535152,1.7968487739562988
lateral_ring,0.1,28.0,7,0.06310099698161344,34.985817318138,6.303735141408618,0.9242046113229448,0.02791399322108426,0.34041992187500003,0.04651083261375415,1.7753231525421143
lateral_ring,0.1,29.0,1,0.09300240569402414,33.81149590800776,5.545125529174917,0.9301691286112228,0.024973107610158356,0.35089518229166666,0.04794442262952706,1.54848051071167
lateral_ring,0.1,28.0,9,0.06959945827381876,33.88915116218531,8.051375702251166,0.9634516426460075,0.0249263528818126,0.3348828125,0.046003147644366436,2.384730339050293
lateral_ring,0.1,29.0,6,0.092785868288067,34.034055219733865,4.316152174965886,0.950566343850652,0.028680141925386725,0.34978515625,0.04818330427694248,1.872736930847168
lateral_ring,0.1,28.0,8,0.06944002569390849,34.88653280493806,7.447446762861521,0.9627523456865328,0.02647893237493598,0.33808593750000004,0.04644221735352935,2.555499315261841
lateral_ring,0.1,29.0,0,0.09477751807554718,34.27587279187561,5.260267501150837,0.8879875090757803,0.02830619579872693,0.343310546875,0.04716299762155381,2.4202425479888916
lateral_ring,0.1,29.0,2,0.09553861506257957,34.386875072729936,5.4755761423161795,0.8807560743668534,0.027372271153097035,0.35056640625,0.048669816400218786,2.0049233436584473
lateral_ring,0.1,29.0,7,0.10474819919967074,34.78703516855128,5.648039613928123,0.9080828265816614,0.02854214585938433,0.3446126302083334,0.047705384675741355,1.9798471927642822
lateral_ring,0.1,29.0,8,0.10389716492837094,34.85576669442246,6.288294758391285,0.9489293223837856,0.02711999020795308,0.3447526041666667,0.04781908761969044,1.952500581741333
lateral_ring,0.1,29.0,9,0.1011336640085966,34.55447413629969,4.604742674907816,0.9365640101985806,0.025573789128362494,0.34343098958333335,0.047556375917821435,1.9703497886657715
lateral_ring,0.1,29.0,5,0.09811052512728821,34.84716554708604,6.380065023596385,0.9564231696752906,0.027172951110785288,0.3512858072916667,0.04870721723272961,2.1593387126922607
lateral_ring,0.1,29.0,4,0.10131468347205205,34.74464102316384,4.952637915262533,0.9297491447477148,0.02647145493949789,0.34996419270833334,0.048158196884774386,2.162156343460083
lateral_ring,0.1,30.0,0,0.12012644713510437,34.14390011013983,4.6790638901049455,0.7092846886697879,0.029164691850802327,0.346787109375,0.04831025429454371,2.10581636428833
lateral_ring,0.1,29.0,3,0.08837616249011052,34.32512094006149,5.575767451815967,0.9400237472035926,0.02729927335978124,0.34806966145833335,0.0474331052931726,2.269495964050293
lateral_ring,0.1,30.0,1,0.12225733075863097,33.796575808700055,4.625945823309899,0.8401095563513722,0.026417070866070567,0.35405924479166667,0.04894354671013557,2.122297525405884
lateral_ring,0.1,30.0,2,0.129875955608531,34.80101803650388,4.475052050087222,0.9506641379849032,0.02833663377266737,0.35347656250000004,0.04960346162746422,2.0526435375213623
lateral_ring,0.1,30.0,3,0.12337032815309527,34.51232356610618,3.237349525702986,0.7901907478553388,0.027531785485120648,0.34734375,0.04832329738939383,2.069809675216675
lateral_ring,0.1,30.0,7,0.13123174484550928,34.63106594607314,5.127929486961916,0.8871059609686072,0.029415446771494037,0.34952473958333335,0.04906080255664767,1.4274303913116455
lateral_ring,0.1,30.0,4,0.11434145242694467,34.87262734906951,5.243464946371513,0.92664363941023,0.02699292117228339,0.353974609375,0.049376860748138546,2.192674398422241
lateral_ring,0.1,30.0,5,0.11560467268365614,35.20773724080547,6.3910665767815695,0.9178817190672104,0.027436323476999848,0.35436848958333333,0.049914407592680995,2.030419111251831
lateral_ring,0.1,30.0,8,0.12354627691107276,34.85104876622974,4.223045098775776,0.9355073392248316,0.027785265059739453,0.352041015625,0.049380262749152845,1.8166804313659668
lateral_ring,0.1,30.0,6,0.1278791994612846,34.17616432634137,4.433203789782278,0.829709254188319,0.02953302730210881,0.35121093750000004,0.04900812645827702,1.9968945980072021
lateral_ring,0.1,30.0,9,0.11803017066668917,34.07401664983659,3.167296784246927,0.9171829748702419,0.026320509291065407,0.34857747395833333,0.04879240794843998,1.9041733741760254
lateral_ring,0.1,40.0,3,0.3278335415474028,33.236241166013606,1.7214526584887637,0.8023453844152626,0.035922473607698194,0.4418522135416667,0.05926211951422736,1.8079917430877686
lateral_ring,0.1,40.0,1,0.32989979289963745,33.18607815369965,2.7424706193133166,0.7615453541129815,0.03476798245446692,0.44790364583333336,0.05998027300479959,2.101304769515991
lateral_ring,0.1,40.0,0,0.3185708579062831,33.15200970774785,2.4235571600542523,0.7377762880804544,0.03747235090473115,0.4491959635416667,0.05995674148943676,2.1105642318725586
lateral_ring,0.1,40.0,5,0.33056083970743244,33.83235884070184,3.261777314543277,0.7611941284590045,0.03611159595357968,0.4538639322916667,0.060758487703378036,1.8809659481048584
lateral_ring,0.1,40.0,4,0.3326817725119846,33.76134802962473,2.7728101915834893,0.7372831699400877,0.034387578104714836,0.4506640625,0.06018322649221111,1.9642994403839111
lateral_ring,0.1,40.0,2,0.3443549506380071,33.533487942632654,2.214134263655946,0.808695912275711,0.036817221681531224,0.45446614583333333,0.060584785408596596,2.1119189262390137
lateral_ring,0.1,40.0,7,0.32763352036307297,33.82533661698967,3.0585075054966535,0.777097750290812,0.037077851813741736,0.4574153645833334,0.0609191832571959,1.9851269721984863
lateral_ring,0.1,40.0,8,0.33552431967793195,33.642613941090694,2.6810765699328423,0.871935117910016,0.03585229888992826,0.4476399739583334,0.05986347019932101,1.9058277606964111
lateral_ring,0.1,40.0,6,0.33518182616593334,33.51960951383525,2.1006080904810016,0.8645821001620568,0.0370562381438207,0.4489908854166667,0.06041421516099705,2.0730512142181396
lateral_ring,0.1,40.0,9,0.3381560649767224,33.03295158676618,2.476854672290323,0.876835098403452,0.034348960515168066,0.447978515625,0.05969267193282132,1.908414363861084
lateral_ring,0.2,15.0,0,-0.08715301283164453,13.800971429275164,9.398952250731325,0.9898691036611977,0.024969798311341985,0.0007194010416666667,0.00993525960842991,1.4855756759643555
lateral_ring,0.2,15.0,2,-0.09095954502659251,12.775732904048425,10.139676648896655,0.9920770818371424,0.02318937778424024,0.0009733072916666667,0.010686762111354664,1.3190643787384033
lateral_ring,0.2,15.0,1,-0.08925000741832995,11.827192477671739,9.73607896819985,0.9854610216555866,0.02049427829964612,0.000615234375,0.00968091579870941,1.9589667320251465
lateral_ring,0.2,15.0,3,-0.08660538526862374,12.043957382586598,8.279485638730463,0.9953826706131162,0.02217983266337223,0.0006510416666666667,0.009994482520845194,1.8807566165924072
lateral_ring,0.2,20.0,1,-0.08956928945286796,14.786061352207069,9.984948415961252,0.9852752918079044,0.020568771429748958,0.0028515625000000004,0.009005848443713698,1.4465129375457764
lateral_ring,0.2,15.0,7,-0.09108618872491543,13.219231026210759,11.480838451785734,0.9886612939944042,0.023591471748131265,0.0006087239583333334,0.009714146224196137,1.6068589687347412
lateral_ring,0.2,15.0,6,-0.09095930957935196,13.288348298460686,10.090410731113655,0.9907944406028685,0.02344311164532286,0.0005859375000000001,0.009955688096658123,1.8011643886566162
lateral_ring,0.2,15.0,5,-0.09028948376129278,13.002094408301708,11.569693816852329,0.9852238341961302,0.0240892871446234,0.0006835937500000001,0.009560007475657578,1.8977158069610596
lateral_ring,0.2,15.0,4,-0.09042595845833286,12.233993783468238,9.782736534296468,0.9865028805697185,0.020740366419321445,0.0007552083333333334,0.010165045659779947,1.9284076690673828
lateral_ring,0.2,20.0,2,-0.09127920711239743,15.631852641127155,11.263102410088466,0.9917211572823567,0.02331379162156926,0.004710286458333333,0.010161735037730685,1.7672545909881592
lateral_ring,0.2,15.0,9,-0.08925720205884792,13.463449589625052,8.520729020764831,0.993797994935946,0.02008883060705891,0.0007486979166666667,0.01035323831603542,1.9422104358673096
lateral_ring,0.2,15.0,8,-0.09020362576551788,12.949856255050523,9.064370516051872,0.991436079798465,0.022789064894486368,0.0007486979166666667,0.010923348748611585,1.9837558269500732
lateral_ring,0.2,20.0,4,-0.09082559755084345,15.459351135947777,11.88565048541006,0.9862890371436179,0.020902088370524,0.002467447916666667,0.009982854354525329,1.7675237655639648
lateral_ring,0.2,20.0,3,-0.08721593329662451,15.154142881029435,11.511859459142594,0.9948925320105465,0.02232698470785654,0.003317057291666667,0.009854868872968827,1.772040843963623
lateral_ring,0.2,20.0,0,-0.08778414846437084,16.393361496022994,10.81061128587439,0.9892028541793463,0.025042313778170875,0.002447916666666667,0.00956105828317779,1.9933311939239502
lateral_ring,0.2,20.0,5,-0.09081166808514525,16.218321013315393,12.00020949210181,0.9846421049139574,0.024151460527682172,0.0027799479166666667,0.009237882831274365,1.6729893684387207
lateral_ring,0.2,20.0,6,-0.09141196625235204,16.268995446130685,11.531601307613718,0.9901550710804526,0.023561781226574218,0.002447916666666667,0.009697468167869533,1.674180030822754
lateral_ring,0.2,20.0,7,-0.09153118959671058,15.839167746686638,12.301408740601273,0.9881630262984029,0.023681200016448828,0.002320963541666667,0.009350057930890856,1.7733569145202637
lateral_ring,0.2,20.0,8,-0.09072763932551492,16.36055495980533,10.975836029592136,0.9911071934538774,0.022982520492873054,0.0041015625,0.010489009285640087,1.575270652770996
lateral_ring,0.2,21.0,4,-0.058032389421019584,17.839926937154964,14.410245618801673,0.986108826319168,0.021100403449343934,0.006031901041666667,0.01154680204474182,1.53566312789917
lateral_ring,0.2,21.0,0,-0.05414767690716382,18.388321492567073,12.606297791167151,0.9890570197620361,0.025127979507555853,0.005393880208333333,0.011055188798706808,1.9618415832519531
lateral_ring,0.2,21.0,6,-0.0489510963532153,18.184499108260407,12.811533665693933,0.9898769743517388,0.023692087650749507,0.006259765625,0.011325055237489156,1.6811974048614502
lateral_ring,0.2,21.0,1,-0.05726886607181345,17.386791321468323,13.345819038365951,0.9851507164690282,0.02063624617936809,0.005172526041666667,0.010085873767469049,2.0509135723114014
lateral_ring,0.2,22.0,1,-0.003118473529647384,23.401899405491662,8.619281654037831,0.9732950815125071,0.021422836297606378,0.044550781250000004,0.022348856440129666,1.694730281829834
lateral_ring,0.2,21.0,5,-0.04818304649095838,18.451788706346203,13.079024881581557,0.984700418050026,0.02415274028982376,0.00638671875,0.010785193406895446,1.8341550827026367
lateral_ring,0.2,20.0,9,-0.08963899747128125,15.704294113039637,10.620356329964396,0.9936575666019121,0.020181424759644934,0.003271484375,0.009800273403289574,2.2600808143615723
lateral_ring,0.2,21.0,9,-0.04497655557695067,17.710206911243304,12.670767616354189,0.9936264611585066,0.020236660016480078,0.00662109375,0.011030815546138118,1.854846477508545
lateral_ring,0.2,21.0,3,-0.05461604723979514,17.174630389139548,15.850436623228694,0.9944846889607939,0.022476704375508208,0.006679687500000001,0.01109777959745243,2.196746587753296
lateral_ring,0.2,21.0,2,-0.044490491373559905,17.359847221994155,13.464217063649095,0.9912587503961781,0.02338766889064173,0.007832031250000001,0.011704359019266811,2.2636210918426514
lateral_ring,0.2,22.0,0,-0.006347982877780094,23.95584093425136,8.4002306939967,0.9848342423098841,0.025610051889710928,0.049358723958333336,0.022411228518607097,1.9573750495910645
lateral_ring,0.2,21.0,8,-0.05141879767089232,18.488565193663188,12.457000583710238,0.9908844028662307,0.023100199802181764,0.008974609375000001,0.01212423510054173,2.017580032348633
lateral_ring,0.2,21.0,7,-0.042098087270711286,17.936786790827284,14.010029446354599,0.9881236340143181,0.023745204808382523,0.005638020833333333,0.011009239692076294,2.0738441944122314
lateral_ring,0.2,22.0,2,-0.005173294599073237,24.679979220695458,9.064233398221042,0.9853825490071467,0.0236167979539235,0.070478515625,0.026279449387186998,2.164853811264038
lateral_ring,0.2,22.0,3,-0.014675714433001546,23.923107982017328,12.220484236254094,0.9917548837806418,0.02317585106375662,0.045559895833333336,0.021846368346063964,2.1253228187561035
lateral_ring,0.2,22.0,4,-0.009034772209821632,23.452323824364782,8.794125921251073,0.9713704418348506,0.021889416965729953,0.05434244791666667,0.023160065108913497,2.1488451957702637
lateral_ring,0.2,23.0,1,-0.009759463592206816,27.937079072926178,8.157521252467758,0.9696153183604315,0.022764799527273654,0.18874674479166667,0.03443081758765427,1.6698582172393799
lateral_ring,0.2,22.0,5,-0.0076071421650941795,24.596452234464053,7.851316964283736,0.9788917896684217,0.024902691524017476,0.06194010416666667,0.024758817917160888,2.3147149085998535
lateral_ring,0.2,22.0,9,-0.008603471737563628,23.61483755863415,9.023325863332788,0.9871664833298043,0.02176283924974968,0.051142578125000004,0.023506653919797133,1.8853919506072998
lateral_ring,0.2,22.0,6,-0.007972730227772156,24.961635731301318,7.957761162370459,0.9838671963532705,0.024678946355112735,0.06497395833333333,0.025472439733660052,2.078864574432373
lateral_ring,0.2,23.0,3,-0.009010316222025637,28.835472838017907,6.898797760537104,0.9810324637306629,0.02491489605346015,0.17171875,0.033540404602089076,1.804901361465454
lateral_ring,0.2,22.0,7,-0.005088439735551233,24.892264860383595,10.63642935481992,0.9696910644021306,0.02474567987479221,0.05784830729166667,0.023851993950308684,2.144456148147583
lateral_ring,0.2,22.0,8,-0.01240209022733671,24.56124460352066,10.38311218368427,0.9885077562923759,0.022937566948915043,0.064677734375,0.025137983563330562,2.218733072280884
lateral_ring,0.2,23.0,0,-0.020897182237089394,27.600794722117946,7.77772757264409,0.9827485913919788,0.027389495627554793,0.175927734375,0.03374880727868356,2.1267521381378174
lateral_ring,0.2,23.0,4,-0.006436337938603757,28.6167828915991,7.828495428781846,0.9539084534481714,0.022950029059613453,0.17599934895833336,0.03329016253137288,2.0196495056152344
lateral_ring,0.2,23.0,5,-0.015205582265076751,28.8066494494199,8.187703382968804,0.975483070906181,0.025817816714295054,0.19320638020833333,0.03464725938614118,2.017043113708496
lateral_ring,0.2,23.0,2,-0.016441314982513215,28.55185186838015,5.554647791387854,0.9580641096155812,0.024315885097053118,0.19367187500000002,0.03488339036542243,2.1217031478881836
lateral_ring,0.2,23.0,6,-0.014178123021530622,28.4347971062605,9.279085511945805,0.9843921600781446,0.026379215435710805,0.1939127604166667,0.03507662865971231,2.0526156425476074
lateral_ring,0.2,23.0,7,-0.014198463169944385,28.790064401361402,9.109122636463397,0.9766321317364274,0.024853743306647098,0.19032226562500001,0.03451186205434652,2.0778396129608154
lateral_ring,0.2,23.0,8,-0.011024340638725184,29.471576050773276,7.932198754928953,0.9813765538121827,0.023842790052863334,0.18467122395833335,0.03445948163510306,1.8275914192199707
lateral_ring,0.2,23.0,9,-0.01722334985918923,27.96780251965634,7.785986647869124,0.9830589887940347,0.023386449187507666,0.18586263020833335,0.03413885034119839,1.759415864944458
lateral_ring,0.2,24.0,0,-0.02344432499959845,29.805489279176573,9.672794627796309,0.9822962664747371,0.026111402405806537,0.250361328125,0.037755581823619384,1.6403872966766357
lateral_ring,0.2,24.0,4,-0.02129437882825705,30.432934993350788,9.373695502712838,0.9730673387654789,0.024477949770590486,0.25281901041666666,0.03790962063796164,1.3995649814605713
lateral_ring,0.2,24.0,8,-0.02264821440385713,31.220131262847552,8.819809462038979,0.975268404791396,0.025344551992634058,0.25573893229166667,0.03809873805373193,1.4562335014343262
lateral_ring,0.2,24.0,2,-0.017615290195246224,31.12467154221456,7.225622550529273,0.9871860550494778,0.026398460849333786,0.25994791666666667,0.03847759832192516,1.8622233867645264
lateral_ring,0.2,24.0,1,-0.028127777480566506,29.858184429475642,9.766233872165374,0.9725216272607388,0.022827215692739652,0.2609147135416667,0.03808076706344134,2.0002403259277344
lateral_ring,0.2,25.0,0,-0.015975925737866374,31.50935642410274,8.066462523208692,0.9782407125395901,0.02604378277353616,0.28853841145833337,0.040184485442222695,1.5476598739624023
lateral_ring,0.2,25.0,1,-0.003995629734820197,31.134686106703196,11.073566613999771,0.9777569178644516,0.022237051860307354,0.3027506510416667,0.040975548895033194,1.5729351043701172
lateral_ring,0.2,24.0,5,-0.02092085301925776,30.969162429238697,7.9208370401776325,0.9691522665413279,0.024372891038764284,0.267705078125,0.03875225375344663,1.8889291286468506
lateral_ring,0.2,24.0,3,-0.020595126082508443,30.981332608598876,7.194681602649875,0.9745393243376025,0.02556767840962227,0.25276367187500004,0.03804098077475504,2.017258644104004
lateral_ring,0.2,24.0,6,-0.018782470166651626,30.687864062930213,8.752730509427328,0.9767098233576379,0.025188017587361073,0.26468098958333336,0.03869607100911157,1.8883347511291504
lateral_ring,0.2,24.0,7,-0.021357619085695934,30.86032985513893,8.284129901000572,0.976015928705703,0.024650797567960868,0.2634440104166667,0.038439574108857844,1.8149373531341553
lateral_ring,0.2,24.0,9,-0.02831647479946499,30.039006451891797,9.136381130605363,0.9825580011552081,0.02475109760305154,0.255380859375,0.03780470285162507,1.778717279434204
lateral_ring,0.2,25.0,3,-0.005450540464225757,32.19291711868471,6.6954123654539925,0.9404127330915246,0.026454580157207565,0.29070638020833334,0.04040775816505064,1.6376092433929443
lateral_ring,0.2,25.0,2,-0.006724738122063144,32.61670088025154,9.424397770413632,0.9863273104463108,0.0268318328312853,0.29908203125000005,0.041498983492800956,1.7004005908966064
lateral_ring,0.2,25.0,4,-0.009096589302651021,32.42302749028659,10.270866451934586,0.9696912563798297,0.0246708032916664,0.2926920572916667,0.04059605233583613,1.719175100326538
lateral_ring,0.2,25.0,5,-0.007469985797409827,32.367911894278535,8.31675339363593,0.9758086952726691,0.0248109981417742,0.3068717447916667,0.041540356254755946,1.7665681838989258
lateral_ring,0.2,25.0,6,-0.004644523654216028,31.86375365239186,10.471879633980821,0.9814015542920984,0.025518885176805964,0.30185872395833335,0.041246336305004364,1.800377368927002
lateral_ring,0.2,26.0,2,0.018605342089684552,33.71990864279356,9.216507065492525,0.981031985364553,0.027724384101333148,0.3197102864583334,0.04358490858346835,1.3885440826416016
lateral_ring,0.2,25.0,7,-0.01210492672392743,32.119493449531916,7.929113784449756,0.966450001539429,0.02502118506546361,0.3000846354166667,0.041011318523368624,2.1084797382354736
lateral_ring,0.2,25.0,8,-0.019201229116369723,33.07415794263379,8.984689450531128,0.9779402976018194,0.026479559231330843,0.28976888020833336,0.04055145045466836,1.9211773872375488
lateral_ring,0.2,26.0,0,0.007990902996893007,32.6439838071885,7.511860625478862,0.9522265014907743,0.02666711338404292,0.31425130208333335,0.04255258649431927,1.8924212455749512
lateral_ring,0.2,25.0,9,-0.008422420663790346,31.80985793176627,10.108325162050258,0.9861154145279885,0.025088175092014324,0.2965006510416667,0.040567814448245004,1.9971084594726562
lateral_ring,0.2,26.0,3,0.020286285455931575,33.0452403776142,4.922778317856532,0.9264301410238565,0.027038849236917097,0.3148697916666667,0.04258007289779707,1.91843581199646
lateral_ring,0.2,26.0,1,0.010451730870250243,32.372904520453346,11.450700613992568,0.9747247495689454,0.02278074875435524,0.32318359375,0.043230012647677764,2.020909547805786
lateral_ring,0.2,26.0,5,0.018094676870553383,33.744559385288845,9.632192851124062,0.9609919635891633,0.025837378277586358,0.32243489583333335,0.043779774219372014,1.9290730953216553
lateral_ring,0.2,26.0,8,0.010212231418033447,33.85064611051871,8.665400256638929,0.9803315684657173,0.02558983379115874,0.30790364583333335,0.04243478778209346,1.9321434497833252
lateral_ring,0.2,26.0,9,0.011596811676539925,33.10435894384362,7.087567627048489,0.9754497724742978,0.025104005536648683,0.3143424479166667,0.04239397406351954,1.9729700088500977
lateral_ring,0.2,26.0,6,0.027299514664499636,33.096430227896825,10.889634954840307,0.9785366873789523,0.026089138440959746,0.31977539062500004,0.04343219810372384,2.0740599632263184
lateral_ring,0.2,26.0,7,0.008519946585865962,33.64445387185361,8.540727123708999,0.9614451330157628,0.02634811314606609,0.3179850260416667,0.043015414502720846,2.065929412841797
lateral_ring,0.2,26.0,4,0.015046776989461908,33.279894056396834,8.2772875250337,0.937570572087445,0.02399179119013177,0.320009765625,0.043336965892030545,2.200427770614624
lateral_ring,0.2,27.0,0,0.03367917201184644,33.46340606626533,6.431388043520167,0.9350859432399707,0.027404971382544507,0.3261002604166667,0.04422977945364757,2.021388292312622
lateral_ring,0.2,27.0,1,0.049231210305517116,33.04653835971114,7.393371115915012,0.9566986217108745,0.023645256097290183,0.337626953125,0.044991713986962036,1.9541468620300293
lateral_ring,0.2,27.0,2,0.038688650433238526,34.30530421806063,9.48418824515102,0.9788762081031682,0.027972538178435126,0.3350911458333334,0.04574764338897561,2.037769079208374
lateral_ring,0.2,27.0,5,0.03360324512860899,34.62044411029233,9.973560055623267,0.9802077830972369,0.025814240267372734,0.33944661458333336,0.04583970520606923,1.7117507457733154
lateral_ring,0.2,27.0,3,0.036695559471190506,33.68982575237192,6.282496997067615,0.9239042844535478,0.027419988436779723,0.33087890625000005,0.04463218966369495,2.1699535846710205
lateral_ring,0.2,27.0,4,0.03859311468468548,34.26569371584603,8.560234492525645,0.9572620020752733,0.02479079118491341,0.33520182291666667,0.04520126765880978,2.245462417602539
lateral_ring,0.2,28.0,1,0.06503567844191722,33.684311289646885,7.176809029062117,0.9573366435657238,0.0243789796365752,0.347822265625,0.04682678887707541,1.881324052810669
lateral_ring,0.2,27.0,8,0.0414115400248159,34.72782106814723,6.902908283096471,0.9675395444634703,0.025819375412686543,0.32458333333333333,0.044360256319114034,2.0632386207580566
lateral_ring,0.2,28.0,3,0.06624968453466747,34.48757748763936,4.189574572407561,0.8860157075573771,0.027649542249878523,0.33855794270833334,0.04575019995750009,1.8685791492462158
lateral_ring,0.2,27.0,6,0.053918574538828236,34.07994126467554,9.441002973743384,0.9789042883343335,0.02669704216790779,0.33542317708333336,0.04552629875838541,2.2796149253845215
lateral_ring,0.2,28.0,0,0.06618249735426197,34.03788508841801,7.289609962151548,0.9467943543836911,0.028339421145676984,0.3343229166666667,0.045846963807167705,2.0653228759765625
lateral_ring,0.2,27.0,7,0.04659119840972233,34.48720608935573,6.643040380072262,0.96460645268537,0.026905790895397224,0.3308268229166667,0.04474258881194982,2.2833995819091797
lateral_ring,0.2,27.0,9,0.041020965483481775,33.72811775316076,6.9232542630093565,0.9753599609432544,0.02533793255216469,0.3241666666666667,0.044148537071218165,2.1469950675964355
lateral_ring,0.2,28.0,2,0.07561174931336805,34.54371902384263,7.387053394649868,0.9648697129969315,0.027790882729595578,0.34246419270833334,0.04735364024834864,2.130495071411133
lateral_ring,0.2,28.0,4,0.07074002671877927,34.878677732053305,7.339913796136578,0.9473411368909865,0.02589222691687328,0.34133138020833337,0.04673557240742909,2.0498266220092773
lateral_ring,0.2,28.0,5,0.07082231819725103,35.13618333851063,7.629666250133582,0.9667684185976421,0.02638640356202086,0.3468424479166667,0.0474042072488889,2.074558973312378
lateral_ring,0.2,28.0,6,0.075166092501128,34.2931347083037,6.3451079602806875,0.9574922324260039,0.02737806006223951,0.339658203125,0.04676008101387763,2.004427194595337
lateral_ring,0.2,28.0,7,0.06888080669491735,34.89258017497176,6.023173864552071,0.9428370088439644,0.027895664743398125,0.3402180989583334,0.0464874721609869,2.087193012237549
lateral_ring,0.2,28.0,8,0.07306345588478443,34.58026093588239,6.76065494157666,0.9665327032883114,0.026335114310740804,0.337578125,0.0461255502757144,2.1410810947418213
lateral_ring,0.2,28.0,9,0.07385631950408053,34.08954038568653,8.379395746598544,0.9353640690812483,0.025687342610730836,0.33266601562500003,0.04588191099483304,2.1601104736328125
lateral_ring,0.2,29.0,3,0.09693277142061196,34.452032186907545,4.0473105163750525,0.8458219490416393,0.027003227520311576,0.3453125,0.04701330729063442,1.854018211364746
lateral_ring,0.2,29.0,8,0.10369289345319478,34.63094612255294,5.892575244444111,0.9381306473307427,0.02688850513840364,0.3462076822916667,0.0479416919730072,1.7808821201324463
lateral_ring,0.2,29.0,5,0.09678994506348615,34.98890371151219,5.790167530563836,0.9574913216330493,0.02704003775212521,0.3472395833333334,0.04849192543350209,2.016557455062866
lateral_ring,0.2,29.0,0,0.09199458385406341,34.287006516631266,5.433372540845361,0.8973121682298428,0.029336699946352744,0.3414420572916667,0.04726117408963525,2.5798025131225586
lateral_ring,0.2,29.0,2,0.10518759781008583,34.65154952437513,6.6047875258878985,0.9543962731023147,0.027422531680367714,0.3488639322916667,0.04886396507567565,2.2126970291137695
lateral_ring,0.2,30.0,0,0.1254381060336867,33.67254951115256,4.025342864766826,0.8394416991866833,0.030051312300921354,0.343623046875,0.0481747732334527,1.986769437789917
lateral_ring,0.2,29.0,9,0.0928773972060484,34.482564751274424,5.696591438258254,0.9012068132771219,0.025772003640531085,0.3383072916666667,0.047193321901617014,1.995248556137085
lateral_ring,0.2,29.0,1,0.09512639743410867,34.386394087997594,5.8272962675383715,0.8850286861478722,0.02524733975302005,0.35125651041666667,0.0479781336453961,2.4574363231658936
lateral_ring,0.2,29.0,4,0.09286753157459231,34.684621798183116,4.154562879039216,0.9430732743849528,0.02565195221564376,0.3471744791666667,0.048154890273147545,2.2685089111328125
lateral_ring,0.2,29.0,6,0.10396053091385257,34.35597593887291,5.94857264909568,0.9464771095352555,0.02831355960529618,0.3436393229166667,0.04782700683869481,2.2624809741973877
lateral_ring,0.2,30.0,1,0.1290484439581445,33.95485495010331,5.842377796251047,0.9003118744461425,0.026473821824308127,0.3545279947916667,0.04921049915560067,2.0410983562469482
lateral_ring,0.2,29.0,7,0.1050600266976395,34.983596639309646,5.130488528508991,0.8587698800326546,0.02793834442369921,0.34424804687500005,0.047832517983478866,2.2644636631011963
lateral_ring,0.2,30.0,2,0.13339498917751164,34.202187861783685,4.156812636419894,0.8947459180115697,0.028431515290724543,0.3494401041666667,0.04965157390349064,2.140347480773926
lateral_ring,0.2,30.0,3,0.12481686925961216,34.31504833581812,6.2228642378644246,0.9251706634057979,0.027167620695207503,0.344912109375,0.04849430816809032,2.1721694469451904
lateral_ring,0.2,30.0,4,0.12899581277643993,34.90971922288277,4.780396566667097,0.8916945260324711,0.02650561039089207,0.349541015625,0.049405446362221266,2.0443291664123535
lateral_ring,0.2,30.0,5,0.12481397739056545,34.55673848256107,4.177840703293958,0.9096612406700577,0.0277207488318823,0.35087239583333335,0.049556101645873714,1.98494553565979
lateral_ring,0.2,40.0,3,0.3446084318185457,33.45890695666671,3.141454950681397,0.8334163424693036,0.03899366039062811,0.345068359375,0.06140169355699995,1.554621934890747
lateral_ring,0.2,40.0,4,0.34122871933792615,33.55615969966232,2.7397743955036593,0.8308985012620981,0.03865274407970614,0.3464518229166667,0.06270404252243073,1.7830958366394043
lateral_ring,0.2,40.0,2,0.3448959109568901,33.21293210743505,2.823580816378531,0.8455991473473887,0.03979570850999295,0.3495377604166667,0.06456149823743633,1.9195027351379395
lateral_ring,0.2,30.0,6,0.13496544727762572,34.03359943520783,5.864216152500416,0.9037459944282196,0.02904990799744408,0.3447721354166667,0.04900209455280493,2.3398048877716064
lateral_ring,0.2,40.0,7,0.3525938407520451,33.535124003104755,2.3523473206965595,0.8096074119837562,0.04043490104181106,0.3468098958333334,0.06344206014249312,2.0079588890075684
lateral_ring,0.2,30.0,7,0.12720599513735556,34.65377222597663,4.979607673920316,0.8994770217000954,0.028758272852259043,0.34791992187500004,0.04910461222749958,2.4726054668426514
lateral_ring,0.2,40.0,1,0.34226045519481063,33.22502721792425,1.2264690611079236,0.7872492201422118,0.039290169316841574,0.3465885416666667,0.06190891226549698,2.1528594493865967
lateral_ring,0.2,40.0,0,0.34547503792728407,32.79002564675086,2.0298803509619865,0.840264914711884,0.03934273847052052,0.34502278645833334,0.06148157537067441,2.3089168071746826
lateral_ring,0.2,30.0,9,0.13033663416426622,34.320116499550004,5.418061557963891,0.9515843144366051,0.02624106807841505,0.3433658854166667,0.048496595748740615,2.3644144535064697
lateral_ring,0.2,40.0,5,0.34329721989362044,33.449870956207356,2.424388639819021,0.8066983044068272,0.03876114086193703,0.3470865885416667,0.06272527228402192,2.232726573944092
lateral_ring,0.2,40.0,6,0.3435881481280445,33.30476722083295,3.659550568057502,0.817168182792612,0.040788768165412,0.34681640625000004,0.06329723288630495,2.237277030944824
lateral_ring,0.2,30.0,8,0.13014683436073457,34.4845629594513,6.081222158542199,0.9376075426359142,0.02771434664029244,0.34649739583333333,0.04914699088831701,2.494370937347412
lateral_ring,0.2,40.0,8,0.3411602718298831,33.548919319719914,2.868436149535125,0.844645272287153,0.03900086384013991,0.3474186197916667,0.06334882735856127,2.0379040241241455
lateral_ring,0.2,40.0,9,0.3446390982202293,33.166298600169235,1.8617254801778074,0.8044921802661148,0.038813030447224596,0.3450651041666667,0.06213117034288467,2.1619560718536377
lateral_ring,0.5,15.0,0,-0.08715301283164453,13.800971429275164,9.398952250731325,0.9898691036611977,0.024969798311341985,0.0007194010416666667,0.00993525960842991,2.183152675628662
lateral_ring,0.5,15.0,1,-0.08925000741832995,11.827192477671739,9.73607896819985,0.9854610216555866,0.02049427829964612,0.000615234375,0.00968091579870941,2.2536299228668213
lateral_ring,0.5,15.0,3,-0.08660538526862374,12.043957382586598,8.279485638730463,0.9953826706131162,0.02217983266337223,0.0006510416666666667,0.009994482520845194,1.7531533241271973
lateral_ring,0.5,20.0,1,-0.08957439292715282,14.786061352206884,9.984948415965587,0.9852752918079043,0.020568771429755335,0.0028352864583333333,0.009006477694398343,1.6217892169952393
lateral_ring,0.5,15.0,7,-0.09108618872491543,13.219231026210759,11.480838451785734,0.9886612939944042,0.023591471748131265,0.0006087239583333334,0.009714146224196137,1.8736670017242432
lateral_ring,0.5,15.0,2,-0.09095954502659251,12.775732904048425,10.139676648896655,0.9920770818371424,0.02318937778424024,0.0009733072916666667,0.010686762111354664,2.4384520053863525
lateral_ring,0.5,15.0,8,-0.09020378148889309,12.949856255050106,9.064370516051666,0.991436079798465,0.022789064894486143,0.0007421875,0.010923109254731668,2.055558443069458
lateral_ring,0.5,20.0,2,-0.0912794093907048,15.631852641127331,11.263102410088555,0.9917211572823559,0.02331379162157057,0.0046972656250000005,0.010161406916208942,1.9034655094146729
lateral_ring,0.5,15.0,4,-0.09042595845833286,12.233993783468238,9.782736534296468,0.9865028805697185,0.020740366419321445,0.0007552083333333334,0.010165045659779947,2.356628656387329
lateral_ring,0.5,15.0,5,-0.09028948376129278,13.002094408301708,11.569693816852329,0.9852238341961302,0.0240892871446234,0.0006835937500000001,0.009560007475657578,2.336791515350342
lateral_ring,0.5,15.0,6,-0.09095950088538883,13.288348298460543,10.0904107311134,0.9907944406028683,0.02344311164532341,0.0005826822916666667,0.009955847659273436,2.316559076309204
lateral_ring,0.5,20.0,3,-0.08722149284070191,15.154142881078648,11.511859459157623,0.9948925320105455,0.02232698470794357,0.0033138020833333335,0.009855499383068055,2.1357548236846924
lateral_ring,0.5,20.0,0,-0.08778418176215631,16.39336149602259,10.810611285874836,0.9892028541793468,0.0250423137781686,0.0024446614583333334,0.009560995543352555,2.2538156509399414
lateral_ring,0.5,20.0,4,-0.09082559755084345,15.459351135947777,11.88565048541006,0.9862890371436179,0.020902088370524,0.002467447916666667,0.009982854354525329,2.063389778137207
lateral_ring,0.5,15.0,9,-0.08925720205884792,13.463449589625052,8.520729020764831,0.993797994935946,0.02008883060705891,0.0007486979166666667,0.01035323831603542,2.2739617824554443
lateral_ring,0.5,20.0,5,-0.09081215257028172,16.218321013313492,12.000209492100913,0.9846421049139592,0.024151460527683074,0.0027734375000000003,0.009237810223658846,1.9980015754699707
lateral_ring,0.5,20.0,6,-0.09141333005224556,16.268995446130322,11.531601307612215,0.9901550710804531,0.02356178122657733,0.002431640625,0.009698006157823614,2.035182237625122
lateral_ring,0.5,20.0,8,-0.09072818940222176,16.360554959805196,10.975836029591846,0.9911071934538781,0.022982520492871743,0.0040885416666666665,0.010488265102285475,2.188255786895752
lateral_ring,0.5,21.0,1,-0.05742167634547669,17.38679132155456,13.345819038083937,0.9851507164690602,0.020636246179410355,0.005152994791666667,0.010087035681165181,1.9073851108551025
lateral_ring,0.5,21.0,3,-0.0546163895422501,17.174630389168215,15.850436623199988,0.9944846889607524,0.022476704375608156,0.006673177083333334,0.011098743926653665,1.801107406616211
lateral_ring,0.5,21.0,4,-0.058032389421019584,17.839926937154964,14.410245618801673,0.986108826319168,0.021100403449343934,0.006031901041666667,0.01154680204474182,1.810251235961914
lateral_ring,0.5,20.0,7,-0.09153118959671058,15.839167746686638,12.301408740601273,0.9881630262984029,0.023681200016448828,0.002320963541666667,0.009350057930890856,2.5585358142852783
lateral_ring,0.5,20.0,9,-0.08963919427919405,15.704294113041046,10.620356329964295,0.9936575666019114,0.020181424759649683,0.0032617187500000003,0.00980054299123528,2.200486898422241
lateral_ring,0.5,21.0,5,-0.048182126363078774,18.4517887062225,13.079024881210948,0.9847004180499542,0.024152740289994624,0.006383463541666667,0.010785426215871287,1.8758537769317627
lateral_ring,0.5,21.0,7,-0.042098087270711286,17.936786790827284,14.010029446354599,0.9881236340143181,0.023745204808382523,0.005638020833333333,0.011009239692076294,1.760242223739624
lateral_ring,0.5,21.0,0,-0.05413778248372097,18.388321492571134,12.606297791174981,0.989057019762039,0.025127979507543904,0.005387369791666667,0.011055251403992768,2.2569499015808105
lateral_ring,0.5,21.0,2,-0.04449154578917567,17.359847222464555,13.464217063609093,0.9912587503971335,0.023387668890447983,0.007815755208333334,0.01170443386986043,2.1748156547546387
lateral_ring,0.5,22.0,0,-0.006298090202573005,23.95573069092905,8.400436042358871,0.9848322170050442,0.025609998474022438,0.04936197916666667,0.022411211241498034,1.8914620876312256
lateral_ring,0.5,21.0,8,-0.051419978969378985,18.48856519530372,12.457000584057266,0.9908844028658123,0.02310019980193932,0.00896484375,0.012123819813062492,1.9300401210784912
lateral_ring,0.5,21.0,6,-0.04893009444368264,18.184499055914017,12.811533629529379,0.989876974352803,0.023692087651427805,0.006236979166666667,0.011325740247306997,2.0275719165802
lateral_ring,0.5,21.0,9,-0.044977118119420796,17.710206909955186,12.670767614625913,0.9936264611581542,0.020236660016480664,0.006614583333333333,0.011031184341206585,1.9944407939910889
lateral_ring,0.5,22.0,1,-0.00310949706171412,23.40750984552219,8.647794854707342,0.9732766985522002,0.021423052460758235,0.044501953125,0.022342154665157137,1.787674903869629
lateral_ring,0.5,22.0,2,-0.0051734395009149555,24.680421306448512,9.067885070508119,0.9853972840020913,0.023616381745715537,0.070458984375,0.026278258648835016,1.8190674781799316
lateral_ring,0.5,22.0,3,-0.014695117017673273,23.923126322997177,12.220315545418128,0.9917546987761862,0.023175850390040175,0.045559895833333336,0.021847473242330707,1.542860746383667
lateral_ring,0.5,22.0,4,-0.009018929285717247,23.452319625105755,8.794130438508535,0.9713710939140866,0.0218894246892774,0.05434244791666667,0.0231601444655812,1.4926307201385498
lateral_ring,0.5,22.0,9,-0.008597506374057578,23.61484585335777,9.023394112606622,0.9871666162585092,0.021762837975449076,0.05112955729166667,0.023507017000463468,1.4916200637817383
lateral_ring,0.5,22.0,7,-0.005088439735551233,24.892264860383595,10.63642935481992,0.9696910644021306,0.02474567987479221,0.05784830729166667,0.023851993950308684,1.6800429821014404
lateral_ring,0.5,22.0,5,-0.007587394552589881,24.596449004893657,7.85139527725273,0.9788917262022564,0.024902697153772215,0.06194661458333334,0.024759231583961303,1.7901685237884521
lateral_ring,0.5,23.0,0,-0.020857897001221842,27.60070504871197,7.777666026482156,0.9827403145177337,0.027389411006841953,0.175927734375,0.033749524377605304,1.695390224456787
lateral_ring,0.5,23.0,1,-0.015704171301157456,27.833355009057613,7.408141791285424,0.9721597885051352,0.02308536089399159,0.18719726562500003,0.034245277305739376,1.712456464767456
lateral_ring,0.5,23.0,4,-0.01345564086468678,28.72741784630439,7.835128687303919,0.9487871659278728,0.02296876856501367,0.17595377604166668,0.03331868148848648,1.5873265266418457
lateral_ring,0.5,22.0,6,-0.007880995354252908,24.960243790631754,7.955302945366372,0.9838818833888521,0.024657378495085817,0.06494791666666667,0.025474000359562498,1.9114856719970703
lateral_ring,0.5,23.0,5,-0.015187713015114535,28.799694947583205,8.183663916662232,0.9755568457674864,0.025818015833407922,0.19321940104166668,0.03465064801956555,1.6297073364257812
lateral_ring,0.5,22.0,8,-0.012432808382419088,24.56124359164592,10.383096319687455,0.988507825733921,0.02293759667747052,0.06466471354166667,0.0251380554849382,1.9471495151519775
lateral_ring,0.5,23.0,6,-0.014618635284861214,28.434758032042673,9.278772158282548,0.9844035308328154,0.026417549548730403,0.1938671875,0.03507771742069465,1.7020456790924072
lateral_ring,0.5,23.0,2,-0.016624270956240896,28.61690615236962,6.194110662805726,0.9633079095495743,0.024138000908564758,0.19422526041666668,0.034994808278582035,1.8265445232391357
lateral_ring,0.5,23.0,3,-0.009027321287904143,28.835518447709383,6.898666768006171,0.9810368456455953,0.02491483327043339,0.17169921875000002,0.03354141582518212,1.8093233108520508
lateral_ring,0.5,23.0,7,-0.014340014922516336,28.789950263030274,9.1107358993521,0.9766344330547038,0.024853768640509234,0.19031575520833335,0.03451197659606154,1.651094913482666
lateral_ring,0.5,23.0,8,-0.01104961463767292,29.472015557733986,7.931375813701511,0.98135946748362,0.023843272040246388,0.18467447916666668,0.03446345959653305,1.664994478225708
lateral_ring,0.5,23.0,9,-0.018450713761107553,27.96772691269937,7.7861824921808385,0.9830597178111201,0.023386365136531327,0.18583984375,0.034140028117323896,1.511765718460083
lateral_ring,0.5,24.0,0,-0.02372819691397554,29.80553307206232,9.67274778757344,0.9822960734006273,0.026104491995882755,0.250341796875,0.037755723480754566,1.689453363418579
lateral_ring,0.5,24.0,9,-0.028351346370245136,30.039339285223736,9.135649377712406,0.9825601079949956,0.024750983630630385,0.25540039062500003,0.03780730544903778,1.4929490089416504
lateral_ring,0.5,24.0,3,-0.020603434986063245,30.981287248979108,7.194430329323413,0.9745375770906974,0.025567681818703655,0.25276367187500004,0.038042816301926914,1.957540512084961
lateral_ring,0.5,24.0,1,-0.029498343745349202,29.858157408808843,9.76913730864645,0.9725107831420403,0.0227456167424909,0.2608723958333333,0.03808702719229937,2.2314727306365967
lateral_ring,0.5,25.0,1,-0.005014892313679377,31.282934676947576,10.662238881568499,0.9735281815709773,0.022415734432290807,0.3025260416666667,0.040987783022836705,1.7470145225524902
lateral_ring,0.5,24.0,7,-0.021358314581718104,30.86033482665616,8.283889586509806,0.9760166398199116,0.02465079395458744,0.2634407552083334,0.03843961359283116,2.0092408657073975
lateral_ring,0.5,24.0,5,-0.02417951696206149,30.972438698633695,7.899100084583598,0.9691833008733568,0.024372828407377162,0.267744140625,0.0387527812700273,2.085811138153076
lateral_ring,0.5,25.0,2,-0.005163363940545758,32.51637690920719,9.648949029809835,0.9714692738211234,0.026831569851712082,0.2980143229166667,0.04128880390469132,1.866370439529419
lateral_ring,0.5,24.0,8,-0.022135842205894606,31.208783696694592,8.842862892895038,0.9710217253430796,0.025097520252399787,0.2543522135416667,0.037990917488987155,2.0044400691986084
lateral_ring,0.5,24.0,2,-0.017704655233427912,31.064662581415302,7.685327103564425,0.9832055378864212,0.026151014627732415,0.26058593750000003,0.03855484846971221,2.3626346588134766
lateral_ring,0.5,24.0,4,-0.01954580352018755,30.432783816443948,9.374759995693998,0.9730815318957345,0.024478137811604843,0.25277669270833336,0.03790650595535742,2.282796859741211
lateral_ring,0.5,24.0,6,-0.022214784676651073,30.672984670246294,8.746939962468515,0.9727176291235707,0.02518430939056133,0.264658203125,0.038700442786195006,2.2410693168640137
lateral_ring,0.5,25.0,3,-0.006297605596233084,32.190902120765,6.691285167106662,0.9403780061650948,0.026452377650414097,0.29068359375,0.04040991234310041,1.9406192302703857
lateral_ring,0.5,25.0,0,-0.015302462652037458,31.509567185004197,8.06188544871607,0.9783022550432869,0.026255746938330177,0.2885546875,0.040174770651297646,2.2145423889160156
lateral_ring,0.5,25.0,4,-0.00905697594070543,32.41810888968818,10.254941210261139,0.9698491773785543,0.02467154839214546,0.29263997395833335,0.04059410405506346,2.034666061401367
lateral_ring,0.5,25.0,5,-0.008414837989829595,32.35934995576461,8.425141328325642,0.975511482124508,0.024810494982640107,0.3068717447916667,0.04154156395498486,2.026787281036377
lateral_ring,0.5,25.0,6,-0.00367858212196711,31.863551065818097,10.467819942615549,0.9813159755640241,0.025519487874668755,0.3017740885416667,0.04125026887053973,2.279841423034668
lateral_ring,0.5,26.0,1,0.0163902595843851,32.13224499590612,10.650585907368082,0.9762519365717182,0.022728758339339402,0.3222233072916667,0.04297045796548666,1.3619987964630127
lateral_ring,0.5,25.0,7,-0.011931596686065441,32.14543539201329,8.572985109399392,0.9504682647934991,0.025002056327535882,0.29948567708333335,0.04097618576035718,2.022099018096924
lateral_ring,0.5,26.0,6,0.0318883917024416,33.07134557570239,9.572250004349081,0.9765500045593616,0.026128863449124788,0.3175227864583334,0.04327632870053022,1.8558835983276367
lateral_ring,0.5,26.0,5,0.013026486144597914,33.787278909557266,9.645387846160492,0.9649243441782013,0.02585015341356648,0.322421875,0.0437631976998256,1.9392614364624023
lateral_ring,0.5,25.0,8,-0.01718630718234717,33.051915188193746,8.877025967955813,0.9759278873865813,0.026276350505418645,0.28960611979166667,0.040497798612906276,2.3242249488830566
lateral_ring,0.5,26.0,0,0.00383700181812283,32.61599730327544,9.068075183571628,0.976383269679537,0.026737296771754834,0.3147721354166667,0.04253519932292293,2.2072813510894775
lateral_ring,0.5,26.0,3,0.022158707805590157,33.122015327135344,4.774426105979979,0.8677405566165726,0.0270097822941533,0.31448567708333336,0.04256120563185574,2.129014253616333
lateral_ring,0.5,25.0,9,-0.006544643739224382,31.93510183590479,10.42071376238875,0.9861482272692016,0.02514825232303377,0.295771484375,0.040550132637513316,2.2961978912353516
lateral_ring,0.5,26.0,7,0.015197770841251908,33.57524532690487,8.291362935159475,0.9742577388916925,0.026381023446530708,0.318046875,0.04299931350528732,1.9753198623657227
lateral_ring,0.5,26.0,2,0.014631182727711177,33.812297076629434,8.971298625075088,0.9810691000870134,0.027517839684827742,0.32147135416666667,0.04380416747748393,2.1888484954833984
lateral_ring,0.5,26.0,4,0.02052711236913154,33.24256886933042,8.48177598606819,0.9442304025667572,0.023996186046748847,0.3200455729166667,0.043325602275022496,2.1768712997436523
lateral_ring,0.5,26.0,8,0.013682113141962876,33.94967410100914,8.453049742013052,0.9766148553085431,0.025800396566135326,0.3073404947916667,0.042312710710635054,1.989854335784912
lateral_ring,0.5,26.0,9,0.011361267243716368,33.0197700879794,6.8147809793353895,0.9790507278228663,0.025209502072053046,0.31126953125,0.04212909574332258,2.014946699142456
lateral_ring,0.5,27.0,0,0.035550322522992256,33.49588238572318,7.544798924781962,0.9641219260351127,0.027625101430442618,0.3276497395833334,0.04436499459222523,1.9785637855529785
lateral_ring,0.5,27.0,1,0.04012542421022267,33.24060792055899,8.362067496027947,0.962402488408844,0.023387446175055903,0.33788736979166667,0.04505011351618145,1.9483566284179688
lateral_ring,0.5,27.0,4,0.03707114560877068,34.04170404797689,7.3321974581410245,0.9575503369095695,0.024826693616456355,0.3354296875,0.04525537236030124,1.582993507385254
lateral_ring,0.5,27.0,3,0.03866172627246722,33.69136319552076,6.110297692207444,0.9496745691491285,0.027602019206440415,0.3320084635416667,0.04464205784704317,2.144648790359497
lateral_ring,0.5,27.0,2,0.046868677870529986,34.220744331954656,8.774626666216665,0.9729025234710832,0.027764360838914804,0.3360904947916667,0.04574218909534953,2.2423641681671143
lateral_ring,0.5,27.0,9,0.03656472616393272,33.91301316474117,7.458367464634443,0.9654240919864616,0.02544483946112933,0.3231901041666667,0.044048227721979076,1.5413954257965088
lateral_ring,0.5,28.0,3,0.06289930077545951,34.42639322980832,5.694742477481291,0.9376289696819428,0.027608357143536422,0.33773437500000003,0.04585287355340351,1.5217604637145996
lateral_ring,0.5,27.0,8,0.04436172171324613,34.59169819035916,6.1446348147502095,0.9683271761288292,0.0255870816410059,0.32663411458333336,0.044453780710925976,1.7937867641448975
lateral_ring,0.5,27.0,7,0.043347754978680875,34.34044509172259,7.497521680266411,0.8883382125162549,0.026419958995776864,0.3300455729166667,0.04472815795284862,1.9036047458648682
lateral_ring,0.5,28.0,2,0.07005686131400428,34.69459123500642,7.510626697421236,0.9600669275943805,0.02759306519987943,0.3424576822916667,0.047312559421785604,1.7863492965698242
lateral_ring,0.5,27.0,6,0.05220517783245915,33.95228221308084,8.69092584143489,0.9747852506248338,0.026752283974191677,0.33429361979166666,0.04544848210172078,1.90924072265625
lateral_ring,0.5,28.0,0,0.06703359721146963,33.99318542444629,5.99133737251249,0.8519020921635447,0.02832666495539467,0.3361979166666667,0.0459605585225488,1.8480753898620605
lateral_ring,0.5,27.0,5,0.03886530949150507,34.78984974331166,10.806046004080663,0.9766493047460031,0.02578325666241304,0.3390201822916667,0.045834478201602864,2.02953839302063
lateral_ring,0.5,28.0,1,0.07196313803213496,33.821008653593935,7.847081712273988,0.9533820197083723,0.024022963331954073,0.34740885416666667,0.046694425136829205,1.9072473049163818
lateral_ring,0.5,28.0,4,0.06816053231655234,34.95047809283918,6.2327062433994245,0.9600463381600342,0.025606446715070126,0.34072591145833336,0.04666984034989927,1.9265100955963135
lateral_ring,0.5,28.0,5,0.06380823864340819,34.750708736908216,7.136354431444793,0.9608368761737076,0.026026103182670342,0.34339843750000004,0.047164412320834556,1.7737393379211426
lateral_ring,0.5,28.0,6,0.07385848399791885,34.44596489771517,7.209810236019657,0.9677966303638943,0.026906842372900787,0.34171223958333335,0.047034578969128264,1.7116305828094482
lateral_ring,0.5,28.0,7,0.07052154570763018,34.82834010284048,5.632004684251879,0.9050166949884062,0.027752183630362238,0.3375065104166667,0.04625473076763346,1.5911989212036133
lateral_ring,0.5,28.0,9,0.06961659548364911,34.34681396316926,8.242211933274453,0.9733622867706445,0.02559085337242477,0.33349283854166667,0.04599971360331015,1.3998034000396729
lateral_ring,0.5,28.0,8,0.06840493767654522,35.145448470492866,7.263046706897407,0.9598602331157365,0.02601436155556609,0.3381022135416667,0.04628564443499465,1.7729535102844238
lateral_ring,0.5,29.0,0,0.09676039331897156,34.00069458984074,3.7674569713222166,0.8080285474480896,0.02917986248683148,0.33967773437500004,0.04713885978454466,1.3664042949676514
lateral_ring,0.5,29.0,2,0.11159138585574305,34.617895518883344,5.909439465682303,0.953819552564345,0.027358048819524562,0.3482161458333334,0.04877363321177922,1.616619348526001
lateral_ring,0.5,29.0,1,0.10550560266269407,34.155242030774495,6.576153242789494,0.940131733461727,0.02515195339212304,0.3529166666666667,0.04803427903759833,1.6374247074127197
lateral_ring,0.5,29.0,3,0.10008715521257718,34.36455134204751,4.60921285161082,0.9278852639515056,0.02704298575231572,0.34452473958333335,0.04686299188096962,1.451282024383545
lateral_ring,0.5,29.0,4,0.09953110575613792,34.5323496691646,5.1739299609986995,0.9405020580481972,0.025766638875523402,0.3468424479166667,0.04808077796026712,1.4135839939117432
lateral_ring,0.5,29.0,6,0.10160693152385637,34.15408648340931,5.324007880496077,0.878165203333694,0.028151434366239805,0.3444401041666667,0.047725693532467854,1.5829370021820068
lateral_ring,0.5,29.0,9,0.08858067280095731,34.661170000212536,6.706105933347301,0.9476530668453376,0.0261510918471995,0.3409733072916667,0.04745995124309645,1.5491766929626465
lateral_ring,0.5,29.0,5,0.09440993199686981,35.11104399855712,6.901258663589559,0.9564732621893388,0.026948916044065727,0.3472135416666667,0.048504923955351664,1.657426118850708
lateral_ring,0.5,30.0,1,0.12846668091338395,33.73825743421163,4.798157758391831,0.8502621637010321,0.02619584701792191,0.3537858072916667,0.04911864144250326,1.585136890411377
lateral_ring,0.5,29.0,7,0.10322313000360005,34.30940571753739,6.655119879705943,0.9484793539792667,0.028294045636725974,0.34342122395833335,0.0477833967101634,1.7522783279418945
lateral_ring,0.5,29.0,8,0.1049491182404026,34.798989013137444,4.230763528731135,0.937535880460775,0.02668393204172094,0.34332682291666666,0.047573526892575685,1.7565398216247559
lateral_ring,0.5,30.0,0,0.12417698578175032,33.99021889335198,5.649686469001123,0.9361963047744086,0.02981723086911888,0.34556966145833334,0.04830050186024846,1.7034695148468018
lateral_ring,0.5,30.0,2,0.1326470462241033,34.226223443927694,4.148957870511333,0.8820768432027997,0.028648088324437958,0.3515625,0.049811572887664725,1.710824966430664
lateral_ring,0.5,30.0,3,0.13423839966679862,34.40393885564663,4.0775896241947205,0.9416305287363839,0.027416119992268728,0.3453125,0.04826521102050645,1.6344282627105713
lateral_ring,0.5,30.0,6,0.13354784868274655,34.13686742698063,4.066008941422934,0.7919684769132841,0.02878278517771008,0.34471028645833335,0.04895273951342296,1.6224453449249268
lateral_ring,0.5,30.0,4,0.1303663957971856,34.432028720840826,4.592601104981859,0.8946847562301538,0.02644266238044652,0.3493326822916667,0.049242384112900064,1.8558132648468018
lateral_ring,0.5,30.0,5,0.12371484490313096,34.877694274442696,5.795769977179377,0.870786367463269,0.028172705088200793,0.348125,0.04954847076846547,1.8648052215576172
lateral_ring,0.5,40.0,0,0.346525691399149,32.889352467908395,2.844538568886667,0.8382241387640128,0.04013159181756012,0.34338216145833333,0.06147452796327863,1.475203275680542
lateral_ring,0.5,40.0,3,0.33980948913498954,33.463750517688815,2.52490010874213,0.8426433029020407,0.03996721208767993,0.34347981770833336,0.061493704061257114,1.7416253089904785
lateral_ring,0.5,40.0,1,0.3409798090382683,33.197075257119835,2.4507973120649886,0.7568130315572204,0.03981929561765391,0.34626953125000004,0.0621790324005749,1.8586483001708984
lateral_ring,0.5,30.0,9,0.12413995069410926,33.93691606176157,3.358917455611401,0.8658938416774051,0.02647593418458496,0.34104817708333335,0.048191564930060105,2.0934360027313232
lateral_ring,0.5,30.0,8,0.13328878105578718,34.48830273785768,4.530832488867337,0.9305745681471166,0.028060137992583955,0.3453548177083334,0.048727845034545254,2.159755229949951
lateral_ring,0.5,40.0,7,0.34132094097612936,33.459900615252366,1.7565144400197321,0.8164720297909237,0.040716206833433605,0.346181640625,0.0636409594891875,1.7778592109680176
lateral_ring,0.5,30.0,7,0.12819650985894954,34.46927472853225,4.488756395956794,0.8447567987786146,0.028477429885509865,0.345751953125,0.04894214174377577,2.3056743144989014
lateral_ring,0.5,40.0,2,0.34141679770102634,33.158123314438306,3.018638262028527,0.8391457073445568,0.04000672607641278,0.34707356770833336,0.06462541579849172,2.022972345352173
lateral_ring,0.5,40.0,5,0.34282816965219837,33.32041726685973,2.8118588050891242,0.7874076538690024,0.03941916979667725,0.34521158854166667,0.06293606542959272,2.175252676010132
lateral_ring,0.5,40.0,4,0.34208945594896,33.88866958736178,1.8866221784217057,0.8528730910597002,0.03996932012868833,0.34539713541666667,0.0627142687440448,2.239823818206787
lateral_ring,0.5,40.0,8,0.3427614515557572,33.201289227460336,2.5247165831477427,0.8338201319693672,0.03993524579479201,0.34572591145833337,0.06364516227842434,2.106292963027954
lateral_ring,0.5,40.0,6,0.34417657303794075,33.45137710412025,2.870565933796135,0.815959943294279,0.04209023211376481,0.3455989583333334,0.06365856293888165,2.2268002033233643
lateral_ring,0.5,40.0,9,0.3429506319090441,32.98185066949087,2.1097796495434373,0.8398903798558606,0.03948922945022459,0.3444498697916667,0.06242909776012264,2.0264110565185547
random_graph,0.1,15.0,0,-0.08982921138079102,10.415219024843578,5.854338397657343,0.9898753123218956,0.024919131658168333,0.0009277343750000001,0.01075447423362043,1.972961187362671
random_graph,0.1,15.0,1,-0.09056937410507636,10.445039057776837,7.065427196904667,0.9855001004056739,0.020469391451225828,0.0009244791666666668,0.010431120568250516,1.9709970951080322
random_graph,0.1,15.0,2,-0.09275267270254285,10.829426952139558,6.894316045478285,0.9918843294854935,0.023152746101751408,0.00099609375,0.011014360034828696,2.175698757171631
random_graph,0.1,15.0,3,-0.08893951227800588,9.837255217536022,6.7060308130146815,0.9950941009523169,0.022185097261252767,0.0007845052083333333,0.01089275402724619,2.1474764347076416
random_graph,0.1,20.0,0,-0.0283547911150956,24.39521062495042,10.902359229411134,0.9906174032536771,0.025424358847032574,0.21972981770833336,0.04232279206703607,1.840240478515625
random_graph,0.1,15.0,7,-0.09215229746427327,10.52229818847103,6.888168322413527,0.9887607459843429,0.023584883298301572,0.0006803385416666667,0.010159341865646196,1.9999842643737793
random_graph,0.1,15.0,4,-0.09142362954984051,10.522437711981054,7.2831962076277135,0.9864861025067635,0.02070542765843557,0.000908203125,0.010567642180124006,2.2140777111053467
random_graph,0.1,15.0,6,-0.09160382551090668,10.906613125356916,7.564681624632021,0.990780367828463,0.023456308108843117,0.0007975260416666668,0.010429320250261958,2.277775526046753
random_graph,0.1,15.0,5,-0.09048934188759593,11.02001698367792,7.9113991131512735,0.985769767446413,0.024160968255472353,0.0006640625,0.010420005163624273,2.3788719177246094
random_graph,0.1,15.0,9,-0.09034137948658949,10.218431969054585,5.628645128844185,0.9939782193795091,0.020082360389004777,0.0007649739583333334,0.01110510058794361,2.3277294635772705
random_graph,0.1,20.0,1,-0.013992769449831428,24.920649875639047,11.923746068916122,0.9831518197697648,0.02132110900913013,0.23019205729166667,0.04207704015787081,2.0791409015655518
random_graph,0.1,20.0,4,-0.022000706494330793,24.74001863290556,12.874804872892929,0.9866745591168322,0.023152609919763145,0.23538085937500003,0.04370758228303726,2.0311996936798096
random_graph,0.1,15.0,8,-0.09107103229608939,10.79084411385955,7.857214082887769,0.991329224520706,0.02278261322086797,0.0008951822916666667,0.011464880461945569,2.4477996826171875
random_graph,0.1,20.0,5,-0.01984579058998748,24.91424674107928,11.408946215999407,0.9878927839773176,0.02418268556792344,0.239033203125,0.04346931407811616,2.0443224906921387
random_graph,0.1,20.0,2,-0.012446220410666533,26.117736962723022,7.355317059236146,0.9823415396177361,0.02380257418660319,0.23294921875000002,0.04330989959840355,2.197855234146118
random_graph,0.1,20.0,3,-0.02774130095830603,25.225418870567133,10.377814143417394,0.9939355079298738,0.024151473134524214,0.22749023437500002,0.04304708540132302,2.15858793258667
random_graph,0.1,20.0,6,-0.032236910519432296,24.585597734112902,12.308020124340755,0.9913949548163823,0.024082568271785013,0.23833658854166667,0.0442700863323379,2.041776180267334
random_graph,0.1,20.0,7,-0.039002809678629305,24.309737162664668,12.920898538204861,0.9897483520969808,0.024048816611851695,0.24025065104166668,0.04349868425590432,2.11775803565979
random_graph,0.1,20.0,8,-0.020932242703046593,25.735442256393792,11.79014991507759,0.9907969910753022,0.024712893436305578,0.22746419270833335,0.04337237378341005,2.092196226119995
random_graph,0.1,20.0,9,-0.016923089935988057,24.55496799977656,12.784015062074339,0.9941769267617532,0.02454495610991202,0.232509765625,0.043251449073320104,2.155879497528076
random_graph,0.1,21.0,0,-0.026491560277765048,26.191913886562673,7.194520798703412,0.9887957576037998,0.02604031988484882,0.2836002604166667,0.04727125526650991,2.0214006900787354
random_graph,0.1,21.0,1,-0.054448586575571827,25.858519051153944,13.405356385849359,0.984953016965124,0.021927114819235125,0.29001953125,0.04754739333368819,2.2018513679504395
random_graph,0.1,21.0,2,-0.014408330674012744,26.89848489939022,11.13614320230186,0.9923746180488137,0.025146402093360384,0.28490559895833334,0.04858305499022359,2.1533265113830566
random_graph,0.1,21.0,4,-0.04074188720110754,27.46953731224141,9.929845074561428,0.9851135415799613,0.023851775005409397,0.27903645833333335,0.0464924889109297,1.9870319366455078
random_graph,0.1,21.0,3,-0.012955121698273125,26.899024828133793,10.910841525356878,0.9937483160483623,0.025530882204427018,0.27597981770833335,0.04657785509363791,2.07783842086792
random_graph,0.1,21.0,5,-0.03464856608855871,26.37558708466294,5.246393700814911,0.9504648630897716,0.025045589853904236,0.28402343750000003,0.047159738234595815,2.129305362701416
random_graph,0.1,21.0,7,-0.024288237932034978,26.365543385928486,8.089701889324488,0.9863580568485875,0.024837213213854417,0.28636067708333335,0.047458056938807364,2.078017234802246
random_graph,0.1,21.0,8,-0.0332473439886324,27.192831739606714,11.548112513665753,0.9916569060037052,0.0253554270793097,0.28461914062500004,0.04817234435474442,2.114811658859253
random_graph,0.1,21.0,9,-0.03906460596117569,25.67824171807033,10.1378462854937,0.9937262192462758,0.025663026224594675,0.288505859375,0.047958995644610154,2.1045024394989014
random_graph,0.1,22.0,0,-0.015308348069685734,27.456808549985645,11.527900569601936,0.9898351502249805,0.025660859113152308,0.32355143229166666,0.050843531760723655,2.083110809326172
random_graph,0.1,21.0,6,-0.05133654595551201,26.146046364894346,11.586637824712032,0.9917378799873318,0.024511080089330683,0.2956998697916667,0.04935932796145512,2.217010021209717
random_graph,0.1,22.0,1,-0.025166904496850606,28.054222289393632,13.512399941793896,0.983584073377407,0.022837525392972555,0.3258235677083334,0.0508938159236248,2.0831539630889893
random_graph,0.1,22.0,2,-0.020656507855272337,28.00707590658625,11.690142957363713,0.9916921955939438,0.02598804786332406,0.3297037760416667,0.05247859792514431,2.064385175704956
random_graph,0.1,22.0,3,-0.02474180999789705,28.17276983639396,7.755317589883998,0.992748601663755,0.027658094337546322,0.3260904947916667,0.051501544481188856,2.048877239227295
random_graph,0.1,22.0,4,-0.019977334784412788,28.43227814136342,10.795026168210178,0.9861238375462886,0.025342428066170153,0.3256412760416667,0.05145116282845262,1.9966256618499756
random_graph,0.1,22.0,5,-0.02377137678260911,28.810068035953943,7.628810573259532,0.9782019521008983,0.02576707783521156,0.3197916666666667,0.0510638597747704,2.0833325386047363
random_graph,0.1,22.0,7,-0.02536400136519097,27.149155634147952,12.381084081964673,0.990086965806269,0.026266796242852396,0.320615234375,0.05113344114087903,1.8425800800323486
random_graph,0.1,22.0,8,-0.026589909475289143,28.278726100859096,12.575256104370803,0.9915504703492298,0.026020166284862145,0.3259147135416667,0.052120333547393774,1.7945842742919922
random_graph,0.1,22.0,6,-0.030378295528554578,27.308875465331134,9.046770529804936,0.9899388844070605,0.02502234511146872,0.33537109375,0.0528736200513966,2.2644565105438232
random_graph,0.1,22.0,9,-0.035388350621210596,27.50573420265445,9.851196047633108,0.9931240369809219,0.026270063237561314,0.32502929687500004,0.05162018433681379,2.1608171463012695
random_graph,0.1,23.0,0,-0.02156392825732503,28.876715804482053,9.734634921722327,0.9869030184154011,0.027976552409511718,0.3553645833333334,0.05423890298704323,2.294369697570801
random_graph,0.1,23.0,3,-0.03798185634107856,29.05246402046687,13.612825221053376,0.9933949489386226,0.028488128968486362,0.35186848958333333,0.05462273627579106,1.9658722877502441
random_graph,0.1,23.0,1,-0.045291698214461384,28.966197200052903,12.107811545950257,0.9838469029389328,0.024203818591988505,0.3512890625,0.05344253340767943,2.091055393218994
random_graph,0.1,23.0,2,-0.04078666205792741,29.378484151178384,12.750046180046944,0.9912918528029205,0.02657522246631171,0.35521809895833334,0.05535154610426511,2.093822956085205
random_graph,0.1,23.0,5,-0.02756396668515501,29.541537378665723,4.099331434826199,0.925296233268652,0.026397803932648494,0.347841796875,0.05479229011861615,2.061450481414795
random_graph,0.1,23.0,4,-0.0337464110516192,30.537017180780126,13.182002334024794,0.9825942231146831,0.025243956489961916,0.3536002604166667,0.05468757668196779,2.1237151622772217
random_graph,0.1,23.0,7,-0.04054957979464024,28.216745327198293,13.993224168448059,0.9896716217606071,0.026934175502953246,0.3532194010416667,0.054938349646887256,2.0654220581054688
random_graph,0.1,23.0,6,-0.03834709691797112,28.824694916677622,13.319748003840585,0.9912351391194675,0.025755205799167236,0.36515625,0.056208244041247045,2.134282350540161
random_graph,0.1,23.0,8,-0.039159736734700516,29.700200180651848,13.158155083743816,0.9913456290196371,0.025554140184895643,0.3567057291666667,0.05568575372472363,2.166447877883911
random_graph,0.1,23.0,9,-0.06390109662125883,28.584215139456784,12.809552102700186,0.9932890520987195,0.026557982279608563,0.3468717447916667,0.0539864809150849,2.0088677406311035
random_graph,0.1,24.0,0,-0.03635456932696589,31.008572430492297,10.962291204543018,0.9884794442971572,0.027968350777356633,0.3731217447916667,0.05663355543356602,2.0459351539611816
random_graph,0.1,24.0,1,-0.09181279629144853,29.62111054609494,14.165111057380214,0.9828774722489474,0.024660212532382524,0.37605468750000004,0.05722019011795682,2.03774094581604
random_graph,0.1,24.0,3,-0.03905698552091428,31.026908415115035,10.988973822736027,0.9905107961677164,0.027167775179747874,0.3703776041666667,0.05697419807911132,2.0566353797912598
random_graph,0.1,24.0,2,-0.05853249301314191,31.056930899331952,13.355479589013182,0.9913192688483475,0.02710959431222892,0.37813476562500004,0.05860539444449886,2.1932435035705566
random_graph,0.1,24.0,4,-0.022866653253792436,32.048493589420204,9.974360369884716,0.9688791507716136,0.02560867955706058,0.36804361979166667,0.05681971415850933,2.0542542934417725
random_graph,0.1,24.0,7,-0.04749723563448978,30.239770599605492,12.797575436135789,0.9877743333481931,0.027338162677823886,0.373212890625,0.0579718020567846,1.850916862487793
random_graph,0.1,24.0,5,-0.05381311127476846,30.584209432236797,13.164977284898532,0.988270641207513,0.02681317826672179,0.38327473958333336,0.05934676549014634,2.0423779487609863
random_graph,0.1,24.0,6,-0.026813402597909448,30.391846435241522,10.778243072645225,0.9681964697177146,0.02765961899713562,0.38146809895833333,0.05856449324132548,2.013836622238159
random_graph,0.1,24.0,8,-0.0408361814459193,31.642011281952037,13.861009959807838,0.9905766400351984,0.025996751971510704,0.380419921875,0.058926971016060405,2.046546459197998
random_graph,0.1,25.0,1,-0.06605883084712111,31.486118073708855,14.94968535030478,0.9827151526567861,0.024715152636082996,0.395693359375,0.06007934973224441,1.984351634979248
random_graph,0.1,25.0,0,-0.06650945651130222,31.650566394914712,15.248204822564384,0.9889376524009136,0.027826360955226868,0.3841080729166667,0.05881325937923126,2.103957414627075
random_graph,0.1,25.0,2,-0.049456556928703495,32.847675782313225,13.661712215880177,0.9897339149426002,0.027500602462381955,0.3945084635416667,0.06166273769963327,2.1357197761535645
random_graph,0.1,24.0,9,-0.036555045170251516,30.73746406735125,13.87194682605162,0.9922545055813876,0.02715174114688888,0.37610026041666667,0.0579373330857624,2.2166783809661865
random_graph,0.1,25.0,3,-0.04873774276543591,32.50396085054332,13.620963010543266,0.9836043503736379,0.026889700884826586,0.3846940104166667,0.0589885599729702,2.1289331912994385
random_graph,0.1,25.0,4,-0.03036227413364001,33.20764148013234,11.033937211093258,0.9646165966386625,0.02649843272316547,0.38760091145833336,0.06037224001463324,2.0367813110351562
random_graph,0.1,25.0,5,-0.05335302292792592,32.64956225426803,13.642190471265373,0.9870289072878837,0.027058522659964324,0.40038411458333334,0.06213043413722798,1.9867165088653564
random_graph,0.1,25.0,6,-0.04224445497397856,31.44295943574712,14.986435434106188,0.9902877677483461,0.028368852184519032,0.39736653645833336,0.06133264433863349,2.07724666595459
random_graph,0.1,25.0,7,-0.04920287443922806,32.27832836929713,13.230451829472917,0.9873912153331175,0.02712070453340819,0.3926529947916667,0.060985055722383705,2.2462446689605713
random_graph,0.1,25.0,8,-0.04891089351229075,32.9920697792771,14.394436490170134,0.9892042383186543,0.026882572641768857,0.39678059895833334,0.061821995791202004,2.0229384899139404
random_graph,0.1,25.0,9,-0.06307068371171423,31.775768248316584,14.355771986421741,0.9910479035065022,0.02818683778531023,0.39548177083333336,0.06106122429304192,2.187037706375122
random_graph,0.1,26.0,1,-0.05053505468619955,32.71403813522944,16.24512872681306,0.9808934689094677,0.025501736609373073,0.40751953125,0.06292730411574783,2.1160964965820312
random_graph,0.1,26.0,0,-0.0361210836820159,33.091601648878424,13.931873009197536,0.9866545583705839,0.028093698870278898,0.39521484375000004,0.061176641774930006,2.259500026702881
random_graph,0.1,26.0,2,-0.03688938311138081,34.016420563532385,15.376275501189152,0.9877137244342072,0.028191249495029637,0.4067252604166667,0.06448521362265096,2.22261643409729
random_graph,0.1,26.0,3,-0.03660749709806315,33.298851797042786,13.360929042251353,0.9875035492879293,0.027775651509363758,0.39873697916666667,0.062020770354770216,2.145848035812378
random_graph,0.1,26.0,4,-0.04701444593143677,33.50018537937942,15.819409456198521,0.982869316871759,0.025123124986815636,0.4097981770833334,0.06436175490841925,2.192966938018799
random_graph,0.1,26.0,7,-0.04131776060659756,33.52577550091914,11.756570797879247,0.9730689280124623,0.02815441537351816,0.4031022135416667,0.0633571703889915,2.0561363697052
random_graph,0.1,26.0,5,-0.04144686653984262,33.827354236229546,9.238028554836808,0.9231342689846354,0.027022114516890423,0.41415039062500003,0.06430229932445643,2.230323553085327
random_graph,0.1,26.0,6,-0.04468445844264977,32.89270756284672,15.692987378165283,0.9889216159236058,0.029115587808106344,0.4082747395833334,0.06308404365354904,2.2074620723724365
random_graph,0.1,26.0,9,-0.026898355830509212,32.770901773501045,13.424375018623731,0.9898556793742862,0.028816438666217928,0.4104264322916667,0.06372499772311521,2.2143313884735107
random_graph,0.1,26.0,8,-0.03813939626396616,34.35768701166749,15.25860293205664,0.9889075423811324,0.02787949000847544,0.4107291666666667,0.06434730986847989,2.338202476501465
random_graph,0.1,27.0,1,-0.03093642248635982,34.10433881543454,17.39751898757239,0.9769792768452467,0.02671197289889057,0.4148404947916667,0.06526922767014,2.030477285385132
random_graph,0.1,27.0,0,-0.011137778429753288,34.07691518312336,13.614859449628291,0.9860090349098993,0.02956202042326449,0.4046126302083334,0.06328008952887094,2.083110809326172
random_graph,0.1,27.0,2,-0.0027840387944609813,34.73688444909152,15.130323009758369,0.9852861197702646,0.02920856239739784,0.41121419270833337,0.0661652961763859,2.3463943004608154
random_graph,0.1,27.0,3,-0.02097501082135309,33.92422255269455,11.952622318638294,0.9840174515993808,0.02838734238804538,0.40419921875000003,0.06386321355162336,2.165454864501953
random_graph,0.1,27.0,5,-0.0316783285864468,34.78054715090059,14.680452583847558,0.9822958133027223,0.027616960439032417,0.42448567708333335,0.06711787361327624,1.9777731895446777
random_graph,0.1,27.0,4,-0.028835466335167467,34.51004586362405,17.490824983805137,0.9797092171206038,0.025906392237808808,0.4185319010416667,0.06715809550099201,2.287099599838257
random_graph,0.1,27.0,6,-0.025245581797259775,33.801733658657,17.149879091693144,0.9864988759461011,0.029781735374303172,0.415888671875,0.06576474164844902,1.9198989868164062
random_graph,0.1,28.0,2,0.0005835868661943342,35.35096073368916,9.342807498648666,0.9608856992794795,0.028318777483678056,0.4256673177083334,0.06919943421565933,1.9085633754730225
random_graph,0.1,27.0,9,-0.0009957623752870999,34.04538543854476,8.348512796346613,0.9743108145836322,0.029649551625645577,0.415888671875,0.06518709200550266,2.219961404800415
random_graph,0.1,28.0,1,-0.0035784406931260986,34.48115367827556,17.09833057817393,0.9691833193835223,0.02754582186373154,0.4242252604166667,0.0678778458457717,2.167603015899658
random_graph,0.1,27.0,7,-0.015295177779553486,34.34591684547708,10.540133303786845,0.9721533598112867,0.028695706780843527,0.41411458333333334,0.06618904312143789,2.562156915664673
random_graph,0.1,28.0,0,0.008050081342456937,34.125102796020784,13.933315022947967,0.9779042089330917,0.029902339206991462,0.41622070312500004,0.06647076806402083,2.5514488220214844
random_graph,0.1,27.0,8,-0.01630681813548402,34.92930869069074,13.721351258655863,0.9815728724117769,0.029403184804345044,0.41576497395833334,0.06597445600857796,2.704953193664551
random_graph,0.1,28.0,5,-0.009749925671412672,35.50278358012049,15.797358743508212,0.9803623595986856,0.028385373930170345,0.43355468750000004,0.06970575974823558,2.2034497261047363
random_graph,0.1,28.0,3,0.0010159703737288909,34.65287468217288,13.423447251944685,0.9794492725862404,0.027962461417117414,0.4214615885416667,0.06797766173060343,2.409592866897583
random_graph,0.1,28.0,4,-0.007335611552951367,35.344752641070635,16.80789067853371,0.9772997645480203,0.027192141792038087,0.4265787760416667,0.06976389414544514,2.349538803100586
random_graph,0.1,28.0,7,0.014377539040974522,34.83587937680557,13.298524289944691,0.9746681426927617,0.02997651837183982,0.425703125,0.06921636238385831,2.164799928665161
random_graph,0.1,28.0,6,0.004070044302704604,34.16945262402056,15.583034493214688,0.980550403994481,0.03023716975242288,0.43128906250000004,0.06993977583410536,2.440598249435425
random_graph,0.1,28.0,8,0.00040716797914624005,35.77111060966468,15.865200379707305,0.9831547126472039,0.03009482233818954,0.42644856770833334,0.06845616459798375,2.3053905963897705
random_graph,0.1,28.0,9,0.003314638050633101,34.99117679218222,12.64750269892797,0.9793786444585737,0.03048544552149544,0.42512695312500004,0.06730471213191214,2.1652491092681885
random_graph,0.1,29.0,1,0.020696761252392528,34.6242584158455,13.006485295111533,0.9647763064015774,0.0298317160185803,0.43155598958333335,0.0697108376246263,2.1726980209350586
random_graph,0.1,29.0,0,0.027261778077526503,35.0284370045667,14.787468379257646,0.9754566068043606,0.032380461530902176,0.4273763020833334,0.06891750797016014,2.245795726776123
random_graph,0.1,29.0,2,0.031335488382122294,35.45380505017663,13.474020906423243,0.9790416956909048,0.030362901175393427,0.44566731770833334,0.07189179045159302,2.1297080516815186
random_graph,0.1,29.0,4,0.02242060294959627,35.52532314991029,12.890798513913747,0.9065905462989904,0.028107247709108427,0.4340006510416667,0.07131293422855568,2.0289735794067383
random_graph,0.1,29.0,5,0.016051060490269244,35.987256391347266,14.684739287804584,0.9758611472006279,0.029177904455209094,0.44364583333333335,0.07209642199793033,1.9290220737457275
random_graph,0.1,29.0,3,0.030536871571383552,35.00265470027419,11.580861287133938,0.9450650117805303,0.029529711835379384,0.4340690104166667,0.07034610786632171,2.300679922103882
random_graph,0.1,29.0,6,0.02155342383613612,34.57570921252182,14.162747448779504,0.9789369935313451,0.031528914479188506,0.44119466145833336,0.07235822447691233,2.140035390853882
random_graph,0.1,29.0,7,0.024166850168029805,35.306608830264395,10.144172665292976,0.9693473007105914,0.03058661290269441,0.4415104166666667,0.07243933849435141,1.9929325580596924
random_graph,0.1,30.0,0,0.04972059806325785,35.112787325096576,8.887256156544112,0.9269477701290598,0.033380829712965555,0.436435546875,0.07059178171434337,2.0022366046905518
random_graph,0.1,29.0,8,0.03246405034222388,35.99037925495355,12.926472297025143,0.9717655340541386,0.03122704095011435,0.4327115885416667,0.07025822933782769,2.0684196949005127
random_graph,0.1,29.0,9,0.0361618148587474,35.04207175954313,12.854039271669757,0.9774641971806726,0.030525782256153825,0.4273763020833334,0.06785915913666883,2.0642502307891846
random_graph,0.1,30.0,1,0.04668161394081684,34.92462114634181,13.062465933635545,0.949334694894004,0.028825390534292023,0.44269531250000005,0.072091802161075,1.9967074394226074
random_graph,0.1,30.0,2,0.04797360608176816,35.626841903049545,13.061127077980986,0.9710595731047771,0.03193521026900066,0.457861328125,0.07363382794772928,2.1878671646118164
random_graph,0.1,30.0,3,0.056617499416163675,35.252566499704706,4.7365163710393325,0.9108758366806449,0.030578236777996745,0.4397037760416667,0.0709434160752808,2.097073554992676
random_graph,0.1,30.0,4,0.043522611200734154,36.0077067938342,10.65851914845149,0.9182169746048445,0.028627060929879756,0.44629882812500005,0.07355226289988205,1.9496798515319824
random_graph,0.1,30.0,6,0.04248515737088439,34.52357667176216,13.8626787716916,0.9707323358134461,0.032722745075235045,0.4555794270833334,0.07452083373654787,1.8484182357788086
random_graph,0.1,30.0,5,0.03385174231686999,35.9064596210304,13.774498153705663,0.9664957705243995,0.030068233518625115,0.4559928385416667,0.07420494549377304,2.1197409629821777
random_graph,0.1,30.0,8,0.05905437947168231,36.06525413281756,13.828624886417238,0.9741721290819116,0.0311292025033797,0.45137695312500004,0.07233350944454868,1.8295128345489502
random_graph,0.1,30.0,7,0.05834324866774678,35.37590113681917,10.66339208363041,0.9358159271622744,0.03163227809506501,0.45376953125,0.07369898613884521,1.9104323387145996
random_graph,0.1,30.0,9,0.046285420495464726,34.95676819565369,11.187491616777882,0.9747577903684223,0.03265199795951576,0.4412662760416667,0.07103809693327473,1.7709321975708008
random_graph,0.1,40.0,1,0.25484726447838435,33.528390878552045,3.607371205718213,0.8791741486641285,0.03586332977920656,0.601279296875,0.08166853631918972,1.6704752445220947
random_graph,0.1,40.0,0,0.25203596761238645,33.84317306462081,5.719312567562682,0.8788608103941169,0.04098807981305136,0.6086100260416667,0.081712261905403,1.8272919654846191
random_graph,0.1,40.0,7,0.2437267414025383,33.81824822482485,5.802717524636107,0.9166364863714442,0.039305101753732266,0.6133854166666667,0.0840604914441963,1.7519612312316895
random_graph,0.1,40.0,6,0.24518771887574578,33.35001315373986,6.261704887789776,0.9290947231414558,0.03831371714630354,0.6245540364583334,0.08490183097520398,1.8334925174713135
random_graph,0.1,40.0,2,0.25521820774174503,33.72921620527137,5.0744987232308345,0.9327320230796229,0.0374769320427353,0.61005859375,0.0843118436202925,2.0758752822875977
random_graph,0.1,40.0,4,0.25932481496937165,33.54361698849323,6.541648969219522,0.9290950015307444,0.03638989003406172,0.6066927083333333,0.08168133813462897,1.9332952499389648
random_graph,0.1,40.0,3,0.24704751613332088,33.50719521092832,3.938359759885498,0.8196380544330262,0.03563616573351149,0.6017350260416667,0.0823746751105172,1.965439796447754
random_graph,0.1,40.0,5,0.2498958191799047,34.62124470289527,4.266976228716494,0.9112177940260291,0.03846171051933991,0.6180794270833334,0.08428737434853344,1.9615180492401123
random_graph,0.1,40.0,8,0.2799585334898529,33.922630282858904,3.0341120037117837,0.8832145471160701,0.038284545689805397,0.5873404947916667,0.08051484975846157,1.7943692207336426
random_graph,0.1,40.0,9,0.25076938278590705,34.0501668074208,5.050246232600306,0.9368393185668104,0.0377870408069029,0.6093977864583334,0.0834184464050262,1.7906856536865234
random_graph,0.2,15.0,0,-0.08982945478496723,10.41521902484376,5.854338397657549,0.9898753123218952,0.02491913165816733,0.00087890625,0.010751669003832226,1.5811667442321777
random_graph,0.2,15.0,3,-0.08894078017381236,9.837255217535974,6.706030813013923,0.9950941009523165,0.022185097261341206,0.0007259114583333334,0.01088862297227471,1.6046218872070312
random_graph,0.2,15.0,2,-0.09275373395145826,10.829426952139622,6.894316045478255,0.9918843294854934,0.0231527461017516,0.0009472656250000001,0.011010592788618205,1.6182448863983154
random_graph,0.2,15.0,1,-0.09057104007626257,10.445039057776931,7.065427196904753,0.9855001004056738,0.020469391451233564,0.0008821614583333334,0.01042697288948921,1.6892030239105225
random_graph,0.2,15.0,4,-0.09142381066848031,10.522437711981139,7.28319620762782,0.9864861025067635,0.020705427658437407,0.0008723958333333334,0.010565360537704394,1.703038215637207
random_graph,0.2,15.0,5,-0.09048966298676954,11.020016983677841,7.911399113151299,0.9857697674464125,0.024160968255475517,0.000625,0.0104167625972665,1.7144274711608887
random_graph,0.2,15.0,6,-0.09160540213296216,10.906613125356904,7.564681624632088,0.9907803678284625,0.02345630810884582,0.0007421875,0.01042503663268473,1.7365803718566895
random_graph,0.2,15.0,7,-0.09215308906254716,10.522298188470709,6.888168322413085,0.9887607459843433,0.02358488329831833,0.0006315104166666667,0.010158126171636066,1.7590398788452148
random_graph,0.2,15.0,8,-0.09107300393766145,10.790844113859801,7.857214082888053,0.9913292245207059,0.022782613220863522,0.0008040364583333334,0.011459117267814812,1.8780739307403564
random_graph,0.2,20.0,1,-0.013260849696876008,24.919749751382795,11.924955075563958,0.9831579367803714,0.021320120209034656,0.23003580729166667,0.04207633966632135,1.7754278182983398
random_graph,0.2,15.0,9,-0.0903435536590689,10.218431969054265,5.628645128844238,0.993978219379509,0.020082360389046806,0.0006835937500000001,0.01110064563106787,1.8344807624816895
random_graph,0.2,20.0,2,-0.027456340195684294,25.468858204251536,11.114920180084452,0.991748465792928,0.02610276200508094,0.23971679687500003,0.045239976034372596,1.830716609954834
random_graph,0.2,20.0,0,-0.03250450137795218,24.3770703638184,10.957861335787165,0.9906282401598827,0.025426266918615544,0.2199609375,0.04233784344038021,1.8590447902679443
random_graph,0.2,20.0,3,-0.028941944611992256,25.23606223774224,10.385125538948682,0.9939355486636509,0.025770167936174787,0.22735026041666667,0.04303918190182934,1.891467571258545
random_graph,0.2,20.0,4,-0.0258001563543447,24.95420085518294,12.745923609896952,0.9864884724112358,0.023157571411297446,0.23536132812500002,0.04373470304195131,1.8800687789916992
random_graph,0.2,20.0,6,-0.031929261858640826,24.582253192136402,12.313753041145713,0.9913951852484292,0.02408259034377397,0.23834309895833336,0.044270528923215924,1.9493706226348877
random_graph,0.2,20.0,5,-0.016509785284980434,24.92224780179673,11.556297030923607,0.9879083421304629,0.024181262688572163,0.23891927083333334,0.04347413837028059,2.1416237354278564
random_graph,0.2,20.0,8,-0.02533691488153029,26.259133339987716,11.265653386086813,0.9906010404381109,0.026017438388806453,0.22345052083333336,0.04357560328149335,1.9933135509490967
random_graph,0.2,20.0,7,-0.04030492102952945,24.312893714682286,12.922867020624388,0.9897481793333252,0.024730060154444213,0.24023111979166667,0.04350649746335839,2.1198222637176514
random_graph,0.2,20.0,9,-0.018661520821115073,24.55373975282342,12.784607565998117,0.9941771547394312,0.024544930688537137,0.23197916666666668,0.04319595134076451,2.1402740478515625
random_graph,0.2,21.0,0,-0.03530258452733661,26.596833531593706,10.152532377367976,0.9899411184037897,0.025347919460131478,0.2790397135416667,0.04658901676675609,2.283200263977051
random_graph,0.2,21.0,3,-0.024804800617705656,26.3977901222097,9.696083942140568,0.9939600251064374,0.026801037415327817,0.2882259114583334,0.048020502913727524,2.162240505218506
random_graph,0.2,21.0,2,-0.04445832950189354,26.75901784139714,9.840006809453053,0.9916345304447773,0.025476622378139295,0.2893229166666667,0.0481875133757042,2.3106138706207275
random_graph,0.2,21.0,1,-0.05613152061040013,25.858519441964116,13.405356470187716,0.9849530166044749,0.021924356962950288,0.29022786458333333,0.04758471491682498,2.4030797481536865
random_graph,0.2,21.0,6,-0.049840838680505734,26.116663293356886,11.826927984807694,0.9917647716954171,0.0245128498069272,0.29570963541666667,0.04937358879949044,1.8964436054229736
random_graph,0.2,21.0,7,-0.025056080562049707,26.284641511390227,12.961574386059228,0.9897836286952829,0.024541573019855146,0.2903287760416667,0.047790077379622244,1.9317500591278076
random_graph,0.2,21.0,5,-0.02834617791352916,26.37497082675476,5.242957096082713,0.9506494279779593,0.024996099227979542,0.28369140625,0.04715434454934331,2.0913827419281006
random_graph,0.2,21.0,4,-0.025801080087273234,26.817789615691737,11.332508185780942,0.9861383755412735,0.021803205511854978,0.28892578125,0.04818881856347413,2.138593912124634
random_graph,0.2,21.0,8,-0.03623532323394538,27.092366495037844,11.867788620807767,0.9912957109846053,0.02639626930469176,0.28464192708333336,0.048059761156616296,2.1021363735198975
random_graph,0.2,21.0,9,-0.03239783423948893,25.865560711784948,12.099458888130352,0.9940022009492351,0.024689546970445286,0.27350260416666666,0.04607405153420477,2.0214812755584717
random_graph,0.2,22.0,0,-0.014766404741205372,27.157960585904146,12.569225464254972,0.9903126648820244,0.02660480279301605,0.32122395833333334,0.05059688357824231,1.9541149139404297
random_graph,0.2,22.0,1,-0.040607898524668846,27.09506601588838,14.406087015557992,0.9843902221800336,0.02298828550494643,0.32897786458333333,0.051245189321312695,1.987596035003662
random_graph,0.2,22.0,2,-0.027710860226369784,27.920843393605395,11.614377119913025,0.9900344321921137,0.026134615936971473,0.32797200520833336,0.05139136472098253,2.00947904586792
random_graph,0.2,22.0,3,-0.031089360538818448,28.172489487808754,7.754976149119392,0.9927457206971594,0.027671427937415657,0.3265299479166667,0.05153105152535827,1.8527300357818604
random_graph,0.2,22.0,4,-0.016134911471494255,27.55202989118653,11.429613312097283,0.9862636011502431,0.02451838016421441,0.3276529947916667,0.05168665801216038,1.961076021194458
random_graph,0.2,22.0,5,-0.03621325644757911,27.595199822527313,11.096855349208457,0.988426751459325,0.02549897104255538,0.32593098958333333,0.05286506746245071,1.9698286056518555
random_graph,0.2,22.0,6,-0.04228287254291947,27.18347574750878,11.771208815964142,0.991763716577397,0.025019004217737183,0.33514973958333333,0.05296786451257849,1.8742444515228271
random_graph,0.2,22.0,7,-0.031917139786040424,28.115899554783972,11.14064543941255,0.9893569775322634,0.02735558455685251,0.32883138020833336,0.05143653682339115,1.891620397567749
random_graph,0.2,22.0,9,-0.034541680496748196,28.30518191379401,8.428007384885465,0.9866671968365547,0.022759777395835463,0.3215201822916667,0.0514633191206107,1.9065029621124268
random_graph,0.2,22.0,8,-0.0421260909049456,28.885604869475756,12.449446183770796,0.991431302125788,0.02503467116945112,0.32469075520833335,0.05183153637196514,2.0312089920043945
random_graph,0.2,23.0,0,-0.029774405574639336,28.8832973176385,10.552509921392696,0.9895712391639647,0.027561020496630735,0.34917317708333334,0.05292843436852923,1.9522457122802734
random_graph,0.2,23.0,1,-0.025129171137522242,29.497137719532642,13.432015723593164,0.9815464196158302,0.024397785992414853,0.3564811197916667,0.05411633830078175,1.965284824371338
random_graph,0.2,23.0,4,-0.0531818517704026,29.48294151707612,8.578721476514572,0.9843479534243456,0.024939974286128617,0.35833984375,0.05542224174257676,2.028355360031128
random_graph,0.2,23.0,2,-0.029612000093486763,29.42812833412709,8.73540634176802,0.9762953101070326,0.02836163784633262,0.35441731770833335,0.05553620883510903,2.1450536251068115
random_graph,0.2,23.0,3,-0.03611195780600891,30.10070456816465,3.885444486483654,0.9274356108269397,0.028039422686784485,0.3461393229166667,0.05324997455642599,2.146185874938965
random_graph,0.2,23.0,5,-0.0197682612231088,29.47439740960166,7.873481670631273,0.9821403453826969,0.025552170602886094,0.3528971354166667,0.05524138473620562,2.0658254623413086
random_graph,0.2,23.0,6,-0.05208024526313329,28.246312478908294,12.378586737228682,0.9912056709611076,0.02556254241468621,0.36330078125000004,0.05623807167407228,2.087477684020996
random_graph,0.2,23.0,7,-0.023136913802022853,29.51808443366487,11.98237201860777,0.9868506884955015,0.026928435110118266,0.3536295572916667,0.05407762667344007,2.1525089740753174
random_graph,0.2,23.0,8,-0.051189981361599635,30.29497043808271,12.79245139622053,0.990507409667794,0.025362222586989634,0.35405924479166667,0.05521797628678567,2.0854151248931885
random_graph,0.2,23.0,9,-0.032600633336616856,29.031040971231526,11.828039317860915,0.9929446770542426,0.02380563117503779,0.3473404947916667,0.05403332244364016,2.102698802947998
random_graph,0.2,24.0,1,-0.05267152209711006,30.70080774842083,11.158377438575739,0.9797133426901803,0.024069080112327144,0.37348632812500004,0.05686033303091186,1.991201639175415
random_graph,0.2,24.0,0,-0.0522864496128117,30.642656784695465,11.841786215097201,0.988806491629313,0.02819945792839286,0.37219401041666667,0.05593245540005563,2.2147293090820312
random_graph,0.2,24.0,2,-0.0521782758873853,30.998478517386676,13.225831513223808,0.9909002769239331,0.02703088547866305,0.37487630208333333,0.058513012459390605,2.0370097160339355
random_graph,0.2,24.0,3,-0.03102466639205972,31.262778062390765,9.573023044960118,0.9854181653493164,0.025469973502634313,0.36713867187500004,0.05696734664324885,1.9823734760284424
random_graph,0.2,24.0,4,-0.05326469578028232,31.05265710525245,15.139458276743605,0.984519634282927,0.025590363478688878,0.37862304687500004,0.05858252176012565,2.1988489627838135
random_graph,0.2,24.0,6,-0.04272915668749901,29.957557824686976,14.342799499743156,0.9907686288602615,0.026572458683560153,0.38598958333333333,0.05879198534125498,2.0723133087158203
random_graph,0.2,24.0,5,-0.0407946202837521,30.905750106890093,13.544081083402972,0.9878847525242161,0.026373274504074475,0.3773860677083334,0.05865289646317074,2.295816659927368
random_graph,0.2,24.0,7,-0.02700749940894718,30.164874031283148,6.824973479274888,0.9531084094268091,0.026742582264684057,0.3725390625,0.05748443475054439,2.138016700744629
random_graph,0.2,24.0,8,-0.09892579856386613,31.237845129257494,13.09507735308845,0.9916855437652213,0.025822144682602913,0.37433593750000005,0.05820088320005767,1.953888177871704
random_graph,0.2,24.0,9,-0.058450638460034496,30.53108732079765,12.723629282800024,0.9920427108739014,0.024531237898238023,0.3714225260416667,0.05737909117778887,1.9768292903900146
random_graph,0.2,25.0,0,-0.05490041307230631,32.42262699777792,12.000234442893634,0.9878629136240766,0.02892430731468374,0.38970052083333334,0.05870181520074758,2.0022523403167725
random_graph,0.2,25.0,1,-0.05595754563983132,31.16198562507384,15.132243315645127,0.9804520401293252,0.02510717488782742,0.39065429687500003,0.05980951250217504,2.079551935195923
random_graph,0.2,25.0,2,-0.02204681838973416,32.92151836548179,12.86279745455914,0.9871468855282527,0.02700065710279722,0.39300130208333334,0.06150127843922971,2.173593759536743
random_graph,0.2,25.0,4,-0.057215230790530876,32.24643507429864,13.720857100993207,0.985389582399161,0.02591186652401677,0.38814453125000004,0.06038031202958787,2.0299665927886963
random_graph,0.2,25.0,3,-0.055625525756308046,32.16358253557785,12.951051823358661,0.991466883879189,0.025847593250156464,0.38735351562500003,0.06001779581605505,2.0350706577301025
random_graph,0.2,25.0,6,-0.042184126235626625,31.39930113300765,14.09750864131607,0.9892400581272702,0.027473700056291416,0.40059895833333337,0.06159559329857022,1.956179141998291
random_graph,0.2,25.0,5,-0.046713674831029076,32.58823619685044,11.984090802052686,0.9871429205629241,0.02754491363299139,0.3989713541666667,0.06184937039337971,2.185185194015503
random_graph,0.2,25.0,7,-0.0607427646299603,31.455859209858694,9.833956812189165,0.9856592949050939,0.026664698390832155,0.39201171875,0.06074612560398026,1.8659493923187256
random_graph,0.2,25.0,8,-0.04299577942231241,33.063789333024225,14.09936452232827,0.9900348475030595,0.02709334373136119,0.3883268229166667,0.06057534051740568,2.0607175827026367
random_graph,0.2,25.0,9,-0.060847546093356526,31.790572022921445,12.485870913862554,0.9910594820367017,0.025153318945434332,0.38844726562500004,0.060364968944111703,2.2904751300811768
random_graph,0.2,26.0,0,-0.045453016719957676,32.822386197552966,14.994812899564078,0.9857165907903002,0.0291103885208058,0.402333984375,0.06057824873310742,2.037195920944214
random_graph,0.2,26.0,4,-0.04100721190357767,33.62136037288912,16.310719631645117,0.9805775544857458,0.026580070495285747,0.3997526041666667,0.06330166305252896,1.9021861553192139
random_graph,0.2,26.0,1,-0.029294338192392442,32.97037856277754,12.80515829508407,0.9734252852736145,0.025268844750859283,0.3986295572916667,0.062208276734824104,2.192061185836792
random_graph,0.2,26.0,3,-0.05066185424115518,33.383717688596796,13.828196922096629,0.9884211102408953,0.026124908310390153,0.3984635416666667,0.06204970041924852,2.087275981903076
random_graph,0.2,26.0,5,-0.05807999943095724,33.73013234399102,14.489851372185083,0.9868411136985575,0.0271818802767681,0.40166341145833334,0.06426312698197853,2.046475648880005
random_graph,0.2,26.0,2,-0.024749082680399517,34.14869744221437,13.548256230901575,0.9858666899974349,0.027722330382953044,0.4046061197916667,0.06456258805466181,2.2013649940490723
random_graph,0.2,26.0,6,-0.032995379669150914,32.499962005288054,13.670345717425674,0.9837713694611223,0.028386825082902953,0.4030208333333334,0.06325813883326645,2.038670539855957
random_graph,0.2,26.0,8,-0.053810535171054115,34.21874175117886,14.584895716658565,0.9872460831662889,0.027785291111518205,0.399638671875,0.06404790161739211,2.0646920204162598
random_graph,0.2,26.0,7,-0.054011969964635614,32.8111583292192,14.442122463521097,0.98725986854115,0.027771861103433593,0.40541015625000004,0.06376324268347776,2.204970121383667
random_graph,0.2,26.0,9,-0.03198567004523304,33.13371974228114,12.745259578336345,0.9844396226760911,0.026126843939635554,0.3998828125,0.06313814831682575,1.9933571815490723
random_graph,0.2,27.0,0,-0.026656767202815037,33.68454513549501,15.823291410739815,0.9826517277628526,0.029472466010044614,0.409423828125,0.06308795149235344,1.9922406673431396
random_graph,0.2,27.0,1,-0.0051677302209911955,34.186638491222055,9.898420137521892,0.9670206619112718,0.025720362083183956,0.40575520833333334,0.06417440025492151,2.0809781551361084
random_graph,0.2,27.0,3,-0.031752869738725625,34.285348666915674,14.8308541620882,0.9854460725486714,0.026860620225238423,0.40657226562500004,0.06473978091339694,2.093531370162964
random_graph,0.2,27.0,2,-0.015805540394365155,34.93654385408231,14.83359596489968,0.9857281266939688,0.028378272270646446,0.4127962239583334,0.06729455057283693,2.148620843887329
random_graph,0.2,27.0,4,0.011557438469989497,35.154943888530944,10.397211314311098,0.9662212696019535,0.02823740586034852,0.4095572916666667,0.06662648904868292,2.148023843765259
random_graph,0.2,27.0,5,-0.02172347809674406,34.87866020180273,7.811684601914822,0.9456938134062046,0.028195461902964424,0.4119596354166667,0.06643406470619631,1.9913570880889893
random_graph,0.2,27.0,6,-0.016076584371330797,33.486653535256025,13.010448430840047,0.9752293864016408,0.02899663363979834,0.4107877604166667,0.06604948104041018,1.9757044315338135
random_graph,0.2,27.0,8,-0.018885193315094306,35.188688548353475,14.739881735714981,0.982876205331307,0.028474308480202565,0.406044921875,0.06676839128134796,1.95524001121521
random_graph,0.2,27.0,7,-0.016439835670368178,34.423695793475396,11.633948024311353,0.9841120364971369,0.0282815228595043,0.41107421875000005,0.06648609458361525,2.0298802852630615
random_graph,0.2,27.0,9,-0.02282611063947234,33.99180132036282,15.076651012638235,0.9870185289002281,0.02697984209658297,0.39939778645833335,0.06409693376882276,1.9373235702514648
random_graph,0.2,28.0,0,0.009507119647059107,34.907117621488666,13.237220553565136,0.9801703091709906,0.030436104774140774,0.41069986979166667,0.06563702727795603,1.9797618389129639
random_graph,0.2,28.0,1,0.013180163030972912,34.70876714645594,12.40833266362213,0.9602550894049764,0.027637459288897267,0.40960286458333334,0.06672044020876415,2.0814900398254395
random_graph,0.2,28.0,2,0.014399766874051005,35.45358419295071,13.948017084664425,0.9758995709567796,0.02926753796977334,0.4128092447916667,0.06870042617937748,2.057675838470459
random_graph,0.2,28.0,3,0.009879089494269657,34.82742083788247,14.712039898544106,0.981730614287217,0.029360879648049256,0.41302083333333334,0.06821247001429413,2.1024675369262695
random_graph,0.2,28.0,4,-0.0013317018073836912,35.49256944771159,15.795763333678993,0.9745944003885461,0.028388988723377622,0.41488606770833336,0.06945024813407592,2.1380441188812256
random_graph,0.2,28.0,6,0.02761353016016748,34.11273149022701,7.150303493562542,0.9279478364057563,0.029944235947105144,0.41484375,0.06822882270977682,2.1015613079071045
random_graph,0.2,28.0,5,0.009733206973982765,36.162941195414035,6.456720436869513,0.9407460887863194,0.02858694259620922,0.4155078125,0.06821750398121902,2.1043918132781982
random_graph,0.2,28.0,7,0.01807367662754681,35.19940038762425,11.082223099396879,0.9766012134933979,0.02846780417616376,0.4154134114583334,0.06921971178737993,1.9703421592712402
random_graph,0.2,28.0,9,0.0042353558485129835,34.88963939094003,10.990123735431782,0.9726033537824351,0.0274200158058656,0.4030826822916667,0.06646215200384965,1.9709432125091553
random_graph,0.2,28.0,8,0.009802557679484404,35.79118461691185,14.271605481208951,0.9788058463916051,0.02924567803374852,0.40987630208333337,0.0695045382281139,2.073984384536743
random_graph,0.2,29.0,0,0.02925839579580981,35.0211768838831,14.56248343309875,0.9725705465538604,0.03023407501369597,0.4149381510416667,0.0699965751728361,1.9935317039489746
random_graph,0.2,29.0,1,0.03942801991612237,34.864440814844926,14.392932695902456,0.9535736997717554,0.029740057732985506,0.4100553385416667,0.06917642942853074,1.8077397346496582
random_graph,0.2,29.0,2,0.03674439717327975,35.77194441450138,13.891066835803223,0.9765510091784738,0.029966333592182058,0.4125846354166667,0.07178538026236926,1.9589688777923584
random_graph,0.2,29.0,3,0.02790562969741087,35.25343253700727,9.933148297001782,0.9683275935254975,0.030635230970123953,0.4136197916666667,0.07075066292570865,1.8186979293823242
random_graph,0.2,29.0,4,0.03304037898643003,35.987376908814824,13.004616036215324,0.9636477001881854,0.029847145909201515,0.41538411458333335,0.07131503194423698,1.9896745681762695
random_graph,0.2,29.0,5,0.02726254756881882,35.94458229122635,11.728100837255493,0.9687212966033634,0.030160442504363255,0.41857421875,0.07188288510485182,1.988581657409668
random_graph,0.2,29.0,8,0.03379253998325156,36.10312634346356,11.883987167429684,0.9709013489931754,0.029246674196749416,0.41062825520833335,0.07136356871982562,1.8623671531677246
random_graph,0.2,29.0,7,0.03809452881779641,35.05609399260792,12.58711206037013,0.9755282187489596,0.02920564181041074,0.41781250000000003,0.07215470687180475,1.8757915496826172
random_graph,0.2,29.0,6,0.03646436954762302,34.580529601579975,15.181536464467438,0.96875178328362,0.03172350905658319,0.4189518229166667,0.07332728504434761,2.043846845626831
random_graph,0.2,29.0,9,0.03812760200844762,35.2339176788358,8.665329915181715,0.9643827145003099,0.028595946271712618,0.4068424479166667,0.06947083486198237,1.9086565971374512
random_graph,0.2,30.0,0,0.04786174995799006,35.413852958941845,13.232841321418071,0.9685571799019154,0.031113495332366337,0.413974609375,0.07202528896433594,1.8670389652252197
random_graph,0.2,30.0,1,0.06250583591282566,35.08089721988218,12.601591345637956,0.9473651458921335,0.029816990028049245,0.40963216145833337,0.07132164896249087,1.8578553199768066
random_graph,0.2,30.0,2,0.0607037691780592,35.666824366187576,10.113775815225292,0.9607661363495631,0.030730453302391256,0.4118782552083334,0.07462868238969891,2.0015721321105957
random_graph,0.2,30.0,3,0.04751605342303916,35.22927687793669,12.969228608009102,0.9743486231866242,0.03159694250913475,0.41292317708333337,0.07294794577063622,1.8910932540893555
random_graph,0.2,30.0,5,0.057746572312607776,35.91788252824487,10.945044079930213,0.9662410901744549,0.0318006639830346,0.4152734375,0.07324558767522468,1.7945904731750488
random_graph,0.2,30.0,4,0.05560506898413752,35.408810385024374,12.929281128924652,0.9559391322613097,0.029348101666108416,0.414169921875,0.0741656091330167,1.905679702758789
random_graph,0.2,30.0,6,0.05578793923579346,34.80928481849639,11.634611036974029,0.9732697180118731,0.03216823267052909,0.41666015625,0.0748088344157092,1.7011587619781494
random_graph,0.2,30.0,7,0.05119022033369402,35.62263989433821,9.982942628822157,0.9227868324485919,0.030047110574699123,0.418369140625,0.07497642245946652,1.8694043159484863
random_graph,0.2,30.0,8,0.07512598750725129,35.85265306521177,11.431072613952788,0.9453510556363083,0.028752655044796738,0.408603515625,0.07282831498637954,1.708972692489624
random_graph,0.2,30.0,9,0.05568564168997342,35.19307664422357,10.37304484637873,0.9627398240398716,0.029552276793764765,0.40556640625,0.07174429681045641,1.779261827468872
random_graph,0.2,40.0,1,0.24573370713818585,33.53518175367564,3.832814296818707,0.8290335683160215,0.0465658687017334,0.4144303385416667,0.09546559336845827,1.7485530376434326
random_graph,0.2,40.0,2,0.2498396956284403,34.27476684654262,5.425010575371941,0.9162404989762842,0.04173841498399581,0.42230143229166667,0.09929290623673706,1.6724843978881836
random_graph,0.2,40.0,4,0.24103893716722055,34.47809154242862,3.865467661142697,0.8713946806306938,0.04124442799095546,0.4153873697916667,0.09688929130575179,1.7607769966125488
random_graph,0.2,40.0,0,0.2392179820922631,33.93532435283048,3.99324092534112,0.9042794425780304,0.045169061324080204,0.4111393229166667,0.09422638967762478,1.9818274974822998
random_graph,0.2,40.0,3,0.23973515619094285,33.91682832177962,4.753123762504737,0.8814268819314809,0.04295142454300502,0.413916015625,0.0949296188520991,1.865903615951538
random_graph,0.2,40.0,5,0.2418965399961418,34.57529349465842,3.819665395328468,0.8821637630034993,0.044663899126124805,0.4140885416666667,0.09678951121565271,1.7882068157196045
random_graph,0.2,40.0,6,0.2546413246099574,33.446361810767684,4.512982682261625,0.8945106925214655,0.04400833469653355,0.4170279947916667,0.09721053619114028,1.7984941005706787
random_graph,0.2,40.0,7,0.2537213913867239,33.63918237755258,3.4759983721116514,0.8828280295022353,0.04445348248078589,0.41622395833333337,0.09701519621442468,1.7843728065490723
random_graph,0.2,40.0,8,0.24399601830890708,34.70724212872496,4.190063284956719,0.8886931596485946,0.04599368193823231,0.41657226562500005,0.09690592314894522,1.776031494140625
random_graph,0.2,40.0,9,0.2558355236256411,33.82493452108835,3.774233504752238,0.8823954033330756,0.04275816187882918,0.41314127604166667,0.0951669467494201,1.8446261882781982
random_graph,0.5,15.0,1,-0.09057104007626257,10.445039057776931,7.065427196904753,0.9855001004056738,0.020469391451233564,0.0008821614583333334,0.01042697288948921,1.7764372825622559
random_graph,0.5,15.0,0,-0.08982945478496723,10.41521902484376,5.854338397657549,0.9898753123218952,0.02491913165816733,0.00087890625,0.010751669003832226,1.8291504383087158
random_graph,0.5,15.0,2,-0.09275373395145826,10.829426952139622,6.894316045478255,0.9918843294854934,0.0231527461017516,0.0009472656250000001,0.011010592788618205,1.7816734313964844
random_graph,0.5,15.0,3,-0.08894078017381236,9.837255217535974,6.706030813013923,0.9950941009523165,0.022185097261341206,0.0007259114583333334,0.01088862297227471,1.8107023239135742
random_graph,0.5,15.0,4,-0.09142381066848031,10.522437711981139,7.28319620762782,0.9864861025067635,0.020705427658437407,0.0008723958333333334,0.010565360537704394,1.7692196369171143
random_graph,0.5,15.0,5,-0.09048966298676954,11.020016983677841,7.911399113151299,0.9857697674464125,0.024160968255475517,0.000625,0.0104167625972665,1.8334438800811768
random_graph,0.5,15.0,6,-0.09160578339659665,10.906613125357072,7.5646816246321995,0.9907803678284627,0.023456308108846392,0.0007421875,0.010425164249583034,1.790996789932251
random_graph,0.5,15.0,8,-0.09107300684894036,10.790844113859583,7.857214082887892,0.9913292245207062,0.02278261322086351,0.0008007812500000001,0.011459112318606544,1.6781456470489502
random_graph,0.5,15.0,7,-0.09215308906254716,10.522298188470709,6.888168322413085,0.9887607459843433,0.02358488329831833,0.0006315104166666667,0.010158126171636066,1.8432421684265137
random_graph,0.5,15.0,9,-0.0903435536590689,10.218431969054265,5.628645128844238,0.993978219379509,0.020082360389046806,0.0006835937500000001,0.01110064563106787,1.7038497924804688
random_graph,0.5,20.0,0,-0.032648063925525946,24.377026424844303,10.957939276813722,0.9906282535282306,0.025426264068383324,0.21995768229166668,0.04233917958134426,1.8674571514129639
random_graph,0.5,20.0,2,-0.027456340195684294,25.468858204251536,11.114920180084452,0.991748465792928,0.02610276200508094,0.23971679687500003,0.045239976034372596,1.6781752109527588
random_graph,0.5,20.0,1,-0.013538438499000577,24.920071710849577,11.924549770412787,0.9831556735637115,0.021320597047071867,0.23006510416666667,0.04207937031055582,1.746180534362793
random_graph,0.5,20.0,3,-0.028793881102815937,25.235864366210397,10.384841190321014,0.99393561308269,0.025777812595167284,0.22734700520833334,0.043039502407511254,1.7479195594787598
random_graph,0.5,20.0,4,-0.02581081128596713,24.954259414330885,12.74593398371467,0.9864885210917188,0.02315757826859312,0.23537109375,0.043734658793852035,1.6961376667022705
random_graph,0.5,20.0,5,-0.016486950751783296,24.922279105890944,11.556736603022976,0.9879083685639274,0.024181265891826523,0.23890625000000001,0.04347419592498998,1.747710943222046
random_graph,0.5,20.0,7,-0.04030492102952945,24.312893714682286,12.922867020624388,0.9897481793333252,0.024730060154444213,0.24023111979166667,0.04350649746335839,1.766629695892334
random_graph,0.5,20.0,6,-0.031861629439951994,24.582751387393166,12.31288085193603,0.9913951500600237,0.024082575186687164,0.23835611979166668,0.04427113467338439,1.814453125
random_graph,0.5,20.0,8,-0.023324922190024182,26.250864788542287,11.242319380448057,0.9905923776331061,0.026017349395617992,0.2234765625,0.04360342353792426,1.8084523677825928
random_graph,0.5,21.0,0,-0.03497209311945274,26.588781121026578,10.157652507131138,0.989944981145368,0.025348692401123325,0.279306640625,0.04658644642839576,1.7215218544006348
random_graph,0.5,20.0,9,-0.018463463720116154,24.553736350075226,12.784613784553356,0.9941771551371651,0.024544934998262238,0.23198567708333334,0.0431972519898801,1.7927844524383545
random_graph,0.5,21.0,1,-0.05668947122764427,25.858519722037343,13.405356527957066,0.9849530163453777,0.021898799693936908,0.2902115885416667,0.047589148706133996,1.7872395515441895
random_graph,0.5,21.0,2,-0.04081600349939566,26.529023299319313,9.702143292454826,0.9914122158445544,0.025548152839476777,0.290283203125,0.04835127852498277,1.7667570114135742
random_graph,0.5,21.0,3,-0.024640963370719485,26.397790139000215,9.696084621899088,0.993960025217372,0.02680103703721638,0.2882194010416667,0.04802142811455478,1.7699370384216309
random_graph,0.5,21.0,4,-0.025776320403559684,26.83274554426405,11.356590773134124,0.9861807166176574,0.021799700337142135,0.289033203125,0.048197502449015286,1.8507189750671387
random_graph,0.5,21.0,5,-0.028089798632812565,26.374914460912468,5.2426343442970555,0.9506660988516233,0.024995856744278712,0.2836783854166667,0.047154570592253,1.8262817859649658
random_graph,0.5,21.0,6,-0.0498347497276422,26.116663375195053,11.826928075861712,0.9917647717080388,0.02451285012749018,0.2957584635416667,0.04937426365347244,1.7762706279754639
random_graph,0.5,21.0,7,-0.025056080562049707,26.284641511390227,12.961574386059228,0.9897836286952829,0.024541573019855146,0.2903287760416667,0.047790077379622244,1.8988354206085205
random_graph,0.5,21.0,8,-0.03614241511649745,27.092565343679336,11.863801621571305,0.9912948780973386,0.026396314663917,0.28462890625000004,0.048065723330879793,1.8599355220794678
random_graph,0.5,21.0,9,-0.024653935200371506,25.992668799975352,11.5527029191027,0.9937958970038532,0.0245153414283618,0.269775390625,0.045632033182063866,1.7150306701660156
random_graph,0.5,22.0,0,-0.052324270306135276,26.40965292305965,11.507406881576957,0.990294098028343,0.025624369206183065,0.3204524739583334,0.0503756695726931,1.7804441452026367
random_graph,0.5,22.0,1,-0.039999811757136336,27.095076334232893,14.406149853298395,0.9843902553681876,0.0229879980345401,0.32897786458333333,0.05124932242730978,1.6985523700714111
random_graph,0.5,22.0,2,-0.028832101165312735,27.965418636778782,11.613501005566876,0.9899176175498055,0.02613993079923045,0.3281705729166667,0.051395721168247616,1.8043906688690186
random_graph,0.5,22.0,4,-0.02086340150301175,27.50342253403671,11.963329362920646,0.9866366587474427,0.024512095828133934,0.32793619791666667,0.051708820124627825,1.773388147354126
random_graph,0.5,22.0,3,-0.031907243990471894,28.172508014517817,7.754937128232685,0.9927456978174123,0.027671528927951956,0.32657552083333335,0.0515392772964781,1.8910653591156006
random_graph,0.5,22.0,6,-0.04086143646394356,27.1834706594096,11.771211606916161,0.9917637180327179,0.025019004330017237,0.33514973958333333,0.05296672430009651,1.7718396186828613
random_graph,0.5,22.0,5,-0.037775981895672585,27.594987153011882,11.097433896582192,0.9884264623829464,0.025498579542172613,0.3258984375,0.05286752017726284,1.8873264789581299
random_graph,0.5,22.0,7,-0.031917139786040424,28.115899554783972,11.14064543941255,0.9893569775322634,0.02735558455685251,0.32883138020833336,0.05143653682339115,1.6723582744598389
random_graph,0.5,22.0,8,-0.040133998990891866,28.88587583485561,12.449456598555322,0.9914314127316601,0.025145668044040514,0.324765625,0.051840298875104,1.847703456878662
random_graph,0.5,22.0,9,-0.0326917442650908,28.305779162961127,8.427714157510682,0.9866544808032236,0.02275981974104304,0.32158203125,0.05146909015079703,1.82142972946167
random_graph,0.5,23.0,1,-0.028058794312659372,28.71203005154714,15.237082077342885,0.983249676822186,0.0247322441762567,0.3564908854166667,0.054404762587978925,1.793018102645874
random_graph,0.5,23.0,0,-0.03203018485785809,28.877083212688557,10.514677189777563,0.9895776487896162,0.027285435212189152,0.34922200520833335,0.05292808548822742,1.889376163482666
random_graph,0.5,23.0,2,-0.04240472111029625,29.33916183496216,11.30129216328331,0.9902509153921982,0.027768174188208233,0.3624186197916667,0.05659085093209702,1.766921043395996
random_graph,0.5,23.0,3,-0.03837257039341279,30.054655331292793,3.9139584946715154,0.943280061175103,0.02803718802625272,0.34636067708333335,0.05323999693677797,1.8071346282958984
random_graph,0.5,23.0,5,-0.02044670183206757,29.4743953111883,7.87349008033352,0.982140110397021,0.025552724805551118,0.3530533854166667,0.05525732974265276,1.8460898399353027
random_graph,0.5,23.0,4,-0.026426436130508848,29.572285992832203,12.555438060768756,0.9858223321088858,0.024913769259145128,0.3506705729166667,0.05447411262765641,1.8966798782348633
random_graph,0.5,23.0,7,-0.023136913802022853,29.51808443366487,11.98237201860777,0.9868506884955015,0.026928435110118266,0.3536295572916667,0.05407762667344007,1.687864065170288
random_graph,0.5,23.0,6,-0.05248823500116101,28.24529923416801,12.378340387995665,0.9912055810755906,0.025568678202449548,0.36335937500000004,0.056277829820503986,1.7901535034179688
random_graph,0.5,23.0,8,-0.048166064082928076,30.29497051405035,12.792451579027746,0.9905074095456208,0.025815556096079294,0.35390625000000003,0.055239410856906056,1.7164933681488037
random_graph,0.5,23.0,9,-0.0402687273967432,29.053461899893904,11.887850042436199,0.9929424871416715,0.02380650072968434,0.3474479166666667,0.05404508397599274,1.793553352355957
random_graph,0.5,24.0,0,-0.0509927661223743,30.705123741757994,11.794267407729187,0.9888616030303277,0.02829911338313066,0.3723209635416667,0.05592952340329747,1.854311227798462
random_graph,0.5,24.0,1,-0.06120026925610735,30.67345579342841,13.462718311643295,0.9823042918652601,0.024211615801620578,0.3751302083333334,0.05716240006321047,1.721585750579834
random_graph,0.5,24.0,2,-0.04735964607688385,31.414124875565992,12.187205671631354,0.9903973795754278,0.027152606733891877,0.38461263020833336,0.0591061889103606,1.729830265045166
random_graph,0.5,24.0,3,-0.049743594950954095,31.096203738178883,11.804007231326944,0.992748139286462,0.025247046901467264,0.366318359375,0.056817551637292775,1.7597954273223877
random_graph,0.5,24.0,4,-0.06827043111166649,30.41118309586384,13.488871958445776,0.9863527751602841,0.025783620474809844,0.3764908854166667,0.058106002963691956,1.6470797061920166
random_graph,0.5,24.0,5,-0.04096546704358547,30.905922232741084,13.543936543531252,0.9878848909795751,0.025984332897702467,0.37739257812500004,0.05866741634564227,1.6807844638824463
random_graph,0.5,24.0,7,-0.043486396129012665,30.983615099614536,12.570414787803818,0.9878268044514633,0.02718917615726693,0.37705078125,0.05790946319442739,1.6635639667510986
random_graph,0.5,24.0,6,-0.04424742274449766,29.95782140487831,14.343323418446165,0.9907682575896958,0.026575137671028138,0.3867057291666667,0.05891263373580469,1.7650039196014404
random_graph,0.5,24.0,8,-0.06608964927565317,31.799604338540952,12.256657287333953,0.9886169414119134,0.026089672551025244,0.3743391927083334,0.0583728759131376,1.7120954990386963
random_graph,0.5,24.0,9,-0.03338374577878152,30.5890271760826,12.790994788013471,0.9926392256367621,0.02466979404548163,0.3681901041666667,0.0569208246610321,1.7043085098266602
random_graph,0.5,25.0,0,-0.05608847398073576,32.422613114555055,12.000209180178148,0.9878629869690428,0.029392818454805403,0.38956380208333335,0.05869398639467702,1.7959959506988525
random_graph,0.5,25.0,1,-0.028092831823690326,32.323494709570404,11.990742751681843,0.979849279093328,0.025063841324392065,0.3919986979166667,0.06027440722819774,1.7781367301940918
random_graph,0.5,25.0,3,-0.04998050913595216,32.36994363888231,14.078410083815665,0.9914168610288917,0.026010214188213764,0.39025390625,0.0601848011135757,1.8431129455566406
random_graph,0.5,25.0,2,-0.05092279299437777,32.70101200494996,13.858397832323318,0.9898266275435829,0.02698332180297674,0.3894498697916667,0.06156165144431423,1.851142406463623
random_graph,0.5,25.0,4,-0.060301915843502,32.00747577792258,14.494844904764207,0.985537459699991,0.026319168503156177,0.39159505208333334,0.061066146126357204,1.7569587230682373
random_graph,0.5,25.0,5,-0.04650414091683215,32.21088752552074,13.134032171611267,0.9879929954049979,0.026727127503480448,0.3996061197916667,0.062068661193881755,1.782935380935669
random_graph,0.5,25.0,6,-0.06622509013233181,31.111479541278158,13.719226912221654,0.9897284796589118,0.027795079825412,0.39242513020833336,0.06086563807431277,1.84291672706604
random_graph,0.5,25.0,8,-0.07769953936771937,32.813582049861836,13.721356622141322,0.9902757469876652,0.02639880262034636,0.3894108072916667,0.061175646240319216,1.7015693187713623
random_graph,0.5,25.0,7,-0.06268841329670333,31.456030112913606,9.834387252869023,0.9856603877315472,0.026664796084323896,0.39193684895833336,0.060742937540108594,1.9340062141418457
random_graph,0.5,26.0,0,-0.04397612415966519,32.822393531214814,14.994780081841562,0.9857167392542171,0.02958003109632373,0.40220703125,0.060569103132946465,1.7368898391723633
random_graph,0.5,25.0,9,-0.03120048717658982,32.01536557718536,10.548045093843356,0.9762010068479914,0.024628816203010568,0.3846647135416667,0.05978851285669905,1.9033031463623047
random_graph,0.5,26.0,2,-0.024390308628868537,34.14705079088463,13.554174176001549,0.9858443684358006,0.02781159697991289,0.40452473958333335,0.06453890068363707,1.7235126495361328
random_graph,0.5,26.0,1,-0.029860114623924763,32.956377029921,16.590077168200445,0.9807465132663773,0.025417808812776044,0.3964908854166667,0.06162565496214241,1.8757519721984863
random_graph,0.5,26.0,3,-0.022680113077432288,33.44262315889543,12.839632726975656,0.9882495835252183,0.02648669362888852,0.3993033854166667,0.06271504668948104,1.7270417213439941
random_graph,0.5,26.0,4,-0.04140513713354476,33.478756383275396,16.326441994468496,0.982489495135849,0.026599497176448283,0.40018880208333335,0.06341512578480636,1.8484714031219482
random_graph,0.5,26.0,5,-0.05469574941741515,33.82570399729695,15.110629936415686,0.9855366754786037,0.028775670898300684,0.41108398437500004,0.0644856820945305,1.912604808807373
random_graph,0.5,26.0,6,-0.049211557771316625,32.468036616161974,14.970900442941588,0.9865941937338444,0.02809911098864216,0.4032161458333334,0.06342354116989184,1.7435603141784668
random_graph,0.5,26.0,7,-0.027426895936297543,32.77769391979082,14.549594638797652,0.9877659449838531,0.027859808617341195,0.40552734375000005,0.06389773608590622,1.8312323093414307
random_graph,0.5,26.0,8,-0.03238714978240471,34.04196903512507,14.580580835808231,0.9875037622326792,0.027255883172411597,0.40235351562500005,0.06453073719645394,1.88503098487854
random_graph,0.5,27.0,0,-0.02488437577023246,33.68469802760595,15.824113855711794,0.9826485989110831,0.030156415212036644,0.409296875,0.06307949861828359,1.8320279121398926
random_graph,0.5,26.0,9,-0.03064405601378907,33.250009207139186,12.49181239573897,0.9846579890223941,0.025474714185850546,0.393955078125,0.06232139685784193,1.9540987014770508
random_graph,0.5,27.0,1,-0.014367535625205556,33.635305000775816,14.797606154161928,0.9727882296114556,0.02636805402351616,0.4048209635416667,0.06438661469223883,1.8092494010925293
random_graph,0.5,27.0,2,-0.014429361342672904,34.97414085711155,12.993787417776833,0.9835659507504579,0.02875654488644183,0.4092838541666667,0.067205317736342,1.7614164352416992
random_graph,0.5,27.0,3,-0.024912975276068824,34.349549519622414,15.026061584070574,0.9840287053966901,0.026689397218836394,0.403173828125,0.06464897621831009,1.7153654098510742
random_graph,0.5,27.0,4,-0.007268529137805464,34.69488844243876,15.355394947955878,0.9777320524166272,0.02636631420368057,0.407451171875,0.06583371175604119,1.6996064186096191
random_graph,0.5,27.0,5,-0.03433070020994403,34.87656883262225,15.917278745283932,0.9831295599796674,0.02757621567536281,0.4169596354166667,0.06716596712813303,1.797109603881836
random_graph,0.5,27.0,7,-0.020131923287850524,34.42980597305626,11.663876543244523,0.9838721544377306,0.028272524237104208,0.41119140625,0.0665276621368403,1.7061030864715576
random_graph,0.5,27.0,6,-0.014937053357282197,33.84895066801233,13.883633254931162,0.9806342675523749,0.028118247918295244,0.40826171875,0.06562925389378943,1.9058494567871094
random_graph,0.5,27.0,8,-0.013441212702265233,35.4109169657838,11.421830764712213,0.9794406145921634,0.029214972650314867,0.4077994791666667,0.06696934642651241,1.9636509418487549
random_graph,0.5,27.0,9,-0.013515461851555494,34.35917405856919,7.7264073623095575,0.9554586393786562,0.026427348585438295,0.4016959635416667,0.0642620957227753,1.9616353511810303
random_graph,0.5,28.0,0,0.00629210168617455,34.75214572177846,14.885787365206262,0.9787965912408991,0.030551497580426183,0.4095182291666667,0.06549971037362566,1.9154417514801025
random_graph,0.5,28.0,2,0.0031594796334907566,35.459007540040716,13.29871177887616,0.9775276998821905,0.02848921719138718,0.41325520833333335,0.06990222423897183,1.7750165462493896
random_graph,0.5,28.0,1,0.0011378554205983083,34.393682064076515,13.807304972694302,0.9680344406203747,0.028321802156893616,0.4110611979166667,0.06642124130313502,1.8289599418640137
random_graph,0.5,28.0,3,0.0032010587329232352,34.9331249502727,10.055829822671901,0.9485344204047607,0.029458458173861713,0.410947265625,0.06812494475617135,1.8194429874420166
random_graph,0.5,28.0,5,0.006476673157189498,35.77370429389445,14.897260317623685,0.9793257981993658,0.027993995303741873,0.42155598958333335,0.07008785693484244,1.643164873123169
random_graph,0.5,28.0,4,0.013196531951290195,35.20336503952652,15.712653462560336,0.9745981479888919,0.0273067198696151,0.412451171875,0.06876915604783577,1.717940092086792
random_graph,0.5,28.0,6,0.011769966814828987,34.72617867025616,11.66218279401304,0.9641464138992469,0.02924059918258272,0.41516601562500005,0.0684172300637912,1.8437902927398682
random_graph,0.5,28.0,7,0.011184868766175894,35.29543080952779,11.678837707240804,0.9723805919575313,0.028459658639564504,0.4153548177083334,0.0691998003946593,1.787750244140625
random_graph,0.5,28.0,8,0.008280919282420134,35.911248226754644,14.335941098388739,0.9815486046343245,0.029758631965764257,0.414462890625,0.07005018430436491,1.7360451221466064
random_graph,0.5,28.0,9,0.0016778137708726877,35.054860047359874,13.324343457963941,0.9775673428670525,0.02783410388175456,0.4039388020833334,0.06631719092696724,1.7841663360595703
random_graph,0.5,29.0,0,0.028702066747472797,35.15717186514693,12.834079652379797,0.9725647517800519,0.03158399339581244,0.41503580729166667,0.06978277280401077,1.8190515041351318
random_graph,0.5,29.0,1,0.033428367080771335,35.20861776044639,15.622604392644476,0.9625256746248535,0.03095564779165448,0.4140201822916667,0.0695503624886629,1.775557518005371
random_graph,0.5,29.0,2,0.05026322095864964,35.806343763962126,13.069354748332021,0.9704555610641922,0.02980752834097362,0.4148404947916667,0.07227378357883146,1.9465148448944092
random_graph,0.5,29.0,3,0.022614875602345628,35.35959151523753,12.30507540131241,0.9645333155199335,0.02900929933780129,0.41201171875000003,0.06982886981968978,2.018890380859375
random_graph,0.5,29.0,4,0.019160741979245957,35.64745307298881,15.639665855183438,0.9727745534058044,0.026693851956798447,0.41477864583333335,0.07191994021102886,1.7679450511932373
random_graph,0.5,29.0,5,0.028564838195006725,36.319815423399795,12.080211202355752,0.9686510003149734,0.028982252837556476,0.41769856770833336,0.07095617705454958,1.7842462062835693
random_graph,0.5,29.0,6,0.027219905900392676,34.48806112564944,14.767811406142064,0.9749750224215362,0.031216960166350928,0.42021484375,0.071710108083961,1.797623872756958
random_graph,0.5,29.0,7,0.027906608367288612,35.081297557965165,14.771309698864208,0.9763442036383931,0.029887985511851803,0.4150455729166667,0.07182712207835536,1.7906525135040283
random_graph,0.5,29.0,9,0.03701276654012982,35.193324997395514,11.650689335560276,0.9594672338756235,0.028955010280494128,0.407880859375,0.06965386703498508,1.7994554042816162
random_graph,0.5,30.0,1,0.06435368515499125,35.0406869889939,13.117799390230378,0.9480023525893138,0.031866089979697296,0.4122135416666667,0.0718372902981102,1.8863403797149658
random_graph,0.5,30.0,0,0.051101952493415696,35.17391967067178,12.827826327881066,0.9649792175160525,0.030959744026923135,0.41311848958333336,0.0720518843045445,1.9386346340179443
random_graph,0.5,29.0,8,0.02852640109205301,36.11984036450486,12.873673752269228,0.9744999519054093,0.030874518492333917,0.4151627604166667,0.07266464243575789,2.1459925174713135
random_graph,0.5,30.0,2,0.069869459263282,36.40345864689509,13.397994281651448,0.965198741983304,0.031150511522887604,0.41409505208333336,0.07490441081320268,1.8027174472808838
random_graph,0.5,30.0,4,0.045545716589450086,36.13437266515667,13.422457754001048,0.9656180261042764,0.027714685441475376,0.4130305989583334,0.0742936264836245,1.6910021305084229
random_graph,0.5,30.0,3,0.06035769420060736,35.24306432434385,9.452520170574354,0.9465945628148545,0.03223041031994606,0.413564453125,0.07371174701479,2.028002977371216
random_graph,0.5,30.0,5,0.05240175045968987,36.20194210310824,12.740079571020503,0.9546336682465756,0.030545773209692803,0.41534505208333333,0.07364872798713809,1.8330636024475098
random_graph,0.5,30.0,6,0.05817017019299529,34.438957193408484,10.979766154565837,0.9478701258927187,0.03143663344966414,0.41533528645833334,0.07440815399836836,1.8488759994506836
random_graph,0.5,30.0,7,0.05151427576617341,35.64500192405883,11.522978715523253,0.9454155334436054,0.03012166260287541,0.4157421875,0.07461699699513955,1.7935755252838135
random_graph,0.5,30.0,8,0.05620380588134732,35.93998831788803,12.516203410364131,0.9671651798595797,0.031483771850264596,0.4139225260416667,0.07485095847249798,1.701176404953003
random_graph,0.5,40.0,1,0.2441763016591402,33.30337283810341,1.9716552410540997,0.6845645952697718,0.06385011108255124,0.3896940104166667,0.0979649557030554,1.7137131690979004
random_graph,0.5,40.0,0,0.24550938377142723,33.61121462374012,3.500279795771889,0.7737488265559865,0.060495815847819524,0.38793294270833334,0.09674004348682787,1.7459051609039307
random_graph,0.5,30.0,9,0.06340973303323748,35.36410906569308,12.058814332369332,0.9644288213283108,0.030426237853432684,0.408115234375,0.07227020020254675,1.7710092067718506
random_graph,0.5,40.0,2,0.24518704136850833,33.64610116369726,2.804743743889808,0.7221367998989484,0.06330258990380128,0.39089192708333337,0.1039005064190975,1.7790236473083496
random_graph,0.5,40.0,3,0.24537744179536422,33.497722869833645,3.985370133327623,0.7324327446001927,0.06255034136389898,0.38712890625,0.09767818231089419,1.6652288436889648
random_graph,0.5,40.0,4,0.23235384822766803,34.1916953343458,4.2036792429087555,0.6749612925988115,0.06395002701003251,0.39248046875000003,0.10245220327418351,1.631652593612671
random_graph,0.5,40.0,7,0.2409179085007108,33.44785206146182,3.1995978869576356,0.582595177974383,0.062309912969612614,0.3893131510416667,0.10188630353876234,1.5255928039550781
random_graph,0.5,40.0,6,0.2451044902052387,33.40750885111628,2.8651480214432,0.715631030872521,0.06273483333138034,0.39022460937500003,0.10248302160477535,1.625199794769287
random_graph,0.5,40.0,5,0.2453819774985709,33.87448877568326,3.0552392244697635,0.7242963231052229,0.05677972247311833,0.38732421875,0.10018060691891728,1.7263333797454834
random_graph,0.5,40.0,8,0.24293728498226297,34.22714449084959,3.4636303568348805,0.767072404003825,0.06298795908522925,0.387392578125,0.10139233148009112,1.6289300918579102
random_graph,0.5,40.0,9,0.23762059347871053,33.15086814421771,3.6849530410979985,0.7649604422873536,0.061672701602457906,0.388603515625,0.09914668999614151,1.5924906730651855
