topo_seed,config_name,topology,coupling_mode,kappa,seed_idx,n_units,cv_tau,t_total,n_washout,k_max,ftle_per_pulse,mc_total,mc_total_test,mc_k0,mc_k0_test,inter_rms,alpha_clip_frac,g_abs_mean,mean_state,runtime_s
777,random_graph,random_graph,1,0.1,0,256,0.2,1200,200,50,-0.06907101079756289,11.94202465375709,8.921955943662757,0.653835299586816,0.6537714660661789,0.024928422767454987,0.0,0.1295390011820309,0.22112598395599475,2.3966450691223145
777,random_graph,random_graph,1,0.1,2,256,0.2,1200,200,50,-0.05599136417128188,10.700815326408438,9.459868502610487,0.6856513933497943,0.6717551761364975,0.02310341754790917,0.0,0.12575637653461938,0.2146434443047102,1.4177744388580322
777,random_graph,random_graph,1,0.1,4,256,0.2,1200,200,50,-0.06934602544812665,10.14580293570073,10.229396658769693,0.6564240321011949,0.6680950629345203,0.020652835276772714,0.0,0.12496749424611381,0.21830037460305216,1.86897611618042
777,random_graph,random_graph,1,0.1,1,256,0.2,1200,200,50,-0.06813588429633906,9.447503417395495,9.385145780349697,0.6780408286990265,0.6822406912746153,0.02041108857677552,0.0,0.12886091980056927,0.22080340766778167,4.12767481803894
777,random_graph,random_graph,1,0.1,7,256,0.2,1200,200,50,-0.07098990601088448,11.352789823080926,11.381458454589023,0.6665828748247837,0.6644459901203021,0.02351415408515201,0.0,0.12253366692337102,0.21501542143855445,0.8989331722259521
777,random_graph,random_graph,1,0.1,3,256,0.2,1200,200,50,-0.06473573299207178,9.463484433118554,5.879855167003003,0.6733177633410296,0.6653600771260826,0.02210725967586013,0.0,0.12968250947686966,0.22242150581237968,5.255423545837402
777,random_graph,random_graph,1,0.1,8,256,0.2,1200,200,50,-0.067045326206251,10.95321357816714,7.8426672714546575,0.6830186246486706,0.6815580728501784,0.02271520697987875,0.0,0.13150310628490722,0.21817518667768387,1.9835851192474365
777,random_graph,random_graph,1,0.1,9,256,0.2,1200,200,50,-0.0687093022625511,11.424959678037009,7.636821648080843,0.6651691069599426,0.6680750058345711,0.01998346576150005,0.0,0.1301781970527612,0.22056446703251778,2.0952930450439453
777,random_graph,random_graph,1,0.3,0,256,0.2,1200,200,50,-0.07550634129052369,11.968703206653801,8.906398701796817,0.679265833870874,0.6778956962492965,0.02495580505786386,0.0,0.10997601365018209,0.22101889411729583,1.407721996307373
777,random_graph,random_graph,1,0.1,5,256,0.2,1200,200,50,-0.06877625811814761,10.60555186838748,10.811289567724346,0.6761807324636291,0.6610252385360503,0.024057232020225423,0.0,0.12504238502158188,0.21845794471673086,6.862913131713867
777,random_graph,random_graph,1,0.3,1,256,0.2,1200,200,50,-0.07470548947246118,9.572183923262953,9.468951712488083,0.7045807535053521,0.707362421752075,0.020444066643760774,0.0,0.10934056339625585,0.2206530535492655,3.0510494709014893
777,random_graph,random_graph,1,0.3,2,256,0.2,1200,200,50,-0.06062803757046459,10.826451123258023,9.599281570316663,0.7075176188914382,0.6972261085977779,0.023136049812599143,0.0,0.10743383636764675,0.21453785543137263,3.0470621585845947
777,random_graph,random_graph,1,0.3,3,256,0.2,1200,200,50,-0.0709886337209234,9.571353496119551,6.0611239112760105,0.697574897529926,0.6903224651803144,0.02215118269400116,0.0,0.11031674584696798,0.22242346792074938,3.289290428161621
777,random_graph,random_graph,1,0.3,5,256,0.2,1200,200,50,-0.07511858477298956,10.660999355114033,10.826945159413613,0.6991617789515252,0.6823588021597972,0.024112401724931003,0.0,0.10664331754435595,0.2186470111340217,3.186391592025757
777,random_graph,random_graph,1,0.3,7,256,0.2,1200,200,50,-0.0779384020101014,11.386997622501593,11.363752869136693,0.6919421921772261,0.6870124199611534,0.023542376158921883,0.0,0.10477249844248433,0.21488993290835162,2.4658846855163574
777,random_graph,random_graph,1,0.1,6,256,0.2,1200,200,50,-0.06732865713423913,11.861445656488378,9.542200986174715,0.6877011956951978,0.7078449532059286,0.023339182690878833,0.0,0.12245716718089385,0.21688647093575855,10.512331247329712
777,random_graph,random_graph,1,0.3,8,256,0.2,1200,200,50,-0.07301835846104895,11.089501979243122,7.893267317797921,0.7053774684002952,0.7042494974450195,0.022756281552965493,0.0,0.11234143089326509,0.21814715513739943,2.4313700199127197
777,random_graph,random_graph,1,0.3,6,256,0.2,1200,200,50,-0.07392239788458577,11.94967155737723,9.632736160948557,0.7096867581544579,0.7300369070343778,0.023370752216330587,0.0,0.10468580807267405,0.21676951916265202,4.291002988815308
777,random_graph,random_graph,1,1.0,0,256,0.2,1200,200,50,-0.08406054475053482,11.91757967871175,8.683390079569545,0.7618239183418001,0.7571814524069277,0.024946840022819532,0.0,0.07291111102120997,0.22011149199601157,1.0757226943969727
777,random_graph,random_graph,1,0.3,9,256,0.2,1200,200,50,-0.07502150368912225,11.514216043858822,7.6792702097919525,0.6908858431444042,0.6940975968329838,0.02002130353711668,0.0,0.11154523868356386,0.22049399187987867,1.5653223991394043
777,random_graph,random_graph,1,1.0,2,256,0.2,1200,200,50,-0.0823855987895933,10.952602120566866,9.638802006240903,0.7778809798228694,0.7787471699841919,0.023143621957162925,0.0,0.07199021133627051,0.21363059294729203,0.764056921005249
777,random_graph,random_graph,1,1.0,1,256,0.2,1200,200,50,-0.08500509273779483,9.762073507661825,9.560734148116191,0.7817054031084567,0.7841568747765093,0.020458166029902,0.0,0.07206619358336581,0.21968086089073813,0.9272713661193848
777,random_graph,random_graph,1,1.0,4,256,0.2,1200,200,50,-0.08548246191503682,10.293203308484038,9.616687200630361,0.7633637790806784,0.7753529990703929,0.020673515253170953,0.0,0.07142586125487528,0.2170461758462385,0.5921540260314941
777,random_graph,random_graph,1,1.0,6,256,0.2,1200,200,50,-0.08619910894941982,11.887532608336967,9.63280920180136,0.7801921384185753,0.7932726473227082,0.02339556318511111,0.0,0.07023559008669111,0.21601682821779009,0.8905887603759766
777,random_graph,random_graph,1,1.0,5,256,0.2,1200,200,50,-0.08486580342810426,10.621170532875805,10.596443142829989,0.7706455395951403,0.754523659989403,0.024161454607118188,0.0,0.07109769515580609,0.2184838279589462,1.2563273906707764
777,random_graph,random_graph,1,0.3,4,256,0.2,1200,200,50,-0.07604467036181616,10.205421461587928,10.12201912886416,0.6815793901927044,0.6946267791896278,0.020674799305433977,0.0,0.10668269886104847,0.2180960842253984,6.2433154582977295
777,random_graph,random_graph,1,1.0,7,256,0.2,1200,200,50,-0.08700053089437831,11.287315744706401,10.914541650577261,0.7704239472800564,0.7605410968686097,0.023555325616021246,0.0,0.0700312176549671,0.21411208800664389,1.9975249767303467
777,random_graph,random_graph,1,1.0,9,256,0.2,1200,200,50,-0.08435373672784562,11.619363134446981,7.634498114385284,0.7723768407520702,0.7731064397564794,0.020048110566504185,0.0,0.07513041463865641,0.2196876596420253,1.9672038555145264
777,random_graph,random_graph,1,1.0,3,256,0.2,1200,200,50,-0.08283791193549629,9.761364818987175,6.336811775644579,0.776166455182784,0.7709960589507457,0.022179389999565365,0.0,0.07327091114027992,0.22173547769928595,2.9138665199279785
777,random_graph,random_graph,1,3.0,1,256,0.2,1200,200,50,-0.08847410416990083,9.498760382449301,8.770712426346043,0.9170950846832624,0.917343497416441,0.02042818617094855,3.2552083333333335e-06,0.03714787390963278,0.21779555562146904,1.6706748008728027
777,random_graph,random_graph,1,3.0,2,256,0.2,1200,200,50,-0.09019363027692258,10.3006957984377,8.13573950727686,0.9118395852337225,0.9160885840263588,0.023107011483393954,3.90625e-05,0.03837798760512224,0.21170248564498076,1.8722105026245117
777,random_graph,random_graph,1,3.0,0,256,0.2,1200,200,50,-0.08767162654902019,11.232841342124129,7.648250162098891,0.9060673434766539,0.9041148764762021,0.02489370639900667,0.0,0.037967712092716224,0.2182261907988023,2.3227500915527344
777,random_graph,random_graph,1,3.0,3,256,0.2,1200,200,50,-0.08665917728546317,9.35783127026199,6.12462271260461,0.9200334761786902,0.9203128032755168,0.02215124220758567,0.0,0.03811475454217254,0.22006608633672034,1.4915812015533447
777,random_graph,random_graph,1,3.0,4,256,0.2,1200,200,50,-0.08926762287402538,10.153324297350379,8.10883616436264,0.9086516620718453,0.9080953415929841,0.020644032772717567,0.0,0.03740031384861591,0.2150969701945293,1.4094212055206299
777,random_graph,random_graph,1,3.0,6,256,0.2,1200,200,50,-0.08961197640940716,11.341009424582758,8.876315952045768,0.9143706903485814,0.9152348264217203,0.023397456731002658,0.0,0.03681416284685027,0.21457056384339807,1.659031867980957
777,random_graph,random_graph,1,3.0,8,256,0.2,1200,200,50,-0.08835228840283725,10.758515605285227,7.298030250832846,0.9179686946274999,0.9214499960353799,0.02274089031719172,0.0,0.039629680934759416,0.2155461021922194,1.653916835784912
777,random_graph,random_graph,1,3.0,9,256,0.2,1200,200,50,-0.08801544630577256,11.014843547755037,6.473508191979156,0.9130685494508168,0.9129549691457985,0.020029559544307025,0.0,0.03956599257925336,0.21789708820082837,2.4246537685394287
777,random_graph,random_graph,1,3.0,5,256,0.2,1200,200,50,-0.08837940052823161,10.2098461133338,9.555979679518062,0.9060698937771581,0.8987873950301417,0.024150557335661772,0.0,0.03710455459723531,0.21753769527434147,3.545778274536133
777,random_graph,random_graph,1,3.0,7,256,0.2,1200,200,50,-0.0901717713698063,10.72244811020831,9.488652890559267,0.9053844553260089,0.8999008583664713,0.023539407379358918,0.0,0.036540609042168305,0.2126038511006683,2.9896416664123535
777,random_graph,random_graph,1,10.0,0,256,0.2,1200,200,50,-0.08953608170803125,9.854906874812663,5.837387912331925,0.9878034449503621,0.9902228243859446,0.024889963350038975,0.0006640625,0.014658164756644738,0.21626298514457637,2.5279855728149414
777,random_graph,random_graph,1,10.0,1,256,0.2,1200,200,50,-0.09027517969028222,9.045530297200822,6.8879183782527225,0.9919407593392032,0.9856222323948075,0.02043403392935401,0.000546875,0.014196029722525469,0.21588241981260467,1.9430956840515137
777,random_graph,random_graph,1,10.0,2,256,0.2,1200,200,50,-0.09241634464964928,9.74539002683683,6.182000708312492,0.9911637454604104,0.9919442989595824,0.023114781142861737,0.0007063802083333334,0.015072904163637406,0.20963953381045197,1.6011335849761963
777,random_graph,random_graph,1,10.0,3,256,0.2,1200,200,50,-0.08861662466695062,8.75502721502448,5.147370948697954,0.9924246764891673,0.9954212137244317,0.022145748615237004,0.0004947916666666667,0.01461854952919653,0.2182568277043967,0.8758172988891602
777,random_graph,random_graph,1,10.0,6,256,0.2,1200,200,50,-0.09131743099169659,10.078296789431972,7.162975025855521,0.9902592455580241,0.9911014227120557,0.02342287341244571,0.0004850260416666667,0.014162646051994885,0.21311629661689,0.7644917964935303
777,random_graph,random_graph,1,10.0,7,256,0.2,1200,200,50,-0.09186066914088997,9.703184744136019,7.155702511905485,0.9888576059711908,0.9888847086435889,0.023555995222377103,0.00046875000000000004,0.01401453050698779,0.2110789716377109,0.7550795078277588
777,random_graph,random_graph,1,10.0,5,256,0.2,1200,200,50,-0.09018646609393857,9.79784666275973,7.7473897589831555,0.9915117049474403,0.9862287006803696,0.024140832487646733,0.0004524739583333334,0.01424374810617733,0.21634349817475992,1.1633548736572266
777,random_graph,random_graph,1,10.0,8,256,0.2,1200,200,50,-0.0906682129878726,9.753995999326186,6.554226839274409,0.9901309093368527,0.9914722070619493,0.022737725082511213,0.0006412760416666667,0.015502710780507942,0.21347496206124503,1.6555016040802002
777,random_graph,random_graph,1,10.0,4,256,0.2,1200,200,50,-0.0911307284017266,9.36868191160093,6.130191573029089,0.9906688323044894,0.9865313580676509,0.020663601755421427,0.0006835937500000001,0.014368570569840299,0.2131753661377627,2.4577574729919434
777,random_graph,random_graph,1,15.0,0,256,0.2,1200,200,50,-0.08982921138079102,10.415219024843578,5.854338397657343,0.9875442226340168,0.9898753123218956,0.024919131658168333,0.0009277343750000001,0.01075447423362043,0.2158670255021403,1.6144366264343262
777,random_graph,random_graph,1,10.0,9,256,0.2,1200,200,50,-0.09000563921779713,9.756986502097378,4.840522325267045,0.9906354734837938,0.9941482567392753,0.020044006636864547,0.000517578125,0.015248737791757129,0.21598054508734957,1.7677292823791504
777,random_graph,random_graph,1,15.0,2,256,0.2,1200,200,50,-0.09275267270254285,10.829426952139558,6.894316045478285,0.9910626205335342,0.9918843294854935,0.023152746101751408,0.00099609375,0.011014360034828696,0.20920399595424707,1.7975869178771973
777,random_graph,random_graph,1,15.0,3,256,0.2,1200,200,50,-0.08893951227800588,9.837255217536022,6.7060308130146815,0.9923915128482134,0.9950941009523169,0.022185097261252767,0.0007845052083333333,0.01089275402724619,0.21790866644521475,1.1239888668060303
777,random_graph,random_graph,1,15.0,1,256,0.2,1200,200,50,-0.09056937410507636,10.445039057776837,7.065427196904667,0.9918478511071843,0.9855001004056739,0.020469391451225828,0.0009244791666666668,0.010431120568250516,0.21550101115152967,2.115344285964966
777,random_graph,random_graph,1,15.0,7,256,0.2,1200,200,50,-0.09215229746427327,10.52229818847103,6.888168322413527,0.9886278396261944,0.9887607459843429,0.023584883298301572,0.0006803385416666667,0.010159341865646196,0.21077583955098417,0.8550868034362793
777,random_graph,random_graph,1,15.0,6,256,0.2,1200,200,50,-0.09160382551090668,10.906613125356916,7.564681624632021,0.9899895665463087,0.990780367828463,0.023456308108843117,0.0007975260416666668,0.010429320250261958,0.2128336387454923,1.8333144187927246
777,random_graph,random_graph,1,20.0,0,256,0.2,1200,200,50,-0.0283547911150956,24.39521062495042,10.902359229411134,0.9900118383444874,0.9906174032536771,0.025424358847032574,0.21972981770833336,0.04232279206703607,0.23158639071455894,1.2939720153808594
777,random_graph,random_graph,1,15.0,8,256,0.2,1200,200,50,-0.09107103229608939,10.79084411385955,7.857214082887769,0.9900520461044198,0.991329224520706,0.02278261322086797,0.0008951822916666667,0.011464880461945569,0.21304208785041112,1.5933966636657715
777,random_graph,random_graph,1,20.0,1,256,0.2,1200,200,50,-0.013992769449831428,24.920649875639047,11.923746068916122,0.9927809733829145,0.9831518197697648,0.02132110900913013,0.23019205729166667,0.04207704015787081,0.2311429751158942,1.5539908409118652
777,random_graph,random_graph,1,15.0,9,256,0.2,1200,200,50,-0.09034137948658949,10.218431969054585,5.628645128844185,0.9904545394339724,0.9939782193795091,0.020082360389004777,0.0007649739583333334,0.01110510058794361,0.21559590470470966,2.170201539993286
777,random_graph,random_graph,1,15.0,5,256,0.2,1200,200,50,-0.09048934188759593,11.02001698367792,7.9113991131512735,0.9913866289537645,0.985769767446413,0.024160968255472353,0.0006640625,0.010420005163624273,0.2160975759538219,3.0557079315185547
777,random_graph,random_graph,1,20.0,2,256,0.2,1200,200,50,-0.012446220410666533,26.117736962723022,7.355317059236146,0.9933565731140919,0.9823415396177361,0.02380257418660319,0.23294921875000002,0.04330989959840355,0.22577896879679746,1.2464063167572021
777,random_graph,random_graph,1,20.0,3,256,0.2,1200,200,50,-0.02774130095830603,25.225418870567133,10.377814143417394,0.9938363768013884,0.9939355079298738,0.024151473134524214,0.22749023437500002,0.04304708540132302,0.23353618345652877,1.5405561923980713
777,random_graph,random_graph,1,20.0,5,256,0.2,1200,200,50,-0.01984579058998748,24.91424674107928,11.408946215999407,0.9930520168836926,0.9878927839773176,0.02418268556792344,0.239033203125,0.04346931407811616,0.23206334947654572,1.1166932582855225
777,random_graph,random_graph,1,20.0,4,256,0.2,1200,200,50,-0.022000706494330793,24.74001863290556,12.874804872892929,0.9926396648305241,0.9866745591168322,0.023152609919763145,0.23538085937500003,0.04370758228303726,0.22963106397526392,1.727968454360962
777,random_graph,random_graph,1,1.0,8,256,0.2,1200,200,50,-0.08406487095939878,11.175629551429616,7.770206972154859,0.7794419213578356,0.7817121597027702,0.022776682519895917,0.0,0.0752288467175152,0.21738176518181665,12.4273841381073
777,random_graph,random_graph,1,20.0,6,256,0.2,1200,200,50,-0.032236910519432296,24.585597734112902,12.308020124340755,0.9915746155828206,0.9913949548163823,0.024082568271785013,0.23833658854166667,0.0442700863323379,0.22957456584342534,1.8107388019561768
777,random_graph,random_graph,1,20.0,8,256,0.2,1200,200,50,-0.020932242703046593,25.735442256393792,11.79014991507759,0.9923753835727863,0.9907969910753022,0.024712893436305578,0.22746419270833335,0.04337237378341005,0.22893575221982246,1.631251573562622
777,random_graph,random_graph,1,20.0,9,256,0.2,1200,200,50,-0.016923089935988057,24.55496799977656,12.784015062074339,0.9921214979220426,0.9941769267617532,0.02454495610991202,0.232509765625,0.043251449073320104,0.2318089806470321,1.9985642433166504
777,random_graph,random_graph,1,25.0,1,256,0.2,1200,200,50,-0.06605883084712111,31.486118073708855,14.94968535030478,0.9926949996052188,0.9827151526567861,0.024715152636082996,0.395693359375,0.06007934973224441,0.27288550197977657,2.455073356628418
777,random_graph,random_graph,1,20.0,7,256,0.2,1200,200,50,-0.039002809678629305,24.309737162664668,12.920898538204861,0.9898999406271872,0.9897483520969808,0.024048816611851695,0.24025065104166668,0.04349868425590432,0.2275203689704128,3.7309136390686035
777,random_graph,random_graph,1,25.0,4,256,0.2,1200,200,50,-0.03036227413364001,33.20764148013234,11.033937211093258,0.9927111009754223,0.9646165966386625,0.02649843272316547,0.38760091145833336,0.06037224001463324,0.2720722745103151,2.4602227210998535
777,random_graph,random_graph,1,25.0,0,256,0.2,1200,200,50,-0.06650945651130222,31.650566394914712,15.248204822564384,0.9915453547680969,0.9889376524009136,0.027826360955226868,0.3841080729166667,0.05881325937923126,0.27148619283490155,3.6484317779541016
777,random_graph,random_graph,1,25.0,3,256,0.2,1200,200,50,-0.04873774276543591,32.50396085054332,13.620963010543266,0.9940133110857768,0.9836043503736379,0.026889700884826586,0.3846940104166667,0.0589885599729702,0.2739254761380013,2.9562525749206543
777,random_graph,random_graph,1,25.0,5,256,0.2,1200,200,50,-0.05335302292792592,32.64956225426803,13.642190471265373,0.9933216839054221,0.9870289072878837,0.027058522659964324,0.40038411458333334,0.06213043413722798,0.27558228476420943,2.1403822898864746
777,random_graph,random_graph,1,25.0,2,256,0.2,1200,200,50,-0.049456556928703495,32.847675782313225,13.661712215880177,0.9937925191146155,0.9897339149426002,0.027500602462381955,0.3945084635416667,0.06166273769963327,0.2680789565015808,3.839806318283081
777,random_graph,random_graph,1,25.0,9,256,0.2,1200,200,50,-0.06307068371171423,31.775768248316584,14.355771986421741,0.99204242489475,0.9910479035065022,0.02818683778531023,0.39548177083333336,0.06106122429304192,0.2736185269423974,1.144655466079712
777,random_graph,random_graph,1,25.0,6,256,0.2,1200,200,50,-0.04224445497397856,31.44295943574712,14.986435434106188,0.9924716174538494,0.9902877677483461,0.028368852184519032,0.39736653645833336,0.06133264433863349,0.2715749517386186,2.308581590652466
777,random_graph,random_graph,1,25.0,8,256,0.2,1200,200,50,-0.04891089351229075,32.9920697792771,14.394436490170134,0.9925573741022448,0.9892042383186543,0.026882572641768857,0.39678059895833334,0.061821995791202004,0.2723200548669537,1.4960267543792725
777,random_graph,random_graph,1,30.0,0,256,0.2,1200,200,50,0.04972059806325785,35.112787325096576,8.887256156544112,0.985482607497973,0.9269477701290598,0.033380829712965555,0.436435546875,0.07059178171434337,0.31908791129034886,1.5924348831176758
777,random_graph,random_graph,1,30.0,1,256,0.2,1200,200,50,0.04668161394081684,34.92462114634181,13.062465933635545,0.9881819358871264,0.949334694894004,0.028825390534292023,0.44269531250000005,0.072091802161075,0.32005350474213673,2.1846539974212646
777,random_graph,random_graph,1,30.0,4,256,0.2,1200,200,50,0.043522611200734154,36.0077067938342,10.65851914845149,0.9886834384142807,0.9182169746048445,0.028627060929879756,0.44629882812500005,0.07355226289988205,0.3204915809303866,1.8585679531097412
777,random_graph,random_graph,1,30.0,3,256,0.2,1200,200,50,0.056617499416163675,35.252566499704706,4.7365163710393325,0.9892816696611226,0.9108758366806449,0.030578236777996745,0.4397037760416667,0.0709434160752808,0.32035254203584324,2.4532716274261475
777,random_graph,random_graph,1,30.0,5,256,0.2,1200,200,50,0.03385174231686999,35.9064596210304,13.774498153705663,0.9870200271378674,0.9664957705243995,0.030068233518625115,0.4559928385416667,0.07420494549377304,0.3216772782015228,2.505976676940918
777,random_graph,random_graph,1,25.0,7,256,0.2,1200,200,50,-0.04920287443922806,32.27832836929713,13.230451829472917,0.9914065989862276,0.9873912153331175,0.02712070453340819,0.3926529947916667,0.060985055722383705,0.26886313940201956,4.540364980697632
777,random_graph,random_graph,1,30.0,7,256,0.2,1200,200,50,0.05834324866774678,35.37590113681917,10.66339208363041,0.9852033337449948,0.9358159271622744,0.03163227809506501,0.45376953125,0.07369898613884521,0.31636469669846906,2.19956374168396
777,random_graph,random_graph,1,15.0,4,256,0.2,1200,200,50,-0.09142362954984051,10.522437711981054,7.2831962076277135,0.9905495896508468,0.9864861025067635,0.02070542765843557,0.000908203125,0.010567642180124006,0.21280452999398325,12.346192359924316
777,random_graph,random_graph,1,30.0,6,256,0.2,1200,200,50,0.04248515737088439,34.52357667176216,13.8626787716916,0.9871831651145544,0.9707323358134461,0.032722745075235045,0.4555794270833334,0.07452083373654787,0.32034100950935307,3.0215272903442383
777,random_graph,random_graph,1,30.0,2,256,0.2,1200,200,50,0.04797360608176816,35.626841903049545,13.061127077980986,0.9886399880394338,0.9710595731047771,0.03193521026900066,0.457861328125,0.07363382794772928,0.31320001969939115,4.557283401489258
777,random_graph,random_graph,1,30.0,8,256,0.2,1200,200,50,0.05905437947168231,36.06525413281756,13.828624886417238,0.9884995309831796,0.9741721290819116,0.0311292025033797,0.45137695312500004,0.07233350944454868,0.31578179447524246,2.1301321983337402
777,random_graph,random_graph,1,50.0,0,256,0.2,1200,200,50,0.38348716350298784,33.07150884572204,4.308013502900407,0.9655195803249728,0.8747466440842935,0.042630087266181615,0.6938736979166668,0.0840256613726497,0.38252324437973984,1.9552135467529297
777,random_graph,random_graph,1,50.0,1,256,0.2,1200,200,50,0.3918432220161178,33.36040587185321,3.14484226988851,0.9569677661063523,0.8589180357600326,0.038266685856579045,0.6854720052083334,0.08386248903393981,0.38257971849076067,2.0124762058258057
777,random_graph,random_graph,1,50.0,4,256,0.2,1200,200,50,0.3942872561039172,33.363814052568344,3.840305658128913,0.9658370813918776,0.8319256310005979,0.03901858274347155,0.6954231770833333,0.08508886928806872,0.3773746656551517,1.7751500606536865
777,random_graph,random_graph,1,50.0,5,256,0.2,1200,200,50,0.38710375964655336,33.04980930473552,3.992140287831409,0.9552574990835438,0.8756989328201881,0.04010390066449165,0.7086490885416667,0.08647854811014613,0.38587871048043526,1.785001277923584
777,random_graph,random_graph,1,50.0,3,256,0.2,1200,200,50,0.38135610344513854,32.48868761897814,3.2567341703866077,0.9695044289619381,0.8997863021112336,0.04013165785735974,0.6999837239583334,0.0848151439922423,0.38727817268450176,2.023308277130127
777,random_graph,random_graph,1,50.0,8,256,0.2,1200,200,50,0.40706604388270484,33.271196053538134,3.2527749890392554,0.9649562040095334,0.873916979970104,0.03943426618908087,0.672958984375,0.08291262739543992,0.3748195463446894,1.9932756423950195
777,random_graph,random_graph,1,50.0,7,256,0.2,1200,200,50,0.3856109238537362,33.18779223297158,2.7242625380500924,0.9511961966291712,0.8851696117561781,0.040272821716181156,0.6971484375,0.08665745957892433,0.37826265691171324,2.6949691772460938
777,random_graph,random_graph,1,50.0,2,256,0.2,1200,200,50,0.4031356184498799,32.793863287351016,2.937221190669236,0.9630834153732706,0.8837494290977681,0.03977819989122701,0.6780696614583334,0.08382946903755674,0.37175408654592973,4.193639039993286
777,random_graph,random_graph,1,50.0,9,256,0.2,1200,200,50,0.4009111123315455,32.81991180911288,3.6803186615939256,0.9639185638856475,0.9056756433506555,0.03819893792704922,0.68810546875,0.08271063821596632,0.3812270500903661,2.37843656539917
777,random_graph,random_graph,1,100.0,1,256,0.2,1200,200,50,0.6425746544267655,32.222444880046666,1.7022689340257144,0.9327048415863631,0.7306972977233929,0.041078286354581994,0.8328059895833334,0.08316587254608934,0.4036487316043614,1.565650463104248
777,random_graph,random_graph,1,100.0,2,256,0.2,1200,200,50,0.6353986825694888,31.94000934457892,2.507455260235688,0.9425163010501144,0.7730175302640443,0.043747534585680606,0.8298730468750001,0.08252407895842462,0.3940419702459533,1.6240179538726807
777,random_graph,random_graph,1,50.0,6,256,0.2,1200,200,50,0.37673375066254805,32.54921034140532,3.36951524792771,0.963793720767197,0.8686146801502067,0.04026770767060828,0.7113313802083334,0.08688251897725321,0.38115879369688616,3.8701813220977783
777,random_graph,random_graph,1,100.0,0,256,0.2,1200,200,50,0.6476743282245109,32.41154110714338,1.9615467388431758,0.9301354544058515,0.7613788768870668,0.044922686869099344,0.8271451822916667,0.08101123283222945,0.39952521483310605,3.793562650680542
777,random_graph,random_graph,1,100.0,3,256,0.2,1200,200,50,0.6369879909276256,32.00736401057287,2.1036234649839143,0.9447156151888341,0.8476982399682284,0.04142931966358916,0.8370377604166667,0.08298100497788309,0.4037581565438063,3.80285906791687
777,random_graph,random_graph,1,100.0,8,256,0.2,1200,200,50,0.6354239649730948,32.162757312482825,3.208453245702283,0.9444785966872027,0.8029709596690341,0.04318689064472491,0.8267317708333334,0.08269438669006801,0.39873648639332154,4.832554340362549
777,random_graph,random_graph,1,100.0,5,256,0.2,1200,200,50,0.6472810251869325,32.114880254865895,1.7592313148415109,0.9405245527521947,0.7501697662434973,0.045006340383438995,0.8375911458333334,0.08388861935664939,0.40165392982049014,5.084416627883911
777,random_graph,random_graph,1,100.0,7,256,0.2,1200,200,50,0.6350296258426905,32.79998151644374,2.473827195196093,0.9219260398534694,0.6420472858419574,0.043619338346938555,0.8340559895833334,0.0831791986110595,0.3975930110618881,5.096951007843018
777,random_graph,random_graph,1,100.0,9,256,0.2,1200,200,50,0.6454103287830956,32.17357591898752,2.83126080112467,0.9413926749844506,0.8158680600687046,0.039779113521099356,0.82978515625,0.0823987992705713,0.3993791939877648,4.968150854110718
101,random_graph,random_graph,1,0.1,1,256,0.2,1200,200,50,-0.06808303037604677,9.436837492532025,9.383112849845267,0.676862960567426,0.6811974765607222,0.02040707937201136,0.0,0.1270308803553201,0.22076850762712907,3.121037721633911
101,random_graph,random_graph,1,0.1,0,256,0.2,1200,200,50,-0.06903679081853972,11.944350586474117,8.922636770267161,0.6534405768701993,0.6534366268299859,0.024946751484979025,0.0,0.13688937078045094,0.22128632421174876,4.88862156867981
777,random_graph,random_graph,1,100.0,6,256,0.2,1200,200,50,0.654492549904947,31.954907288357923,2.4751817771472657,0.9445899714839668,0.8361231306656876,0.044098993192562774,0.8360709635416668,0.08345779513307036,0.3973507707027005,5.872894287109375
101,random_graph,random_graph,1,0.1,2,256,0.2,1200,200,50,-0.05585027937385175,10.710057282841566,9.466781039333467,0.6861685387479208,0.6725959617894856,0.023111479282758845,0.0,0.1285717508179323,0.21472545168921145,2.6474103927612305
101,random_graph,random_graph,1,0.1,5,256,0.2,1200,200,50,-0.0688095233775802,10.597333115242247,10.804514370611765,0.6758197017018895,0.6606584374632265,0.024040677888411195,0.0,0.11744067647980229,0.2183054438425468,1.167677879333496
101,random_graph,random_graph,1,0.1,8,256,0.2,1200,200,50,-0.06712296972206083,10.960404262465277,7.847170911906106,0.6835811640968356,0.6821176434300605,0.02270587239269718,0.0,0.131101100002143,0.21806846303495592,0.713395357131958
101,random_graph,random_graph,1,0.1,6,256,0.2,1200,200,50,-0.0673683186318725,11.861442642937496,9.541801528056792,0.6876788304154344,0.7078231794008217,0.02334030121156935,0.0,0.12249635181771025,0.2169081849248671,1.1409053802490234
101,random_graph,random_graph,1,0.1,4,256,0.2,1200,200,50,-0.06900984646829035,10.135060336113517,10.215236552890643,0.6548809957505449,0.6662509528647061,0.02066142121682041,0.0,0.1296399081489939,0.21838898680201005,2.0234265327453613
101,random_graph,random_graph,1,0.1,7,256,0.2,1200,200,50,-0.07103419539746976,11.375624253270413,11.396359046757903,0.668241104876086,0.6659693627878771,0.023520776207898886,0.0,0.1252863882671161,0.21508503394465117,1.7771251201629639
777,random_graph,random_graph,1,30.0,9,256,0.2,1200,200,50,0.046285420495464726,34.95676819565369,11.187491616777882,0.9851438267117297,0.9747577903684223,0.03265199795951576,0.4412662760416667,0.07103809693327473,0.3178416436251324,11.699007987976074
101,random_graph,random_graph,1,0.3,2,256,0.2,1200,200,50,-0.06023646457677147,10.842025185951893,9.609716013814602,0.7084787932315354,0.6988592627983995,0.023154537002357742,0.0,0.10984347832047474,0.21474044605546613,1.9782207012176514
101,random_graph,random_graph,1,0.3,1,256,0.2,1200,200,50,-0.0741325469863632,9.551009404447198,9.465734079510607,0.7018209337597003,0.7046809339402049,0.020436877876955528,0.0,0.10799504138781633,0.22058747551388136,2.6926212310791016
101,random_graph,random_graph,1,0.3,4,256,0.2,1200,200,50,-0.07566604399496875,10.173528956998435,10.084658836891657,0.6775753200030892,0.6900824971992661,0.020695096857450204,0.0,0.1104137192934834,0.21831921482363964,2.3279285430908203
101,random_graph,random_graph,1,0.3,7,256,0.2,1200,200,50,-0.07695568628077888,11.471820638953345,11.42488614945617,0.6962988012445444,0.6909576001617557,0.023556951521825877,0.0,0.10681744413580109,0.2150595067901215,1.9007961750030518
101,random_graph,random_graph,1,0.3,6,256,0.2,1200,200,50,-0.0736457272409396,11.96127238052569,9.643111811591385,0.7100818400424296,0.7303858974007766,0.023371317264854762,0.0,0.1044369639137015,0.2168069596477988,2.387525796890259
101,random_graph,random_graph,1,0.1,9,256,0.2,1200,200,50,-0.06857617243748812,11.42022902737128,7.6349456351867735,0.6658052292081957,0.6688024173580482,0.019986940414482242,0.0,0.12815858971305763,0.22060671861671016,3.616736888885498
101,random_graph,random_graph,1,0.3,3,256,0.2,1200,200,50,-0.070597702502334,9.580454470657816,6.081180931123858,0.698951741452463,0.6917890044207018,0.02214487407693117,0.0,0.11397221004078509,0.22231389617599268,3.7656164169311523
777,random_graph,random_graph,1,100.0,4,256,0.2,1200,200,50,0.6467748495156072,32.353800500028406,2.455160552705924,0.9388533427235192,0.5852376736375109,0.04070589593942153,0.8315364583333333,0.08233999796942738,0.3980213133962508,11.164098262786865
101,random_graph,random_graph,1,0.3,0,256,0.2,1200,200,50,-0.07523565876066897,11.96117835981374,8.899484686210547,0.6782377364390887,0.676915313933571,0.024999828706781694,0.0,0.11550808736171339,0.221427003087558,5.382595777511597
101,random_graph,random_graph,1,0.3,8,256,0.2,1200,200,50,-0.07351367870088751,11.102495095591712,7.903391504682342,0.7068636398636938,0.7057795162731456,0.022733529208414448,0.0,0.11179980915149831,0.21787395189232278,3.245788097381592
101,random_graph,random_graph,1,0.3,5,256,0.2,1200,200,50,-0.0754332578863179,10.63856511295187,10.807990893730473,0.698322912821004,0.6814935899793348,0.024072267404325418,0.0,0.10021088248436592,0.2182555460905013,4.5106282234191895
101,random_graph,random_graph,1,1.0,2,256,0.2,1200,200,50,-0.08211156424532833,10.969339812933962,9.654531640999895,0.7789278403468897,0.7799895166653916,0.023175000910418183,0.0,0.07375470564715102,0.21405187651818217,2.5748536586761475
101,random_graph,random_graph,1,1.0,0,256,0.2,1200,200,50,-0.08344501643915345,11.844777457870537,8.617862604206797,0.7620108515383903,0.7572290845907615,0.02503319685666902,0.0,0.07559203301422401,0.22104213550416965,3.976261615753174
101,random_graph,random_graph,1,1.0,1,256,0.2,1200,200,50,-0.08474580762504509,9.79986205854973,9.588473825976859,0.7787640188489368,0.7808741101219486,0.020456253445783716,0.0,0.07156358125228074,0.21964738687057062,3.7229480743408203
101,random_graph,random_graph,1,0.3,9,256,0.2,1200,200,50,-0.0751354810615572,11.478279677687034,7.6546620330677095,0.6919760042211759,0.6953160043589607,0.020029936396642745,0.0,0.1094186169417125,0.2206051617190778,4.729279279708862
101,random_graph,random_graph,1,1.0,5,256,0.2,1200,200,50,-0.08583229383551762,10.585776201879696,10.563765930037366,0.7715516395140694,0.7557785364465951,0.024085474216039925,0.0,0.06712970454732407,0.21761435728536777,2.972229242324829
101,random_graph,random_graph,1,1.0,8,256,0.2,1200,200,50,-0.08486103875752336,11.168481252391336,7.763171156769793,0.7795750867282817,0.7818884156375134,0.022733336634623662,0.0,0.07451975623430662,0.2167879273516092,2.433809518814087
101,random_graph,random_graph,1,1.0,4,256,0.2,1200,200,50,-0.08516453050708388,10.144654172046051,9.456385062242878,0.7545850538036273,0.7669540393523643,0.020711175192542407,0.0,0.07325235518963034,0.217540322004394,4.053577661514282
101,random_graph,random_graph,1,3.0,3,256,0.2,1200,200,50,-0.08693182566596662,9.197250462866881,5.9575331393643465,0.9178286118929062,0.918282831536992,0.022139869390448475,0.0,0.03850524887932046,0.21977224270931986,2.39707088470459
101,random_graph,random_graph,1,3.0,6,256,0.2,1200,200,50,-0.08971517444916947,11.275377506581123,8.808837792470978,0.9176600163151485,0.9185338429807927,0.023365776838777875,0.0,0.03664962914039453,0.2142860443959193,1.7810306549072266
101,random_graph,random_graph,1,1.0,9,256,0.2,1200,200,50,-0.08421327075644902,11.46928165895382,7.521148631359577,0.7715271874035379,0.7726655366799285,0.020066107240253754,0.0,0.07334916731741167,0.21995735056648988,4.111425161361694
101,random_graph,random_graph,1,1.0,3,256,0.2,1200,200,50,-0.08341053457083854,9.68166815328883,6.300382333919468,0.7758227320369867,0.7710009110400651,0.02216642045595094,0.0,0.07499835428108052,0.2214943377230938,6.161601305007935
101,random_graph,random_graph,1,3.0,4,256,0.2,1200,200,50,-0.0887601233114778,9.937917992360315,7.85444108402701,0.9002330705502871,0.9002535236133268,0.020689079064452446,0.0,0.03786048638172115,0.21590335001313157,3.2668087482452393
101,random_graph,random_graph,1,10.0,0,256,0.2,1200,200,50,-0.08862101308039662,10.009834886367948,5.959351608479531,0.9878749148659021,0.9902698706785837,0.024992860363046588,0.000634765625,0.014927215392390903,0.21829186688030613,2.6066524982452393
101,random_graph,random_graph,1,3.0,8,256,0.2,1200,200,50,-0.08904883249973569,10.655004339775427,7.212644473552403,0.9147541651068346,0.9184609534474055,0.022689036331927297,1.3020833333333334e-05,0.03942989152662838,0.2146665444813463,3.168217658996582
101,random_graph,random_graph,1,10.0,1,256,0.2,1200,200,50,-0.09008285374827116,9.092291911992026,6.922765987679547,0.9919881721989665,0.9856708571218229,0.020454405577389277,0.0005696614583333334,0.01422065385951636,0.21619053925863146,2.9223296642303467
101,random_graph,random_graph,1,3.0,5,256,0.2,1200,200,50,-0.0891861184437221,10.295977752807598,9.620268669247631,0.912507201947166,0.9060502982477879,0.024058192344982018,0.0,0.035587827155417,0.21616604537808093,4.879593849182129
101,random_graph,random_graph,1,1.0,7,256,0.2,1200,200,50,-0.08656949049268504,11.58086958224186,11.194280433371743,0.7795942116987352,0.7695388818165697,0.023577379202860096,0.0,0.07112026860661856,0.21445056482581087,6.512601852416992
101,random_graph,random_graph,1,10.0,2,256,0.2,1200,200,50,-0.09210409742152864,9.884915031472678,6.357679385797795,0.9911409960838095,0.9919515088216199,0.023135275418090736,0.0006022135416666667,0.015204429325199267,0.21024380499113046,2.882037401199341
101,random_graph,random_graph,1,0.1,3,256,0.2,1200,200,50,-0.06446290184905273,9.471164186856848,5.892654257306316,0.6740343766355998,0.6660845600621067,0.022105112019713196,0.0,0.13445317250053387,0.22238203019060984,13.239363193511963
101,random_graph,random_graph,1,3.0,7,256,0.2,1200,200,50,-0.08994496021018673,10.919874487900998,9.640541118988295,0.9147335459670118,0.90974280340281,0.023555493198260755,0.0,0.03697685659917086,0.21303212612740677,4.536450147628784
101,random_graph,random_graph,1,10.0,5,256,0.2,1200,200,50,-0.09101473147168254,9.989962855426711,7.927069521517788,0.9915305129979239,0.9860843873075101,0.024056089149548595,0.00048177083333333335,0.013878410469934944,0.2145488734369828,2.4383018016815186
101,random_graph,random_graph,1,10.0,3,256,0.2,1200,200,50,-0.08876651699642123,8.575167920649283,4.96827071210287,0.9924353066973263,0.9954290860839587,0.022140679720388846,0.0005533854166666667,0.01469263734600175,0.2180018200860843,3.380357265472412
101,random_graph,random_graph,1,10.0,7,256,0.2,1200,200,50,-0.09169705377117351,9.767315918960293,7.160944796830911,0.9888992236773159,0.9889177318097804,0.023564364005574035,0.00041341145833333334,0.014112025243356117,0.21149664628438522,3.3841922283172607
101,random_graph,random_graph,1,10.0,8,256,0.2,1200,200,50,-0.09124740879725683,9.655163816997044,6.455169457370123,0.9900638885320596,0.9914160659939052,0.02269228444698705,0.0006998697916666667,0.015405861325071227,0.21242924136262648,3.773468494415283
101,random_graph,random_graph,1,10.0,4,256,0.2,1200,200,50,-0.09060773634814523,9.422199536959987,6.1834606757002994,0.9906451384546425,0.9865066646334651,0.020699172618962192,0.000625,0.014440598382807453,0.2142168606126794,6.400111436843872
101,random_graph,random_graph,1,15.0,0,256,0.2,1200,200,50,-0.08890617908795245,10.709290188117144,6.080183320960372,0.9875994778005496,0.989912563590004,0.025018131920850038,0.000859375,0.011036521258417909,0.2180011536045134,6.3777453899383545
101,random_graph,random_graph,1,10.0,9,256,0.2,1200,200,50,-0.08970507320053517,9.845512252485893,4.907041461791394,0.9906005602438772,0.9941023585485471,0.020062785620184945,0.000498046875,0.015168409725851822,0.21662354566221861,6.532534599304199
101,random_graph,random_graph,1,15.0,1,256,0.2,1200,200,50,-0.09039046966807526,10.141945717522393,7.356889964856006,0.9918564495616534,0.9855331285011747,0.020485562695213212,0.0007779947916666667,0.01053308638624161,0.21584381790014612,7.447974443435669
101,random_graph,random_graph,1,10.0,6,256,0.2,1200,200,50,-0.09160001632743754,9.992868623371534,7.059121825969788,0.9902635659320891,0.9910946595895624,0.023386809260729943,0.0004947916666666667,0.014180907939092845,0.21246714675031672,8.786432266235352
101,random_graph,random_graph,1,1.0,6,256,0.2,1200,200,50,-0.08595584650931055,11.929736602620615,9.673334064395592,0.782647655574524,0.7953436583633162,0.023385372644588082,0.0,0.06986096069352618,0.21599306357585876,15.583271026611328
101,random_graph,random_graph,1,15.0,5,256,0.2,1200,200,50,-0.09133524557818093,11.371435989846516,8.110422514963517,0.9914035361652429,0.9858134894372788,0.02408209041973944,0.0007356770833333334,0.010270448336411348,0.21421041654543796,7.945162057876587
101,random_graph,random_graph,1,15.0,3,256,0.2,1200,200,50,-0.0890694911218096,9.859511210394713,6.71236444808525,0.9923129619853379,0.9949910625635884,0.022184789072929645,0.0009147135416666668,0.011010289949150771,0.2176777126123071,9.128084659576416
101,random_graph,random_graph,1,15.0,2,256,0.2,1200,200,50,-0.09244879653560484,11.00633575949963,6.9484515540833565,0.9910559307267123,0.9918743773330813,0.023175825844034336,0.0011230468750000001,0.011189753486125206,0.20980636991823354,10.058253526687622
101,random_graph,random_graph,1,15.0,4,256,0.2,1200,200,50,-0.09091093480157854,10.597362907177269,7.366450646343716,0.9905283273426794,0.9864672577129829,0.020734075455444187,0.0008268229166666667,0.010503924325710547,0.21388152929266244,9.734845876693726
101,random_graph,random_graph,1,15.0,6,256,0.2,1200,200,50,-0.09192338684121286,10.8667631330321,7.622153082063787,0.9900397434556804,0.9908368249038781,0.023426281870992362,0.000771484375,0.010564980767567502,0.21209818076030643,7.985020637512207
101,random_graph,random_graph,1,20.0,2,256,0.2,1200,200,50,-0.038262773772360446,24.523870686751156,10.560517652357284,0.9932285339191261,0.9917554480817481,0.02734253020334208,0.26438802083333335,0.04705754429849062,0.2293190680833393,5.076685190200806
101,random_graph,random_graph,1,15.0,7,256,0.2,1200,200,50,-0.09199378050006303,10.717881300374005,6.984041354627418,0.9887211565600603,0.9887953786160649,0.023597209772315015,0.0006608072916666667,0.010434182405523818,0.21119606142109382,9.587200164794922
101,random_graph,random_graph,1,20.0,0,256,0.2,1200,200,50,-0.030157756919422022,24.3826883089889,9.927755202674192,0.9906048347008334,0.9908107428268901,0.025038873269380712,0.24260416666666668,0.044743084871818266,0.23592414917954896,7.231049299240112
101,random_graph,random_graph,1,20.0,7,256,0.2,1200,200,50,-0.019334662988728876,25.56141993940854,12.315323430188037,0.9906267223080611,0.9893945952554426,0.024128046479899697,0.23888346354166667,0.04453691646593669,0.2283972898568084,3.2728734016418457
101,random_graph,random_graph,1,20.0,3,256,0.2,1200,200,50,-0.025439781240271547,25.49639665099111,11.186957829782848,0.9938641758957106,0.9941283166598821,0.026093893882410436,0.24172526041666667,0.04449609122232245,0.23552089704360576,5.192476272583008
101,random_graph,random_graph,1,20.0,5,256,0.2,1200,200,50,-0.02760673741909922,24.94009391635851,9.942591304482683,0.9934940238544189,0.9880467713860313,0.02416755476981095,0.25663411458333335,0.046686374333557115,0.233089978852382,4.176538705825806
101,random_graph,random_graph,1,20.0,8,256,0.2,1200,200,50,-0.012480576195944039,26.38991534915897,9.099031411065807,0.9924515134817872,0.9907698076802981,0.026480748435841438,0.2478515625,0.04556598815090528,0.2304640864084412,3.4408838748931885
101,random_graph,random_graph,1,20.0,1,256,0.2,1200,200,50,-0.0570333263084142,24.19295066101355,12.352134488468593,0.9927420450241116,0.9846307199720891,0.021440715772107655,0.25805989583333333,0.04652231443557009,0.23480557145352796,6.4560112953186035
101,random_graph,random_graph,1,20.0,4,256,0.2,1200,200,50,-0.013557484280710602,24.821091453281134,10.859013160415456,0.9928326676139777,0.986882185639692,0.02538111671239149,0.25565755208333335,0.045797851162959244,0.23290002701975027,5.494412422180176
101,random_graph,random_graph,1,15.0,8,256,0.2,1200,200,50,-0.09161234138360022,11.040907595380535,7.839910689772981,0.9900537264397857,0.9913069972940903,0.02274330835916566,0.0011979166666666668,0.011393354892937075,0.21197599447293702,10.89354133605957
101,random_graph,random_graph,1,25.0,2,256,0.2,1200,200,50,-0.03483216523102132,32.9119651872257,13.261966852217363,0.9939518399543421,0.9871210551854419,0.02885631705464099,0.39675130208333337,0.06291795743467675,0.2713634770186567,2.032731056213379
101,random_graph,random_graph,1,3.0,2,256,0.2,1200,200,50,-0.08972934883533498,10.493169342420115,8.41956919119839,0.9136567968015595,0.9178891938464919,0.02313703908866242,4.8828125e-05,0.03897689338118056,0.21228253075881173,21.435343503952026
101,random_graph,random_graph,1,3.0,1,256,0.2,1200,200,50,-0.08827493465325584,9.601274639155756,8.916039184239935,0.9172810982561981,0.9174035905037994,0.020443691492480313,0.0,0.037092351418802336,0.21792296513520787,21.898908376693726
101,random_graph,random_graph,1,25.0,5,256,0.2,1200,200,50,-0.04661590946352346,32.236228338694346,9.550661569673384,0.9933386258563432,0.9858275742473971,0.026452022502258744,0.39111328125,0.060202037950154254,0.2724493819937119,1.9908695220947266
101,random_graph,random_graph,1,15.0,9,256,0.2,1200,200,50,-0.09004211262121155,10.39311038143423,5.825359209978998,0.9904467804851064,0.993960433978449,0.020098769900349315,0.000732421875,0.011121637381846202,0.21627229775028467,11.04888391494751
101,random_graph,random_graph,1,20.0,9,256,0.2,1200,200,50,-0.05100649423235092,24.484891237274628,11.016183324155339,0.9922108841154812,0.9936318601993083,0.024994489269131503,0.2522135416666667,0.04546632350909465,0.2347523730484751,5.370316028594971
101,random_graph,random_graph,1,25.0,6,256,0.2,1200,200,50,-0.037962236503899974,31.880934491929878,13.456593229045117,0.9921044028695186,0.9861783948398546,0.029641507083089776,0.4015592447916667,0.061968921975866856,0.27153783464742204,4.588454961776733
101,random_graph,random_graph,1,20.0,6,256,0.2,1200,200,50,-0.04022700762327219,25.636993702763906,11.347149789910642,0.9920546917353884,0.9915212902323806,0.025272839587685322,0.2576432291666667,0.04625692339185449,0.23111067550833145,8.645873546600342
101,random_graph,random_graph,1,3.0,0,256,0.2,1200,200,50,-0.08684021098115323,11.198444854123055,7.611876947090168,0.9073404750355002,0.9054340321674589,0.02500468700384465,0.0,0.038941574364967715,0.2197640642447667,25.235814571380615
101,random_graph,random_graph,1,25.0,4,256,0.2,1200,200,50,-0.03513264209572213,32.73565717207758,13.30548635210502,0.993406862674452,0.961870672787902,0.02678187120789966,0.38798828125,0.06111240452768497,0.2730031832531,5.596776723861694
101,random_graph,random_graph,1,25.0,3,256,0.2,1200,200,50,-0.025831029569349424,32.72683111487937,7.746593303149567,0.9938475705930542,0.9813064617374987,0.02738937890507139,0.3861263020833334,0.05950066029307573,0.2755793482186293,6.369849681854248
101,random_graph,random_graph,1,25.0,0,256,0.2,1200,200,50,-0.04368406936903021,32.019536258560024,12.978512893594496,0.9914631088958903,0.9878787647306696,0.027704908623138486,0.3863151041666667,0.0608579447277657,0.27789327802741126,9.664321184158325
101,random_graph,random_graph,1,25.0,7,256,0.2,1200,200,50,-0.043229280854946366,32.33197998135296,14.990821044651119,0.9920118469991197,0.9886220711586893,0.028540473224894426,0.38962239583333336,0.06199509295585436,0.27208430827755287,10.950048923492432
101,random_graph,random_graph,1,25.0,1,256,0.2,1200,200,50,-0.07041925915461723,31.25989080140619,16.118986406350686,0.9932004194460882,0.9831888847498014,0.02508963174083027,0.40753255208333333,0.06376023281798525,0.27941338898285173,12.073038101196289
101,random_graph,random_graph,1,30.0,2,256,0.2,1200,200,50,0.06504283469624554,35.54150604544313,9.190319884109378,0.9864082148182653,0.9377282975736617,0.03137628776388353,0.45481770833333335,0.07306544392830336,0.3130165713578352,10.789595603942871
101,random_graph,random_graph,1,30.0,1,256,0.2,1200,200,50,0.05108705172080342,35.034097354113825,11.205516704133334,0.9888856742538199,0.9454859395930915,0.029121710914775327,0.4545572916666667,0.07509948290774682,0.32557838983602017,10.948110103607178
101,random_graph,random_graph,1,25.0,9,256,0.2,1200,200,50,-0.07325507035120785,31.590869087871212,14.223684317383903,0.9923701115936431,0.9911561378252687,0.027544860797816727,0.39901367187500003,0.061822076713410556,0.2773193748007594,11.935925960540771
101,random_graph,random_graph,1,3.0,9,256,0.2,1200,200,50,-0.08773215436036047,11.045179922002848,6.533802875721608,0.9132866199002584,0.9131147733514803,0.020053474642360798,0.0,0.038983840520221524,0.21837207885016513,31.87620782852173
101,random_graph,random_graph,1,30.0,5,256,0.2,1200,200,50,0.05236165737203133,35.90021943391832,7.6082178022009295,0.9892822556365977,0.9188737140768781,0.031476269437666966,0.45638020833333337,0.07448491353624459,0.32216677929878346,10.377712488174438
101,random_graph,random_graph,1,30.0,9,256,0.2,1200,200,50,0.048862711664718186,35.42502030881404,14.000660888608124,0.9895208504121342,0.9779484407772809,0.03026560260689367,0.45244466145833334,0.07464979469948,0.32494887784030096,9.528340339660645
101,random_graph,random_graph,1,30.0,0,256,0.2,1200,200,50,0.04539382857613506,35.29538877440108,12.384242279412408,0.9845782459244607,0.9665314570304434,0.03324881133306703,0.45499348958333335,0.07430319350579187,0.3274418794687625,13.94299840927124
101,random_graph,random_graph,1,30.0,7,256,0.2,1200,200,50,0.04469941278186973,35.26650640859077,11.886108298585793,0.9853860470341298,0.9551139239987744,0.03270099967093436,0.463291015625,0.07512024252290832,0.3195491748735801,10.516149044036865
101,random_graph,random_graph,1,25.0,8,256,0.2,1200,200,50,-0.06621914381174875,32.85895045903853,14.479100182654712,0.9917566522054179,0.9898630658762271,0.02878872538367106,0.3947623697916667,0.06262019657446397,0.2746000623452759,14.66767144203186
101,random_graph,random_graph,1,50.0,4,256,0.2,1200,200,50,0.3866255041423563,33.374438329905054,2.595892226924501,0.9610523291339694,0.8685686519750598,0.038901905736703726,0.699677734375,0.08612703218546909,0.38200164429037764,3.203594446182251
101,random_graph,random_graph,1,50.0,3,256,0.2,1200,200,50,0.3807311332587926,32.285373331523566,2.8313810662506853,0.9660254453322853,0.8239377219427098,0.03997487167093311,0.7019335937500001,0.0846188996326983,0.38787995539233666,4.7903852462768555
101,random_graph,random_graph,1,50.0,2,256,0.2,1200,200,50,0.40063047585940187,33.11603924719978,4.6811693710120235,0.9614995551625366,0.870325593328394,0.039997317824472994,0.6850878906250001,0.08543438651214383,0.37406877909138037,6.006770372390747
101,random_graph,random_graph,1,30.0,8,256,0.2,1200,200,50,0.04847028851023618,36.56462336062744,12.194427302479605,0.9873066805879844,0.8820761155227798,0.03228551770017536,0.4578483072916667,0.07413241639995895,0.317804387907275,12.7083580493927
101,random_graph,random_graph,1,30.0,6,256,0.2,1200,200,50,0.05717927378497182,34.68407656999711,10.185227780026564,0.9864781396765512,0.9503884054212047,0.03385538663294113,0.44857747395833336,0.07339553605108284,0.317783464114425,13.619745254516602
101,random_graph,random_graph,1,30.0,4,256,0.2,1200,200,50,0.046871211306423424,36.00417723684229,13.055146184906608,0.9884557002531408,0.9658710513348148,0.029721826220252948,0.459833984375,0.0756932403682951,0.32455094409535945,14.849998712539673
101,random_graph,random_graph,1,30.0,3,256,0.2,1200,200,50,0.04779041070458603,35.257932291682984,11.352030825994087,0.9918741508148612,0.974795220651276,0.03055484681710906,0.44211263020833336,0.07198218392553715,0.3226417235942254,16.10440707206726
101,random_graph,random_graph,1,50.0,7,256,0.2,1200,200,50,0.391888606746072,33.079174678929036,3.5393348012506767,0.9576539510460084,0.8883016830547956,0.04091301861722031,0.6902246093750001,0.08616830191692514,0.37883677916596414,4.5113842487335205
101,random_graph,random_graph,1,50.0,1,256,0.2,1200,200,50,0.38684982972103976,32.558203809560034,4.416221094424373,0.9664968409042969,0.863118790785731,0.03722222982945413,0.6999967447916667,0.08673754549256865,0.3856085744226077,8.058649063110352
101,random_graph,random_graph,1,50.0,0,256,0.2,1200,200,50,0.3854891197062612,32.42385807350022,3.0209267129553554,0.957399152966462,0.8935945453646957,0.04372458612891491,0.6971679687500001,0.08545586544722508,0.3845496849950918,11.305785417556763
101,random_graph,random_graph,1,100.0,2,256,0.2,1200,200,50,0.6551736526740769,31.61563409592989,2.2476878932304767,0.9397940672769173,0.8117949821342426,0.04400279447974502,0.8309733072916667,0.08378119432680145,0.394842592778824,4.300618886947632
101,random_graph,random_graph,1,100.0,4,256,0.2,1200,200,50,0.6353787295062762,32.30522288287948,2.720431832082827,0.9208711439185,0.48290348992235005,0.04014862413543897,0.8360611979166667,0.08433427074766967,0.4001409707966318,3.0934863090515137
101,random_graph,random_graph,1,50.0,5,256,0.2,1200,200,50,0.3797776483069361,33.072842102818136,4.53204092526887,0.9593093673559184,0.8823404502660173,0.03975496837780046,0.7112011718750001,0.08647041009833234,0.38460841934675716,7.618211507797241
101,random_graph,random_graph,1,50.0,8,256,0.2,1200,200,50,0.3975758641956676,33.54939922571243,3.335147718783767,0.9608278478115242,0.8631602379911204,0.04020492645246346,0.6809147135416667,0.0841092138661983,0.37663372976636755,6.289525985717773
101,random_graph,random_graph,1,100.0,3,256,0.2,1200,200,50,0.6272675017549406,31.715235713433486,2.113067995807963,0.9400499457586852,0.7250351490617386,0.04114635347755232,0.8407063802083334,0.08449464431919965,0.40382669904608987,5.025256872177124
202,random_graph,random_graph,1,0.1,1,256,0.2,1200,200,50,-0.06840677478879147,9.427045346765492,9.377436880396715,0.6763540620431675,0.6806698594233097,0.020420783214492567,0.0,0.12731621535813864,0.22092455439742859,2.7403359413146973
101,random_graph,random_graph,1,50.0,9,256,0.2,1200,200,50,0.38910771988759557,32.17390871935196,3.820745736704995,0.9605114333005058,0.919487109966275,0.036823910160608084,0.7017089843750001,0.08605437694769456,0.3831950648898626,7.452287673950195
101,random_graph,random_graph,1,100.0,9,256,0.2,1200,200,50,0.6411659048783062,32.33638169941704,1.6927804314945099,0.9268398948102949,0.8148469070638187,0.03947118817820768,0.8306250000000001,0.08389369989790851,0.40088096502504983,3.8087637424468994
101,random_graph,random_graph,1,50.0,6,256,0.2,1200,200,50,0.37537413455570895,32.81236854956921,3.8545402488068703,0.9645540260171547,0.8869196396702796,0.0413848985191979,0.7065852864583334,0.08702330162114372,0.38155833011703316,9.994244575500488
202,random_graph,random_graph,1,0.1,3,256,0.2,1200,200,50,-0.06444042821963497,9.469138847468829,5.886225808228642,0.673680219741805,0.6656890072268827,0.02209978434412236,0.0,0.13393856361566403,0.22232961272055485,3.9272282123565674
101,random_graph,random_graph,1,100.0,5,256,0.2,1200,200,50,0.6183356876520238,31.90785988243545,2.117205407686206,0.9291413835393111,0.7958168592291097,0.043362839724204606,0.8422005208333334,0.08567902339081473,0.4012802736367017,7.201425790786743
101,random_graph,random_graph,1,100.0,0,256,0.2,1200,200,50,0.6521343716010315,32.50532971678579,1.2715906641453276,0.9360494736033317,0.7590904856869782,0.04542736776800888,0.824677734375,0.08173151500671721,0.4040485936769622,9.427944660186768
202,random_graph,random_graph,1,0.1,0,256,0.2,1200,200,50,-0.06907606947226902,11.94428442438305,8.923204610713658,0.654344250979908,0.6542654757260309,0.0249363289409764,0.0,0.13346201148194609,0.22119326879714402,5.807890892028809
202,random_graph,random_graph,1,0.1,4,256,0.2,1200,200,50,-0.06936308210279123,10.148664365555025,10.227964846841504,0.6567600657614369,0.6683271503264605,0.020669284509739438,0.0,0.1311577447266713,0.21848482504805086,4.406770944595337
101,random_graph,random_graph,1,100.0,1,256,0.2,1200,200,50,0.6306879264125352,32.12105313615464,1.9970768189442174,0.9382097032527648,0.6160209104004398,0.03977675121002732,0.8346321614583334,0.08439879135455142,0.4044508633920401,9.93611216545105
202,random_graph,random_graph,1,0.1,5,256,0.2,1200,200,50,-0.06879788644144602,10.607746996137067,10.81306371178064,0.676831879635351,0.6616265795811372,0.024040479382412775,0.0,0.12206435460685276,0.2182907386493361,4.304783582687378
202,random_graph,random_graph,1,0.1,6,256,0.2,1200,200,50,-0.06737270274252256,11.863277939878174,9.543492117864595,0.6877197354428985,0.7078242137198809,0.023352237730859073,0.0,0.11882726920154073,0.21704133749139143,3.7874927520751953
202,random_graph,random_graph,1,0.1,7,256,0.2,1200,200,50,-0.07110176524017246,11.375225860051783,11.396449578061196,0.6686087442383494,0.6663499228448632,0.023513961312290013,0.0,0.1196129488236585,0.21502622433523882,3.8512766361236572
202,random_graph,random_graph,1,0.1,9,256,0.2,1200,200,50,-0.06883283192255768,11.424372203152792,7.6373663795909605,0.6652973408462931,0.6682017272217833,0.01998983296463556,0.0,0.13098695927183973,0.22064151101166765,3.651625394821167
202,random_graph,random_graph,1,0.1,8,256,0.2,1200,200,50,-0.0669705899464301,10.952474181136063,7.8462884035929585,0.6826512951090375,0.6811935794929368,0.02271011390711102,0.0,0.1307644087377682,0.21811838426229996,4.329016447067261
101,random_graph,random_graph,1,100.0,7,256,0.2,1200,200,50,0.6379923295909817,32.640162061007885,2.4788027805326953,0.9184542802908695,0.7374163225367582,0.04379448937365882,0.8341308593750001,0.08412509498052423,0.397355452078932,8.611375331878662
202,random_graph,random_graph,1,0.1,2,256,0.2,1200,200,50,-0.05578537868231185,10.726418417003687,9.485602389567228,0.688300492643116,0.6753627340942165,0.023114660551537637,0.0,0.1374474527751097,0.21473080846645837,7.3127281665802
202,random_graph,random_graph,1,0.3,1,256,0.2,1200,200,50,-0.07475097630207005,9.524878734837575,9.446964618585854,0.7011099212539399,0.7038995302587545,0.020469697069365966,0.0,0.1080611310136736,0.22098462906218858,3.769059896469116
202,random_graph,random_graph,1,0.3,2,256,0.2,1200,200,50,-0.060002492761906986,10.882598986703146,9.661608288285683,0.714062154525437,0.7057199359036138,0.023158988247827795,0.0,0.11644971101793768,0.21472543345709663,3.4293053150177
202,random_graph,random_graph,1,0.3,4,256,0.2,1200,200,50,-0.07490192485667792,10.218154898059211,10.124297754175862,0.6823856751563844,0.6951830081254973,0.02071441650375501,0.0,0.11147695385882626,0.2185681754364187,3.299037456512451
202,random_graph,random_graph,1,0.3,3,256,0.2,1200,200,50,-0.07058345463543692,9.576249175776194,6.064910691126015,0.6980920765145731,0.6908358158874021,0.022132572466544233,0.0,0.11352309378573566,0.22218303396756153,3.722898244857788
101,random_graph,random_graph,1,100.0,6,256,0.2,1200,200,50,0.6333761701371551,32.335922657906636,2.164338830808589,0.943925312956188,0.8272106753841324,0.04384748433820403,0.8393098958333334,0.08541920483559881,0.39744159767366183,11.041627168655396
101,random_graph,random_graph,1,100.0,8,256,0.2,1200,200,50,0.6424783157114398,32.63710185539173,2.5327210686776995,0.9388372840322952,0.8138452337401034,0.042837383138235784,0.8252441406250001,0.0831712596750102,0.39877819149130866,10.29000449180603
202,random_graph,random_graph,1,0.3,7,256,0.2,1200,200,50,-0.07767470862720346,11.458776956224938,11.41563746292911,0.6966816733701191,0.6913087566545505,0.02354168054803863,0.0,0.10258968866738268,0.21491825285719487,4.195523500442505
202,random_graph,random_graph,1,0.3,9,256,0.2,1200,200,50,-0.07527816949238732,11.499238352589792,7.669343704767362,0.6907835536096955,0.6939898501573712,0.020036542940729228,0.0,0.11178742987317082,0.22069190074954229,3.9893593788146973
202,random_graph,random_graph,1,0.3,5,256,0.2,1200,200,50,-0.07511200862873102,10.670159337864108,10.83388672710769,0.7008439821823231,0.6839117751366862,0.024071810267479392,0.0,0.10391186638405192,0.21821519716946325,5.266768455505371
202,random_graph,random_graph,1,1.0,3,256,0.2,1200,200,50,-0.08329052085491472,9.671367562023622,6.277735835963025,0.7744541463768476,0.769575900966786,0.022142489475082544,0.0,0.07481515929424627,0.22119093354907265,3.656334638595581
202,random_graph,random_graph,1,1.0,0,256,0.2,1200,200,50,-0.08364552559677244,11.877190432065202,8.6489464440216,0.7621842671296213,0.7577700214943526,0.02499955709604202,0.0,0.07460055233199259,0.22063678193432004,4.954817533493042
202,random_graph,random_graph,1,0.3,6,256,0.2,1200,200,50,-0.07374956204923266,11.958227858449105,9.640756048290298,0.7101584810073763,0.7303834054041461,0.02340198173993688,0.0,0.10193241297766358,0.21716801011938347,6.646441698074341
202,random_graph,random_graph,1,1.0,6,256,0.2,1200,200,50,-0.08517939867360824,11.973853415507792,9.71067571764057,0.7839029389341403,0.7963660331482032,0.023449176256415932,0.0,0.06889513369654843,0.21687309119620102,3.769258975982666
202,random_graph,random_graph,1,1.0,1,256,0.2,1200,200,50,-0.08439066302756078,9.737290738905227,9.553548745991613,0.7774436169574692,0.7796175889441331,0.02051544666573171,0.0,0.0715281511859563,0.22050807690865362,5.574495792388916
202,random_graph,random_graph,1,1.0,5,256,0.2,1200,200,50,-0.08572784414685859,10.664380261019353,10.631417561555368,0.7750871592186948,0.7592690638303335,0.02408526895801886,0.0,0.0693812110245689,0.2175224288484353,4.55827260017395
202,random_graph,random_graph,1,1.0,4,256,0.2,1200,200,50,-0.0845708313783727,10.35724533549071,9.674272221422218,0.7646862395095805,0.776284452585491,0.02074915732151692,0.0,0.07370262451967771,0.21810992061346918,4.945382595062256
202,random_graph,random_graph,1,0.3,8,256,0.2,1200,200,50,-0.073255719400353,11.092668827608675,7.905729524716131,0.7041158863293344,0.7029005779439076,0.022744516638800984,0.0,0.1116047216252825,0.21800751797705004,7.653879642486572
202,random_graph,random_graph,1,3.0,0,256,0.2,1200,200,50,-0.08708401235295242,11.242645914028618,7.647027945772212,0.9061186554523218,0.904244315067191,0.024973818445889983,0.0,0.038622348716104746,0.21923931080587072,3.8970932960510254
202,random_graph,random_graph,1,1.0,2,256,0.2,1200,200,50,-0.08086370067892469,11.054992824943762,9.75002474272923,0.7877324904470517,0.7896130151399996,0.02317334781574433,0.0,0.07689353123678233,0.21391876427358344,6.710378170013428
202,random_graph,random_graph,1,3.0,2,256,0.2,1200,200,50,-0.09003208199175193,10.395775828312185,8.22038682724717,0.9181900729426204,0.9221653104059849,0.023134323813304016,6.184895833333334e-05,0.039926613064794704,0.21205659772985816,4.459293842315674
202,random_graph,random_graph,1,0.3,0,256,0.2,1200,200,50,-0.07555724994003464,11.967895637583762,8.903954093688927,0.680141731724362,0.6788013091484353,0.024977356450900462,0.0,0.11310947888279606,0.2212095002961276,11.807116031646729
202,random_graph,random_graph,1,1.0,7,256,0.2,1200,200,50,-0.08672152490820792,11.491655126806918,11.120365534718118,0.7768960237658541,0.7667277908259634,0.02355095762949873,0.0,0.06910876866336077,0.2141563310759415,7.046657562255859
202,random_graph,random_graph,1,3.0,6,256,0.2,1200,200,50,-0.08886931817643438,11.430739775092759,8.949015927679406,0.9187891639812387,0.9195174752216451,0.023444343292852703,0.0,0.03648366569444425,0.21574678989468798,4.778251886367798
202,random_graph,random_graph,1,3.0,1,256,0.2,1200,200,50,-0.08768458096303357,9.556898613333392,8.865874664130232,0.9140918758115328,0.9146650698426442,0.02050462188733862,3.2552083333333335e-06,0.03712747998388867,0.21921342424758877,8.270469903945923
202,random_graph,random_graph,1,1.0,8,256,0.2,1200,200,50,-0.08436566762221301,11.206676293517454,7.8092760057024915,0.7745581610221889,0.7765382106829929,0.02275648258128629,0.0,0.07478751229272361,0.2171002845070162,10.770160436630249
202,random_graph,random_graph,1,10.0,6,256,0.2,1200,200,50,-0.0907153280663098,10.144915927778078,7.242291983424057,0.9903545743762517,0.9911282077315741,0.023450451268146634,0.00042317708333333335,0.01418523307744735,0.21435967695753685,5.354567766189575
202,random_graph,random_graph,1,3.0,7,256,0.2,1200,200,50,-0.09015890391013637,10.950351988136765,9.714637627573936,0.9099824938356242,0.904599145359964,0.02352311027926158,0.0,0.036278386073436905,0.21255479310825495,10.275742053985596
202,random_graph,random_graph,1,3.0,4,256,0.2,1200,200,50,-0.08827491539749785,10.243873089302612,8.244927165067496,0.9100166198008851,0.9093846322304853,0.02073521231998219,0.0,0.038079335290731715,0.2168082031225481,11.629129409790039
202,random_graph,random_graph,1,3.0,3,256,0.2,1200,200,50,-0.08713516229396637,9.225438267208817,5.975468732844606,0.916509053164795,0.9167789888942675,0.022105549355864906,0.0,0.038449233499105916,0.219222932061929,12.757891654968262
202,random_graph,random_graph,1,1.0,9,256,0.2,1200,200,50,-0.084254841187729,11.483123065271828,7.534934521730951,0.7695124224324407,0.7704662050403859,0.0200758470946296,0.0,0.07476407291487544,0.22013078957222385,14.551606178283691
202,random_graph,random_graph,1,10.0,7,256,0.2,1200,200,50,-0.09199329621178264,9.83157571151524,7.276807821626966,0.9888521361334504,0.9888739704912067,0.02353330331274789,0.0004557291666666667,0.013984128056787311,0.2108265746433185,5.529263734817505
202,random_graph,random_graph,1,10.0,0,256,0.2,1200,200,50,-0.08886549319898922,10.022987199573178,5.973405302801621,0.9878300278243243,0.9902260212007694,0.02496907727711036,0.0006184895833333334,0.014813062297975731,0.21772431139739812,10.429638385772705
202,random_graph,random_graph,1,10.0,5,256,0.2,1200,200,50,-0.09104702637868474,9.92939823419678,7.869037479850313,0.9915269493188485,0.9861424804024198,0.024064988743945484,0.000498046875,0.013963934634229888,0.21456280691328164,8.728390455245972
202,random_graph,random_graph,1,10.0,1,256,0.2,1200,200,50,-0.0894198434077674,9.02519889259356,6.911773498540243,0.9920423781711765,0.9856976818886879,0.02049294631199148,0.00048828125,0.014283154101075082,0.21777191710017496,10.69080400466919
202,random_graph,random_graph,1,3.0,5,256,0.2,1200,200,50,-0.08929372629769335,10.315073305595849,9.640903449916372,0.9127761872401626,0.9064083483421944,0.024062315464502593,0.0,0.03631226821587925,0.21607419375251946,12.670751571655273
202,random_graph,random_graph,1,10.0,9,256,0.2,1200,200,50,-0.08965108640391582,9.67550992075635,4.7647994598089305,0.9906273305886177,0.9941704434403383,0.02005913611404195,0.000517578125,0.01526270434311061,0.2167916962085943,2.97861909866333
202,random_graph,random_graph,1,3.0,9,256,0.2,1200,200,50,-0.08769203660395641,10.829322806708591,6.31805545333206,0.9094279696691498,0.9094044706217594,0.02005761505031012,0.0,0.03937452840581508,0.21858165645245894,12.598549842834473
202,random_graph,random_graph,1,10.0,3,256,0.2,1200,200,50,-0.08909222070634455,8.675864987226419,5.0821114197359325,0.9924313486915467,0.9954118322226077,0.02210520051800437,0.0005696614583333334,0.014646247541506452,0.2171869976794265,11.007197618484497
202,random_graph,random_graph,1,10.0,2,256,0.2,1200,200,50,-0.09218816426000286,9.784038284550423,6.197604460577526,0.9911257191974612,0.9919514343454702,0.0231434431967509,0.0006738281250000001,0.015342843629721232,0.2101227796952481,12.076404571533203
202,random_graph,random_graph,1,3.0,8,256,0.2,1200,200,50,-0.08871747743929174,10.722949629153149,7.280298357205571,0.913174205843811,0.9168022363622185,0.022719084499651945,9.765625e-06,0.0395570378712483,0.2151575184612301,13.430203199386597
202,random_graph,random_graph,1,15.0,5,256,0.2,1200,200,50,-0.09133092374974931,11.223416077679888,8.01402576014262,0.9913538075841548,0.9857244445925761,0.024091781596763766,0.0007421875,0.010267091789327406,0.21426468824918232,3.3236196041107178
202,random_graph,random_graph,1,15.0,1,256,0.2,1200,200,50,-0.0897117983109723,10.07947850365197,7.1453244380738985,0.9919221185077697,0.9855702144296054,0.02051550115441136,0.0007649739583333334,0.010450042170170086,0.21747771026086002,4.367949724197388
202,random_graph,random_graph,1,15.0,4,256,0.2,1200,200,50,-0.09038343819110561,10.572777864222177,7.380998945466889,0.9905218645564506,0.9865533374130643,0.02077434382006285,0.0008007812500000001,0.01076217239762637,0.21511158476359532,4.146265745162964
202,random_graph,random_graph,1,15.0,6,256,0.2,1200,200,50,-0.09103308058796046,10.950524712970804,7.6983403515407085,0.9901481538166296,0.9909671992467344,0.023481119573603045,0.0006705729166666668,0.01054808092427074,0.21407055490381358,4.118330001831055
202,random_graph,random_graph,1,15.0,2,256,0.2,1200,200,50,-0.09242462966111847,11.162756290702223,7.047205916103867,0.9910014263400776,0.991870204035044,0.023195280658807185,0.001474609375,0.011352371076805439,0.20975984727413213,5.016639947891235
202,random_graph,random_graph,1,15.0,0,256,0.2,1200,200,50,-0.08914979571008053,10.642277772270544,6.059306973267229,0.9875944369029993,0.9898988106479308,0.024993509084913386,0.0008528645833333334,0.010937938925945788,0.2174252793028887,6.70311713218689
202,random_graph,random_graph,1,10.0,4,256,0.2,1200,200,50,-0.09008975971696655,9.347820071080768,6.122844342631013,0.990686047091112,0.986555805576106,0.020738973473768067,0.0006282552083333334,0.01457627400039088,0.21538243885345637,14.937832593917847
202,random_graph,random_graph,1,20.0,4,256,0.2,1200,200,50,-0.026219964475197994,25.123399420475327,13.20753350186293,0.9927152955034952,0.9866053853093482,0.02220222054815798,0.22698567708333334,0.043794840817030715,0.23192217944227136,5.42512059211731
202,random_graph,random_graph,1,10.0,8,256,0.2,1200,200,50,-0.0909402162155567,9.640481730737273,6.459827989464784,0.9900734004465372,0.9914037858601106,0.022719719741580664,0.0006705729166666668,0.015464475541868491,0.21304994678445938,12.867612838745117
202,random_graph,random_graph,1,15.0,7,256,0.2,1200,200,50,-0.09230871946935579,10.7616116759399,7.046765938744382,0.9887553777876276,0.9888460581704841,0.023564694476104476,0.0006933593750000001,0.010255065186120725,0.21046913606340373,8.325745105743408
202,random_graph,random_graph,1,20.0,1,256,0.2,1200,200,50,-0.025466119595764954,24.750728383276755,9.905172672532526,0.9930310628390928,0.9781914498888468,0.02227047776548672,0.22615559895833334,0.042819607685897564,0.23379802900410065,7.362524747848511
202,random_graph,random_graph,1,20.0,8,256,0.2,1200,200,50,-0.034112725952337136,24.688767470340434,12.268724212685205,0.9920317919615755,0.9916104143243947,0.026462904111422755,0.24887695312500002,0.04480008907304741,0.2301610486067808,5.229280471801758
202,random_graph,random_graph,1,20.0,3,256,0.2,1200,200,50,-0.009993923373598527,25.1745576260684,7.704403206360154,0.9940225880336847,0.9652757364341359,0.025642522839687435,0.22185221354166668,0.04249456394898887,0.23315831236645687,8.111339807510376
202,random_graph,random_graph,1,15.0,9,256,0.2,1200,200,50,-0.08999535953482002,10.239000121707136,5.726549310988551,0.9904211934392223,0.993944765511561,0.020092819594196988,0.0007356770833333334,0.01114017030428187,0.21641678355682717,9.096679925918579
202,random_graph,random_graph,1,20.0,7,256,0.2,1200,200,50,-0.015928107287738948,24.180684933191262,12.470458959862151,0.9904646094380083,0.9898763754385965,0.02409256586424821,0.23697265625000002,0.0435134297861257,0.2273129916672028,6.378012180328369
202,random_graph,random_graph,1,15.0,3,256,0.2,1200,200,50,-0.08941651002514896,9.882367528455571,6.845509075861759,0.9923887684983487,0.9950933847314964,0.022149516878476445,0.0008919270833333334,0.010969384850526533,0.21679157423999848,12.360206842422485
202,random_graph,random_graph,1,20.0,0,256,0.2,1200,200,50,-0.01592699744791558,24.640641323537164,8.885008215776546,0.9899435659652245,0.9905036120706769,0.026375017828502174,0.22553059895833336,0.043110484076416655,0.23363592146359197,10.80538821220398
202,random_graph,random_graph,1,20.0,9,256,0.2,1200,200,50,-0.028241652046063243,24.70861966936614,10.544060828364412,0.9922807778487281,0.9939692486855157,0.023854721378595265,0.23526367187500002,0.04332475554960006,0.23283813275610352,6.678217887878418
202,random_graph,random_graph,1,15.0,8,256,0.2,1200,200,50,-0.09131999223438564,10.838894774150084,7.85713863888093,0.9900755909986821,0.9913530898162581,0.022765140498782064,0.0010221354166666666,0.011406707976060065,0.21261676781411934,12.871134042739868
202,random_graph,random_graph,1,20.0,5,256,0.2,1200,200,50,-0.017675488513646156,25.049328886189283,10.227286111407254,0.993258523696168,0.9884145034272581,0.025701956619249608,0.24193359375,0.04445331929238188,0.23146315362702968,11.326106548309326
202,random_graph,random_graph,1,20.0,2,256,0.2,1200,200,50,-0.016420798282496867,24.88943182764801,10.393395729215998,0.9932625082134876,0.9920651382291388,0.024397326198082745,0.23822265625000003,0.04449671625875178,0.22724204742509965,13.399306058883667
202,random_graph,random_graph,1,20.0,6,256,0.2,1200,200,50,-0.0183550803736551,25.23616510570374,11.94380479370292,0.9922359825579871,0.9909537681878237,0.02454482150695383,0.23727864583333336,0.04454758991632076,0.2310897116972027,11.639745235443115
202,random_graph,random_graph,1,25.0,5,256,0.2,1200,200,50,-0.05078077944196421,32.44614071203535,3.6135566520728215,0.9937239362160217,0.8222055930443067,0.027636272368588097,0.39757161458333334,0.061059128072626284,0.2735158072601539,5.920819997787476
202,random_graph,random_graph,1,25.0,6,256,0.2,1200,200,50,-0.04043997093404007,31.427784198596587,14.834157856850938,0.9927352996463734,0.989617919827828,0.028387593738665423,0.39214518229166667,0.061767132245343845,0.2738176665510044,5.654982566833496
202,random_graph,random_graph,1,25.0,8,256,0.2,1200,200,50,-0.05341915358067478,32.717442302193184,15.245215405781133,0.9926703541264749,0.9905099852211067,0.029322069876471013,0.40606119791666667,0.06248079662731529,0.27430090814027075,5.144265413284302
202,random_graph,random_graph,1,25.0,3,256,0.2,1200,200,50,-0.04813768954497659,31.905998743914825,14.720580922906679,0.9949801907815926,0.9921235529644101,0.02854831522721593,0.39343750000000005,0.06092463022785684,0.27699470192415776,7.723956108093262
202,random_graph,random_graph,1,25.0,7,256,0.2,1200,200,50,-0.03362664591338484,32.20760204091087,11.770584354321342,0.9912835913601378,0.98622167069479,0.027786066123458516,0.3935123697916667,0.060694266960914005,0.2694340213948419,6.3383119106292725
202,random_graph,random_graph,1,25.0,1,256,0.2,1200,200,50,-0.05500144005777563,31.422162149044745,16.31456440366045,0.9935323082953227,0.9823025208702784,0.02513053960505849,0.3959635416666667,0.061074411504642795,0.2764787572733691,8.68713927268982
202,random_graph,random_graph,1,30.0,1,256,0.2,1200,200,50,0.05501228248010596,34.807570589830604,15.481550880980034,0.990075945091784,0.9611767139760518,0.029711401376927824,0.4459993489583334,0.07255020132669009,0.3224662955904802,5.420510768890381
202,random_graph,random_graph,1,25.0,0,256,0.2,1200,200,50,-0.034306905157548855,32.06001570483446,9.675068511204199,0.9916923101550014,0.984160593195176,0.029385996071835115,0.3814420572916667,0.059943705048399784,0.2767066579702488,11.845346689224243
202,random_graph,random_graph,1,25.0,2,256,0.2,1200,200,50,-0.07172892727073873,32.83440243564703,13.462857269591714,0.9937780893447882,0.9902164398852592,0.02727173281811163,0.38916992187500005,0.06089364916657748,0.2673810023707961,9.795456886291504
202,random_graph,random_graph,1,25.0,4,256,0.2,1200,200,50,-0.06674281934158369,32.36169993371063,15.478591567377144,0.9933736953702446,0.9850049283410985,0.02805776917942242,0.3912890625,0.0610875313971746,0.27445480605498984,9.53007435798645
202,random_graph,random_graph,1,30.0,0,256,0.2,1200,200,50,0.04967264419680344,35.077218479094775,10.775208371134507,0.9859354887494436,0.9440650415005822,0.03251352481526266,0.43802734375,0.071322643364062,0.32204865208684297,6.481778621673584
202,random_graph,random_graph,1,30.0,6,256,0.2,1200,200,50,0.05629190334832455,34.810234205322814,15.248505708193692,0.9870362959445732,0.9722371564011888,0.03320414339159242,0.44788085937500005,0.07341397987807799,0.3201078514922467,3.877352714538574
202,random_graph,random_graph,1,30.0,4,256,0.2,1200,200,50,0.04615457141698545,35.62257776021358,14.437695948655849,0.9897356133546014,0.9661927364189246,0.03238347640015621,0.4443522135416667,0.07307932945266453,0.32196010660084684,4.650038957595825
202,random_graph,random_graph,1,30.0,5,256,0.2,1200,200,50,0.056744066633840816,36.551697103319164,12.781566320789976,0.9896653206057492,0.9635782499208894,0.030064389264666775,0.4487890625,0.07302849224722006,0.3197492589601384,4.3549840450286865
202,random_graph,random_graph,1,50.0,1,256,0.2,1200,200,50,0.38345445203442685,33.091276981877336,2.418437497207684,0.9617992511098541,0.8184340877607431,0.03938212870698907,0.690146484375,0.08440761110253772,0.38530068103298676,4.223408937454224
202,random_graph,random_graph,1,50.0,6,256,0.2,1200,200,50,0.36752399692821364,32.832768575663394,4.14525658820458,0.9652993224218973,0.7515380046841275,0.04154567548913941,0.7132877604166667,0.08702889397144047,0.3850823285642161,2.9707233905792236
202,random_graph,random_graph,1,25.0,9,256,0.2,1200,200,50,-0.04967768763567332,31.74994274882679,12.801828338718858,0.9918166424898037,0.9912978379674151,0.028095055214101,0.39221679687500005,0.06094184175971597,0.2757917298583993,10.79699969291687
202,random_graph,random_graph,1,50.0,7,256,0.2,1200,200,50,0.3909428831888619,33.6649050480988,5.548399368149867,0.9518599229211429,0.8726484730837971,0.04133179498872196,0.6944791666666668,0.08579520727493531,0.3788256422836705,4.233904838562012
202,random_graph,random_graph,1,30.0,2,256,0.2,1200,200,50,0.05965143130956785,35.66954426641601,14.710353041725405,0.9899957726502081,0.9742948965749624,0.03435026690941619,0.44295247395833337,0.07145720017690718,0.31092611646465046,10.591159105300903
202,random_graph,random_graph,1,50.0,2,256,0.2,1200,200,50,0.3924600282273554,32.75909982886128,3.28352940703104,0.9642501487528053,0.8400563795259689,0.04151314112483539,0.6852343750000001,0.08502914636009011,0.37401043922912786,6.81171989440918
202,random_graph,random_graph,1,30.0,9,256,0.2,1200,200,50,0.06082952031722447,34.935299077614275,6.876704359899337,0.9884885330782583,0.8654665391837669,0.02985945417384137,0.44562500000000005,0.07132820246729328,0.31828871420873783,8.123530149459839
202,random_graph,random_graph,1,30.0,3,256,0.2,1200,200,50,0.05117351547788653,35.221912779122796,11.324720303121813,0.9875030275866645,0.9230340809773702,0.03102112166377612,0.44012695312500005,0.07125628811169447,0.3204261400622503,10.377724170684814
202,random_graph,random_graph,1,50.0,9,256,0.2,1200,200,50,0.39462274853775353,32.92692787540725,3.3996892524030224,0.9636804657094241,0.8611058002479005,0.037433116489340904,0.694453125,0.08438589020149884,0.38183499567544793,5.285739898681641
202,random_graph,random_graph,1,50.0,5,256,0.2,1200,200,50,0.3780366651858731,33.43085780266429,3.1272826844023864,0.9651388314395688,0.8764374865915677,0.04025329251616449,0.7064746093750001,0.08548018287399317,0.3834089717121389,6.853970766067505
202,random_graph,random_graph,1,30.0,8,256,0.2,1200,200,50,0.0378615497172312,36.50785201334545,15.563237184033646,0.9892302095992072,0.9722139325874123,0.030223037548971984,0.4589290364583334,0.07465612880064963,0.3208847860202282,9.815518140792847
202,random_graph,random_graph,1,50.0,0,256,0.2,1200,200,50,0.38774235494891174,33.078946824221575,3.6783415061102196,0.9646772463172629,0.8854793401078545,0.04372704536152845,0.696875,0.08471382597962705,0.3848886983869004,9.133251667022705
202,random_graph,random_graph,1,30.0,7,256,0.2,1200,200,50,0.04977198330521974,35.310942399482116,10.794635389385938,0.9842548135083038,0.949397556354067,0.031224985219825325,0.44939453125,0.07323868320778222,0.3170227918021851,10.191704988479614
202,random_graph,random_graph,1,50.0,8,256,0.2,1200,200,50,0.38680857930923335,33.13562572684698,4.069546042882016,0.9605463604314118,0.8875674923246532,0.038355464001386556,0.6910384114583333,0.08574638330557863,0.38099686743869493,6.2928626537323
202,random_graph,random_graph,1,100.0,0,256,0.2,1200,200,50,0.6300342593848315,32.25421518453784,2.287540768637416,0.9245961576004925,0.7526735035000377,0.04495310765276466,0.8289908854166668,0.08349808821561949,0.40236421507710884,4.92284369468689
202,random_graph,random_graph,1,100.0,1,256,0.2,1200,200,50,0.6445798195340265,32.404021158948545,1.4017080566492015,0.9335584200632433,0.6520027169701265,0.04070199677209527,0.8296647135416667,0.08198576208890333,0.4044246851628951,5.017320871353149
202,random_graph,random_graph,1,100.0,3,256,0.2,1200,200,50,0.6378779177341377,31.8821048748455,1.9130008633210034,0.9378278453562666,0.8010732357148885,0.04159327216302898,0.8375390625000001,0.08331337408635063,0.4031033308089936,3.385895252227783
202,random_graph,random_graph,1,100.0,6,256,0.2,1200,200,50,0.639032174153674,32.229646101036366,2.5244316063322274,0.9476981546995938,0.8171608298023832,0.044476648325671615,0.8375520833333334,0.08428430672008173,0.3993027665649742,2.9499940872192383
202,random_graph,random_graph,1,50.0,4,256,0.2,1200,200,50,0.39214155661170497,33.44268902727391,3.853066674002814,0.9611347652000573,0.8779331684574069,0.03891968826197251,0.6914648437500001,0.08403943870634076,0.38016576343595465,9.186302661895752
202,random_graph,random_graph,1,100.0,8,256,0.2,1200,200,50,0.6402305214307574,32.6046854995636,1.3534584423934755,0.9468197360416898,0.6862964569898429,0.04271203774733266,0.8275651041666667,0.0832088550210771,0.4001703570824626,2.4981839656829834
303,random_graph,random_graph,1,0.1,1,256,0.2,1200,200,50,-0.06815281119484679,9.430672385728695,9.379516857575865,0.6767278429830554,0.6809905458513444,0.020418454375698843,0.0,0.12738532135315203,0.2208987755872892,2.8878769874572754
202,random_graph,random_graph,1,100.0,5,256,0.2,1200,200,50,0.6174083592350995,31.811336400663315,2.0757470707220005,0.9283467121756032,0.687134493693325,0.04375864858057462,0.8425032552083334,0.08526068698872974,0.3994136106198638,4.214044809341431
202,random_graph,random_graph,1,100.0,7,256,0.2,1200,200,50,0.6434675026842402,32.02233780406283,2.6387146262148042,0.9286309450229083,0.765596201208508,0.043839334629003954,0.8375846354166667,0.08467153061647863,0.39721569792268513,4.726014137268066
303,random_graph,random_graph,1,0.1,2,256,0.2,1200,200,50,-0.055778093484716594,10.712698531934617,9.472542919684967,0.6867299841921556,0.6730170035582552,0.02312137019070645,0.0,0.13707240678305468,0.21480014117463292,3.963637351989746
202,random_graph,random_graph,1,100.0,9,256,0.2,1200,200,50,0.6568300181256289,32.601434014448415,1.5967638336626517,0.948367264161695,0.8106674795179795,0.040882627792425665,0.8247363281250001,0.08245724061867273,0.4004762010073204,4.511149644851685
303,random_graph,random_graph,1,0.1,0,256,0.2,1200,200,50,-0.06878653061287375,11.942949287957427,8.922530543942859,0.6537161780395463,0.6536704481137192,0.0249284006914136,0.0,0.1291092173338796,0.22112915018096965,4.160948753356934
202,random_graph,random_graph,1,50.0,3,256,0.2,1200,200,50,0.3764593231904491,32.3122834661243,2.438361476094754,0.9626912309505791,0.8980662191054843,0.03914313589332649,0.6942317708333334,0.0836734317839711,0.38610755688718723,11.922713279724121
303,random_graph,random_graph,1,0.1,6,256,0.2,1200,200,50,-0.06731236966942199,11.860157622599083,9.539072217522921,0.6869897371647442,0.7070284096586155,0.023339067213883364,0.0,0.12194518311815392,0.2168888262891378,3.219348669052124
303,random_graph,random_graph,1,0.1,3,256,0.2,1200,200,50,-0.06491613996744779,9.472407329336841,5.89392384814937,0.6742118930466318,0.6662653520504195,0.02210804642585349,0.0,0.1289375651966856,0.22242707631592729,4.2840516567230225
303,random_graph,random_graph,1,0.1,4,256,0.2,1200,200,50,-0.0691767076915984,10.149744047826958,10.235291474089868,0.6569271839177663,0.6687362669415713,0.02065758834939541,0.0,0.12645100970904052,0.21835870993617568,4.224449634552002
202,random_graph,random_graph,1,100.0,4,256,0.2,1200,200,50,0.6306766794717009,32.51583584603718,2.08951013948633,0.9281363734754609,0.7658913624098078,0.04033851265361776,0.8335677083333334,0.08296463929583188,0.4008100541676754,6.823439836502075
303,random_graph,random_graph,1,0.1,5,256,0.2,1200,200,50,-0.06871890129790169,10.605819121584561,10.812331701060804,0.6762553510287064,0.6610771011413499,0.02403353906181283,0.0,0.12358685408027296,0.2182266354718666,4.2764506340026855
303,random_graph,random_graph,1,0.1,9,256,0.2,1200,200,50,-0.06838326915356042,11.424423237652706,7.637838474097356,0.6656903413369438,0.6686452952251387,0.019988122916928034,0.0,0.1298411255919128,0.22062105102269483,3.5413661003112793
202,random_graph,random_graph,1,100.0,2,256,0.2,1200,200,50,0.6506549975957431,31.51161975554574,2.352635075127215,0.9317678700701331,0.7823155569295318,0.04470056071282993,0.8312337239583334,0.08395981325862677,0.3953492389649347,10.018582820892334
303,random_graph,random_graph,1,0.3,1,256,0.2,1200,200,50,-0.07475423612741071,9.524137157976362,9.44561176119049,0.7016401046898482,0.704358028294764,0.02046307906384809,0.0,0.10815445392747738,0.22091049843246344,4.197831153869629
303,random_graph,random_graph,1,0.3,4,256,0.2,1200,200,50,-0.0757763622294751,10.217937183973397,10.138541158936384,0.68350002659941,0.6968945787196438,0.020685735526645647,0.0,0.10757313858103494,0.2182417705041586,3.093651294708252
303,random_graph,random_graph,1,0.3,0,256,0.2,1200,200,50,-0.07472809766839861,11.96722717400454,8.905532262146655,0.6785809360079869,0.6772978927965851,0.024957842538655954,0.0,0.1096927712608373,0.2210417983219721,4.583997488021851
303,random_graph,random_graph,1,0.3,2,256,0.2,1200,200,50,-0.060088584890160134,10.850213806486114,9.625406523239066,0.7099658636983027,0.7001407118761666,0.02317643050248429,0.0,0.11611341671608823,0.2149151021536737,3.4040093421936035
303,random_graph,random_graph,1,0.1,7,256,0.2,1200,200,50,-0.07117148653305372,11.359768775133,11.385610099575128,0.6678116074251305,0.6656276498807391,0.023513400110913178,0.0,0.11945710092582673,0.21501806436751708,5.415863037109375
303,random_graph,random_graph,1,0.3,7,256,0.2,1200,200,50,-0.07810523049171347,11.408696722964354,11.379358388417243,0.6947177047140441,0.6895859996620018,0.023538699889121082,0.0,0.10220924461362176,0.21488426994951323,5.196131944656372
303,random_graph,random_graph,1,0.3,5,256,0.2,1200,200,50,-0.07527867717352897,10.657504708314104,10.824900530752483,0.6999638459372194,0.6830458251605512,0.0240538690905611,0.0,0.10520199078400858,0.21804074599147882,6.214223623275757
303,random_graph,random_graph,1,0.3,9,256,0.2,1200,200,50,-0.07494160635698735,11.48374879914071,7.659173616313736,0.6916571122081855,0.6949605481863985,0.020032910489014455,0.0,0.11119228529824168,0.22064362903670667,6.0350377559661865
303,random_graph,random_graph,1,1.0,5,256,0.2,1200,200,50,-0.0861000202489825,10.596619914558877,10.559279818845871,0.7746561518703198,0.7585879901510824,0.024045168341356234,0.0,0.0700321115600529,0.21707554068157386,8.811077117919922
303,random_graph,random_graph,1,0.1,8,256,0.2,1200,200,50,-0.0669219719541556,10.924376212576892,7.827180062800097,0.6815268713638166,0.680123974517233,0.022707205427345323,0.0,0.13214293785150635,0.21809200054421576,14.727169513702393
303,random_graph,random_graph,1,1.0,2,256,0.2,1200,200,50,-0.08190955558156854,10.979297686224006,9.660092520136281,0.7825334284368537,0.783677551561158,0.023212487816723578,0.0,0.07661015268132744,0.214404547054654,12.651736736297607
303,random_graph,random_graph,1,1.0,8,256,0.2,1200,200,50,-0.08454148459722396,10.96116772812964,7.612008448006613,0.7677359428986287,0.7697193855427137,0.02273917725553491,0.0,0.07555770038171514,0.21690113377780607,10.69828724861145
303,random_graph,random_graph,1,1.0,1,256,0.2,1200,200,50,-0.084642282464342,9.648814252415495,9.505869322522754,0.7761824170665755,0.7782615969433264,0.020500229151016503,0.0,0.07173594873821768,0.22031838540928758,13.537862777709961
303,random_graph,random_graph,1,0.3,3,256,0.2,1200,200,50,-0.07120178008959972,9.597854053750687,6.0966048042225545,0.6995956192411736,0.6924006620402526,0.022153630767697455,0.0,0.10943267690387937,0.22244268795847966,14.551198959350586
303,random_graph,random_graph,1,0.3,6,256,0.2,1200,200,50,-0.07366289441246832,11.939253573644603,9.620643739602011,0.7078090461629617,0.7281885210596938,0.023368939486442843,0.0,0.10396805128913424,0.21676521367893434,14.451298475265503
303,random_graph,random_graph,1,0.3,8,256,0.2,1200,200,50,-0.07343854081828873,11.01270688189737,7.84757712647898,0.7011229651489986,0.6999182425930773,0.022737030932098768,0.0,0.11279097754412491,0.21793443956336184,14.214807033538818
303,random_graph,random_graph,1,1.0,6,256,0.2,1200,200,50,-0.08629311450283517,11.891063347998056,9.633573863208879,0.7791564371389548,0.792286902864908,0.02338399788808473,0.0,0.06965507585531551,0.2159430335801634,12.033425092697144
303,random_graph,random_graph,1,1.0,9,256,0.2,1200,200,50,-0.08416788182236756,11.4398756279592,7.506081126681613,0.7712024467539116,0.7722734939787207,0.020070742199437882,0.0,0.07485735442494244,0.2200370865253522,9.684945583343506
303,random_graph,random_graph,1,1.0,3,256,0.2,1200,200,50,-0.08270775726372871,9.79106998241848,6.376840151270738,0.7773609158088707,0.772402250676466,0.022187997891408386,0.0,0.07283006967862461,0.22181868397495771,12.414045810699463
303,random_graph,random_graph,1,1.0,4,256,0.2,1200,200,50,-0.08518000231559054,10.33500658401297,9.646245908804504,0.7691350261776454,0.7809483998754033,0.02069050882728304,0.0,0.0714273706633242,0.21733901470923234,12.457074165344238
303,random_graph,random_graph,1,1.0,0,256,0.2,1200,200,50,-0.08366491908207371,11.855285586215958,8.64466612760836,0.7586465541993384,0.7542852495691197,0.024958258793568618,0.0,0.07274471538610379,0.22022128755833048,14.724944591522217
303,random_graph,random_graph,1,1.0,7,256,0.2,1200,200,50,-0.0871755558398486,11.305319031065212,10.937926857799457,0.7738972383432683,0.7638145135944912,0.023541123764658365,0.0,0.06878133908625479,0.2140426296850037,12.43830418586731
303,random_graph,random_graph,1,3.0,2,256,0.2,1200,200,50,-0.08971049185488102,10.250116484086774,8.020259269619094,0.9158922499775601,0.9198790141002394,0.02318835013653427,5.533854166666667e-05,0.039775022484034805,0.21291994531196776,4.006513833999634
303,random_graph,random_graph,1,3.0,1,256,0.2,1200,200,50,-0.087895746745846,9.379910975260643,8.679350015837427,0.9110339910827053,0.9118746465783397,0.020486112463925524,0.0,0.037339657771226616,0.2188986666283354,9.827999591827393
303,random_graph,random_graph,1,3.0,4,256,0.2,1200,200,50,-0.08904477684585771,10.209623507568946,8.153314238630292,0.9126668308339985,0.9117683705006975,0.020656006652832175,0.0,0.03723429765840279,0.2154606322086107,3.770293712615967
303,random_graph,random_graph,1,3.0,5,256,0.2,1200,200,50,-0.08971310369456517,10.207488789300017,9.499575974821875,0.9116659073345483,0.9045475736075974,0.024005649224303018,0.0,0.03645600674848175,0.21526231411588595,3.83046555519104
303,random_graph,random_graph,1,3.0,0,256,0.2,1200,200,50,-0.08742318411367958,11.074606381717237,7.526734604970153,0.9010690824708921,0.8991437332741152,0.02491499191955259,0.0,0.03794408106287356,0.21847258573601144,12.357260942459106
303,random_graph,random_graph,1,3.0,9,256,0.2,1200,200,50,-0.08768416796528083,11.016251229897861,6.509704584300202,0.9128717722925453,0.9127274463277955,0.020053291681962376,0.0,0.039423359518953933,0.2184433483266997,4.227081537246704
303,random_graph,random_graph,1,10.0,1,256,0.2,1200,200,50,-0.08960413374328971,8.837981864573043,6.761238352114266,0.9920716734558872,0.9857074071453712,0.020481442503976596,0.00048828125,0.014303271123976686,0.21738435936706518,3.841440439224243
303,random_graph,random_graph,1,10.0,3,256,0.2,1200,200,50,-0.08847116318026015,8.68463734065382,5.073600963169918,0.9924633592566731,0.9954518731192347,0.02216247761096343,0.0005045572916666667,0.014616427672886722,0.21861671108361724,3.9045214653015137
303,random_graph,random_graph,1,10.0,5,256,0.2,1200,200,50,-0.09155464229368616,9.840713529116565,7.74442529054645,0.9915111074277293,0.9861753309049501,0.024011749238792977,0.0005566406250000001,0.01398736763215078,0.21342191047506895,4.03774094581604
303,random_graph,random_graph,1,3.0,6,256,0.2,1200,200,50,-0.08982103517555079,11.349775172502751,8.87348404927321,0.9162498178102219,0.9170872840095062,0.02336930352800311,0.0,0.03666605081257124,0.21429982030027983,6.63733434677124
303,random_graph,random_graph,1,3.0,7,256,0.2,1200,200,50,-0.09037323231710269,10.703178213346504,9.462109917370155,0.9081351977128258,0.902807570364785,0.023510694153430888,0.0,0.036141361680188874,0.21236359494706283,6.764988660812378
303,random_graph,random_graph,1,10.0,6,256,0.2,1200,200,50,-0.09159065455877104,10.041554776611303,7.143703488701194,0.9903343723676837,0.9911390039011173,0.023390821302368095,0.000498046875,0.01413200729446723,0.21257504748371134,6.713622570037842
303,random_graph,random_graph,1,10.0,7,256,0.2,1200,200,50,-0.0921251347963953,9.678559120457608,7.121320301111021,0.9888705409726635,0.9889216625475266,0.023524370421245513,0.0004622395833333334,0.01396440438450861,0.21060140260842894,6.585430383682251
303,random_graph,random_graph,1,15.0,2,256,0.2,1200,200,50,-0.09196036840638815,10.991209805776327,6.9194846628094595,0.991000754495521,0.9919066866450793,0.023231402541821197,0.00126953125,0.0113386396092251,0.21097033901845283,5.32314395904541
303,random_graph,random_graph,1,3.0,3,256,0.2,1200,200,50,-0.08656231205697275,9.350591877310023,6.107320604471108,0.9174884096915507,0.9179605649017534,0.022167956342964267,0.0,0.03799070138100341,0.22028238318742394,12.194564580917358
303,random_graph,random_graph,1,15.0,3,256,0.2,1200,200,50,-0.088781847417346,9.66393441385471,6.392204502496444,0.9923844484037175,0.9951155332813721,0.022198945386613628,0.0007649739583333334,0.010793686972460293,0.2182983617691922,5.323353052139282
303,random_graph,random_graph,1,3.0,8,256,0.2,1200,200,50,-0.08884213016169414,10.49834813265528,7.083920957239663,0.9083468675475105,0.9121651400406241,0.022692806887436707,0.0,0.03972726482642474,0.21477217989668865,11.008182287216187
303,random_graph,random_graph,1,10.0,0,256,0.2,1200,200,50,-0.08933238742194738,9.860981741961945,5.848166111175066,0.9878020682551821,0.9902375603564465,0.024910990740481587,0.0006738281250000001,0.014654686948415667,0.21662126195695047,10.425511837005615
303,random_graph,random_graph,1,15.0,6,256,0.2,1200,200,50,-0.0918916195455618,10.816763306597116,7.618375537104166,0.990018951194412,0.9908167829375267,0.023428733211522716,0.0007682291666666667,0.01047931215386195,0.21222428765247053,5.123812913894653
303,random_graph,random_graph,1,15.0,4,256,0.2,1200,200,50,-0.0912767417878587,10.57826593826922,7.300793023113183,0.9905591806956372,0.9865141435398694,0.02071199687699953,0.000869140625,0.010592776868450622,0.21313106845198015,6.88465428352356
303,random_graph,random_graph,1,10.0,8,256,0.2,1200,200,50,-0.09115577780042629,9.509553024822932,6.345466788732481,0.9901283314198549,0.991436661993869,0.022693361704769238,0.0006868489583333334,0.015480702349517542,0.21247485969976898,10.038144826889038
303,random_graph,random_graph,1,15.0,8,256,0.2,1200,200,50,-0.09155625715333202,10.487993410648176,7.632238727796095,0.9900455944099017,0.9912995682040983,0.02273732019476527,0.0008919270833333334,0.011384614721929776,0.21199178799973292,4.582595586776733
303,random_graph,random_graph,1,15.0,1,256,0.2,1200,200,50,-0.08989339997601202,9.685927135278734,6.855647100331869,0.9918574181865359,0.9855588883084134,0.020505837712869027,0.0007161458333333334,0.010441596489226991,0.21707922345974406,8.952587127685547
303,random_graph,random_graph,1,10.0,9,256,0.2,1200,200,50,-0.08969904429966925,9.888494411107203,4.932338851600589,0.9906153568214809,0.9941597016920287,0.02005672475193208,0.0005143229166666667,0.015251422406826035,0.21661193942299514,10.03579330444336
303,random_graph,random_graph,1,15.0,5,256,0.2,1200,200,50,-0.09186131826627016,11.119683682156259,7.92069332371358,0.991314241414182,0.9856602534672534,0.024043992095465316,0.0007779947916666667,0.010343786383299443,0.21305401705955926,6.72079873085022
303,random_graph,random_graph,1,15.0,0,256,0.2,1200,200,50,-0.08963524913789005,10.365298357337284,5.843387302752876,0.9875717908205911,0.9899064658952224,0.024937244532470627,0.0009049479166666667,0.01072225879490542,0.21624223896391198,9.277225017547607
303,random_graph,random_graph,1,10.0,4,256,0.2,1200,200,50,-0.09097089993808004,9.393400978235825,6.133226094390979,0.9906910361146629,0.9865632991660256,0.020668696743039824,0.0006477864583333333,0.014337847082594907,0.21351186740803257,12.358686685562134
303,random_graph,random_graph,1,15.0,7,256,0.2,1200,200,50,-0.09242339749895725,10.431604064492438,6.805589755162514,0.988635596100836,0.9887615098914516,0.023556883330884095,0.000732421875,0.010214625948602292,0.21023889447803448,5.497095108032227
303,random_graph,random_graph,1,10.0,2,256,0.2,1200,200,50,-0.09170611731034566,9.729562501110404,6.146388219660146,0.9911478641422399,0.9919841360275017,0.023190373203217818,0.0006412760416666667,0.015400721011915572,0.2112879320747267,12.829213857650757
303,random_graph,random_graph,1,20.0,1,256,0.2,1200,200,50,-0.019018588718850208,23.840405245669952,12.867950048497327,0.9928058671875434,0.9843845827042543,0.021341978931465146,0.2203678385416667,0.04186838621557964,0.2326518563115146,4.015639543533325
303,random_graph,random_graph,1,20.0,4,256,0.2,1200,200,50,-0.017198799488132164,25.749376391541546,11.691273211021377,0.9928280955599843,0.9865722074118665,0.024571381360849586,0.22731119791666668,0.04253082485024582,0.22925237276082647,2.293259859085083
303,random_graph,random_graph,1,15.0,9,256,0.2,1200,200,50,-0.09004746789720047,10.354886033873267,5.632282439535396,0.9904232539494571,0.9939085876869478,0.02009281648509104,0.0008496093750000001,0.011136334812515034,0.2162349767392191,4.310354709625244
303,random_graph,random_graph,1,25.0,0,256,0.2,1200,200,50,-0.07619327965756313,31.21169757647269,14.607799218034991,0.9915009025533442,0.9888641587232804,0.030097881450417693,0.3938639322916667,0.06052669622017894,0.2748442540751917,2.7875375747680664
303,random_graph,random_graph,1,20.0,3,256,0.2,1200,200,50,-0.03167717336820621,24.995784294335696,10.703668385140288,0.9938115862853323,0.9939451120173651,0.02568018864257313,0.21364583333333334,0.04114636641008539,0.23272692204103346,5.134472608566284
303,random_graph,random_graph,1,20.0,5,256,0.2,1200,200,50,-0.043642959295029204,24.58128589552052,11.556383996568456,0.9930506981911964,0.987941218239736,0.02405256202337252,0.23482421875,0.04376610194748685,0.2292088615162729,4.706528425216675
303,random_graph,random_graph,1,25.0,5,256,0.2,1200,200,50,-0.06879240198762183,32.177617786112855,13.03037342836519,0.9935759309598504,0.9873603305735258,0.02640106226804299,0.399765625,0.06122796036106472,0.27245897009993847,2.716578960418701
303,random_graph,random_graph,1,25.0,1,256,0.2,1200,200,50,-0.06437348900717285,31.541452901005485,16.741716422725343,0.9929320341302245,0.9813431618053327,0.026614509394753526,0.40180664062500004,0.060689925500264724,0.27448331276445287,4.46462082862854
303,random_graph,random_graph,1,20.0,7,256,0.2,1200,200,50,-0.03200109458879491,24.2118201230339,11.251297410880198,0.990480931591763,0.9900101293593081,0.024874487175228735,0.23868815104166669,0.04376799210410957,0.2265147248049561,4.863332271575928
303,random_graph,random_graph,1,20.0,0,256,0.2,1200,200,50,-0.02544988708692515,24.20517135786465,11.142055185416284,0.9901131349319896,0.990176368891168,0.025694429666155545,0.21896809895833336,0.04202407608028183,0.23158516908536897,8.528326272964478
303,random_graph,random_graph,1,20.0,8,256,0.2,1200,200,50,-0.011626066291462877,25.759194801958085,11.386744888885076,0.9922928469256511,0.9907903891049938,0.024928258914260662,0.2232682291666667,0.04160798390900913,0.22681588137492553,5.736570835113525
303,random_graph,random_graph,1,20.0,9,256,0.2,1200,200,50,-0.020481434166102788,25.048812799520636,8.516206260255249,0.9920474157665407,0.9923234952524653,0.021240120964674175,0.22401041666666668,0.04217341955399285,0.23179340313626853,6.182207107543945
303,random_graph,random_graph,1,20.0,6,256,0.2,1200,200,50,-0.03791426848022529,25.445162563894655,10.871138239620679,0.9917035632591953,0.9913294658432098,0.02423351359313532,0.23445963541666667,0.04403451152249046,0.228608985694232,6.551826477050781
303,random_graph,random_graph,1,20.0,2,256,0.2,1200,200,50,-0.02240167105333659,24.540364803284966,6.9788269656860855,0.993395137408464,0.9843390825215467,0.023712489989749216,0.23425781250000002,0.044204553725032215,0.22753891173601604,9.178153038024902
303,random_graph,random_graph,1,25.0,9,256,0.2,1200,200,50,-0.07428714102286456,31.98028878858383,13.440748597542369,0.9918494619106997,0.990181323595631,0.024800217182981418,0.3895377604166667,0.060686291779464344,0.27464824698857765,4.308027982711792
303,random_graph,random_graph,1,25.0,8,256,0.2,1200,200,50,-0.061218005696232196,32.879810364024245,12.733781049535093,0.9915780206815343,0.9830692726804732,0.027497444815095723,0.3966178385416667,0.06056267583145897,0.269479882031306,4.573310136795044
303,random_graph,random_graph,1,25.0,7,256,0.2,1200,200,50,-0.049648105335638223,31.834758076261,14.749306837384443,0.9917810709274554,0.9897370564401989,0.02712038485775345,0.3918522135416667,0.06002930156387122,0.26717655466424356,6.575954914093018
303,random_graph,random_graph,1,25.0,6,256,0.2,1200,200,50,-0.031630826515995386,31.56778966280975,11.403258384436471,0.9924204445962965,0.9776262836673825,0.028189685865378213,0.389404296875,0.05922026351767513,0.26714900665674607,6.62363338470459
303,random_graph,random_graph,1,25.0,3,256,0.2,1200,200,50,-0.038832405295254224,31.99843458789514,14.612839941996643,0.9939403093305085,0.9902506460242098,0.02826377106985453,0.38158528645833334,0.05751106792942505,0.2714688614941462,7.283077955245972
303,random_graph,random_graph,1,30.0,2,256,0.2,1200,200,50,0.05540252065039656,35.558919138794195,12.22260262718133,0.9890162539172127,0.969430826455402,0.032116643397590974,0.4460319010416667,0.07185721414540998,0.31272789229277465,3.717377185821533
303,random_graph,random_graph,1,30.0,3,256,0.2,1200,200,50,0.046144237923523936,35.256210526458176,10.855947757070677,0.99066825807367,0.9650543708904966,0.031675229161105864,0.43304361979166667,0.06918921136875732,0.3174000620233644,3.6214215755462646
303,random_graph,random_graph,1,30.0,0,256,0.2,1200,200,50,0.041690298373511604,35.048555076663035,15.364713292708092,0.9877938124691146,0.9745059733167737,0.033308407967501126,0.441875,0.07237773009113664,0.3227429439108745,5.183882474899292
303,random_graph,random_graph,1,25.0,2,256,0.2,1200,200,50,-0.05486549998091845,32.425416044966795,12.15038760867611,0.9934517457921856,0.9889623692600951,0.026987803856466614,0.3950553385416667,0.061609407127285916,0.27006897772076843,8.898729801177979
303,random_graph,random_graph,1,25.0,4,256,0.2,1200,200,50,-0.07168783754758211,32.171306235243826,15.518961193789933,0.9939615052725052,0.9856328883213594,0.027718139370140532,0.38987630208333335,0.05913610813692931,0.2691931877227153,8.959107875823975
303,random_graph,random_graph,1,30.0,5,256,0.2,1200,200,50,0.03692327045075088,36.21893921218279,14.454770880649555,0.9892205460862777,0.9741530477708008,0.02973830751475067,0.45419270833333336,0.07399262110473485,0.32013513226967394,4.676392078399658
303,random_graph,random_graph,1,30.0,6,256,0.2,1200,200,50,0.0538652760118584,34.20058735918946,11.816781450500724,0.98452457369121,0.9642717482499081,0.03297012491417853,0.4436393229166667,0.07180255891569741,0.31456776280237136,4.376010179519653
303,random_graph,random_graph,1,50.0,4,256,0.2,1200,200,50,0.3948576513478521,33.312810825743185,2.841663741252281,0.9597405986305829,0.8335664389944526,0.03938351170407037,0.6853417968750001,0.08380151084025404,0.3773394947311439,2.4512012004852295
303,random_graph,random_graph,1,30.0,7,256,0.2,1200,200,50,0.042137349021355755,35.07419957177922,12.625450992736797,0.9865417528213394,0.9617251466539065,0.03098409848139506,0.4521354166666667,0.07302130582431206,0.3155184074331349,4.3156960010528564
303,random_graph,random_graph,1,30.0,1,256,0.2,1200,200,50,0.040885901860383496,35.019402192604296,11.720807595772479,0.9898505526234683,0.9613810754103019,0.03133746621920725,0.45434570312500006,0.07225442592202462,0.31988450507201094,7.263429641723633
303,random_graph,random_graph,1,30.0,9,256,0.2,1200,200,50,0.05450584428623774,35.414791578843754,10.473448704545893,0.988291012361686,0.9591799190331948,0.030333544869899712,0.441748046875,0.07196318137836306,0.31996439410708943,3.445392370223999
303,random_graph,random_graph,1,50.0,5,256,0.2,1200,200,50,0.38552196220283413,33.42850202591258,3.671247003719873,0.9640209472323014,0.762927430624308,0.03976243653483784,0.7029557291666667,0.08614697177080584,0.38382954258068447,5.92548942565918
303,random_graph,random_graph,1,100.0,1,256,0.2,1200,200,50,0.6472577388341346,32.40643768065328,1.2581375907219905,0.9367861593435908,0.7256791905226012,0.041302099389321154,0.8282649739583334,0.08126435486798664,0.40369493765896564,3.694579601287842
303,random_graph,random_graph,1,50.0,1,256,0.2,1200,200,50,0.3885433420744887,33.24737392176415,3.93084927054003,0.9596802542553824,0.8758410521065928,0.03749611446000789,0.6976920572916667,0.08513049402775712,0.3867844488464319,7.3968565464019775
303,random_graph,random_graph,1,50.0,2,256,0.2,1200,200,50,0.40660418860717273,32.88405935940152,3.1999862295299213,0.9647705466423735,0.8558042435145122,0.0407473961998344,0.67638671875,0.08255217472311134,0.3747716580783408,7.650593280792236
303,random_graph,random_graph,1,50.0,3,256,0.2,1200,200,50,0.3864520084116945,32.05043210331027,3.462576969340695,0.9684839295381233,0.9276647417275352,0.03875840421749765,0.6993684895833334,0.08452423486794966,0.3872164457631433,7.915935277938843
303,random_graph,random_graph,1,30.0,4,256,0.2,1200,200,50,0.0609434246934979,35.917700855210434,9.088565428882426,0.9883239872814533,0.8938201715263882,0.03295332689896889,0.4423697916666667,0.07204356863351291,0.31747399204405696,11.841005563735962
303,random_graph,random_graph,1,50.0,6,256,0.2,1200,200,50,0.37294406003654224,32.84355012431073,3.0749599109253127,0.9638722557518371,0.8447266235589522,0.041074057280453505,0.7059342447916667,0.08621777087139455,0.38200823882698237,9.818160057067871
303,random_graph,random_graph,1,50.0,0,256,0.2,1200,200,50,0.3880811619369127,32.92611270969511,2.99656193361788,0.9649681295524563,0.6457363468772921,0.04182343044950472,0.692021484375,0.08395486695123054,0.3835014772352426,11.226784229278564
303,random_graph,random_graph,1,30.0,8,256,0.2,1200,200,50,0.043050909572237984,36.275560937946345,14.61719797536886,0.9875438970131311,0.9670934984849046,0.03164843831324162,0.45185546875000004,0.0725877153688898,0.31452587732045867,12.244303703308105
303,random_graph,random_graph,1,100.0,5,256,0.2,1200,200,50,0.6309957914797709,32.41782833334719,1.85344656322897,0.9270110555527207,0.7537444577013342,0.04331553313241969,0.8395247395833334,0.08401370680949846,0.3988281477736365,5.217048168182373
303,random_graph,random_graph,1,50.0,9,256,0.2,1200,200,50,0.39717426588775384,32.279621683468555,2.5811219974412185,0.9644964578469775,0.8911292013819871,0.036694422506739266,0.68990234375,0.08386556582433402,0.3813958620962065,9.228911876678467
303,random_graph,random_graph,1,100.0,7,256,0.2,1200,200,50,0.6327765516490873,32.55791163954388,3.205991819601463,0.9249211229656957,0.7752923784134008,0.044824283005258224,0.8373014322916668,0.08442014836164526,0.3972364770127271,5.054306745529175
303,random_graph,random_graph,1,100.0,0,256,0.2,1200,200,50,0.6449727347049626,32.2233010561822,1.8278189577709552,0.924074001332334,0.7528916782612503,0.045334594110324096,0.829560546875,0.08243154644183785,0.40079702492467256,9.4171142578125
303,random_graph,random_graph,1,100.0,3,256,0.2,1200,200,50,0.647639701368922,31.90766029613492,2.1143520429030707,0.9327944220789304,0.8077356376327057,0.04182615843646635,0.8348860677083334,0.08259466992618585,0.40361913168025354,10.05742621421814
303,random_graph,random_graph,1,100.0,2,256,0.2,1200,200,50,0.6579494901153287,31.743872027930923,1.254674099002401,0.9373135170578196,0.6270420370728909,0.04336157175232776,0.8269270833333334,0.08274863121822938,0.3964561165060407,10.325332164764404
303,random_graph,random_graph,1,50.0,7,256,0.2,1200,200,50,0.39812828025842356,33.230708330694476,4.793058794984001,0.9592022592358947,0.9033654275165759,0.040541012794651846,0.6847688802083334,0.084075665670589,0.375342571586811,12.908424854278564
303,random_graph,random_graph,1,100.0,4,256,0.2,1200,200,50,0.6387269965015394,31.89525047301149,1.9071587075645018,0.9348095599800696,0.6792167631569725,0.04008472548656016,0.8347916666666667,0.0836883024685786,0.39879464492136474,11.502121925354004
404,random_graph,random_graph,1,0.1,1,256,0.2,1200,200,50,-0.06814820416116318,9.417190244134565,9.374723996405471,0.6755762213841074,0.6799863248631263,0.020410108640598983,0.0,0.12829292469283107,0.2208013224185979,4.714689254760742
404,random_graph,random_graph,1,0.1,4,256,0.2,1200,200,50,-0.06936046554972741,10.139581186874581,10.222847395536903,0.6550964761881046,0.6665592064301303,0.02066490596317512,0.0,0.12570695963475934,0.21844479427944893,3.7644522190093994
303,random_graph,random_graph,1,100.0,6,256,0.2,1200,200,50,0.6329757046538469,32.50970933100187,2.1585540093414695,0.9379061215500661,0.7724733488026874,0.04424974390850361,0.8355338541666667,0.08367333902953344,0.398269534390574,9.021174907684326
303,random_graph,random_graph,1,50.0,8,256,0.2,1200,200,50,0.4003976449228961,32.9782067537637,4.083488696401544,0.9611367187932262,0.8994404990174903,0.03903172432781354,0.6791796875,0.08319125685119587,0.37472966251424283,14.1667160987854
404,random_graph,random_graph,1,0.1,6,256,0.2,1200,200,50,-0.06757466508724497,11.853768950532427,9.532224732813663,0.6867042290145173,0.7068632823074938,0.02333896477702947,0.0,0.11644743299489656,0.2168942167111044,3.751321315765381
303,random_graph,random_graph,1,100.0,9,256,0.2,1200,200,50,0.6726399177702488,32.46480568659541,2.258057808462368,0.9470825481812483,0.8332236526248981,0.039725761697046585,0.8261914062500001,0.0819086893695005,0.39896940560578265,8.317087173461914
303,random_graph,random_graph,1,100.0,8,256,0.2,1200,200,50,0.6571172723163548,32.62692620129308,2.3691026955980585,0.9471613140079265,0.8208459113520465,0.04266568108591822,0.8237727864583334,0.08226331701372908,0.3966007318838903,8.70992374420166
404,random_graph,random_graph,1,0.1,5,256,0.2,1200,200,50,-0.0688920486255538,10.61475412167534,10.820192815642013,0.6780038677942841,0.6626493152483238,0.02404368459547786,0.0,0.12308850263544993,0.21831813269731123,4.815636157989502
404,random_graph,random_graph,1,0.1,9,256,0.2,1200,200,50,-0.06836853208689532,11.433460376738664,7.644328357163408,0.6661902618838288,0.6691704459557528,0.01999033279778139,0.0,0.13532863078094134,0.22063377825315975,3.563161849975586
404,random_graph,random_graph,1,0.1,8,256,0.2,1200,200,50,-0.06700804758685067,10.950285903723268,7.842491546864615,0.6829311743077215,0.6814665216734049,0.02271247120801116,0.0,0.14163225778448116,0.2181177661106328,3.855433940887451
404,random_graph,random_graph,1,0.1,2,256,0.2,1200,200,50,-0.056034974290473244,10.712227387452161,9.470536447115967,0.6864290035132019,0.6728009181154889,0.023112011454468992,0.0,0.12971786660368048,0.21471822859887893,6.254701375961304
404,random_graph,random_graph,1,0.3,1,256,0.2,1200,200,50,-0.07422253967888477,9.496733072332997,9.438545234878248,0.69871753588947,0.7016265802556905,0.02044421620594185,0.0,0.10887345758027606,0.22067340418025533,3.1462454795837402
404,random_graph,random_graph,1,0.1,7,256,0.2,1200,200,50,-0.07114573507015988,11.35124059885366,11.38116463573013,0.6664766293035818,0.664393980667471,0.023511994184943527,0.0,0.11048364356558071,0.2150218933890467,5.890251159667969
404,random_graph,random_graph,1,0.3,7,256,0.2,1200,200,50,-0.07771483277541552,11.394852373671036,11.373198851186622,0.692065320482642,0.6871490664473754,0.023537607177107334,0.0,0.09515385125461445,0.21491249671804616,3.8386950492858887
404,random_graph,random_graph,1,0.3,6,256,0.2,1200,200,50,-0.07414782316804468,11.923735929802179,9.604503082095162,0.7072209934187255,0.727772360413269,0.023370415690586753,0.0,0.0998225731209338,0.21679583897598187,4.282564640045166
404,random_graph,random_graph,1,0.1,0,256,0.2,1200,200,50,-0.06894837638377628,11.956165191615401,8.933911910592347,0.6555095485707102,0.6552660294364603,0.024933964524669193,0.0,0.13766326326611128,0.2211643571987245,11.106420755386353
404,random_graph,random_graph,1,0.1,3,256,0.2,1200,200,50,-0.0647232937987128,9.455896059037379,5.8626744320695545,0.6719302966881588,0.6639383100977014,0.022109761705632943,0.0,0.12526731844591021,0.22245611811235108,12.085590839385986
404,random_graph,random_graph,1,0.3,0,256,0.2,1200,200,50,-0.07526821610787708,12.000980786699968,8.931621704297726,0.6832711636918308,0.6815461069719698,0.024969372413289843,0.0,0.11617706070852665,0.22111654314474274,9.424193620681763
404,random_graph,random_graph,1,0.3,8,256,0.2,1200,200,50,-0.0732816837043943,11.075834394361829,7.885441096825832,0.7047076665522687,0.7035097765864515,0.022746421300979744,0.0,0.1198516929177802,0.21797188914990767,7.980360507965088
404,random_graph,random_graph,1,0.3,2,256,0.2,1200,200,50,-0.06045339012025684,10.854893471741995,9.628634149176465,0.7096264670612438,0.7000310157455102,0.023155741593532286,0.0,0.11071144994088473,0.21472111475026032,9.535419702529907
404,random_graph,random_graph,1,1.0,4,256,0.2,1200,200,50,-0.08458068279076164,10.289514129566719,9.648012873132473,0.7614148588367687,0.7740614383146094,0.020742142120599844,0.0,0.07160568770086616,0.2180207456737931,7.386791944503784
404,random_graph,random_graph,1,0.3,4,256,0.2,1200,200,50,-0.07585026826324176,10.194581633015751,10.118246743337162,0.6786209387278208,0.6914833912454118,0.02070618279399929,0.0,0.10727927519862272,0.21848835381503096,10.581152439117432
404,random_graph,random_graph,1,0.3,3,256,0.2,1200,200,50,-0.07094120647761876,9.537878452432551,6.0095503537058885,0.6936173231913403,0.6863601834760823,0.022159555088665003,0.0,0.10739201291645681,0.2225342100203664,11.816258668899536
404,random_graph,random_graph,1,1.0,3,256,0.2,1200,200,50,-0.08255168536227551,9.638114032289302,6.268299397519281,0.7673998480819229,0.7624555483548132,0.02220275469315766,0.0,0.07224362833952326,0.22206106544657248,9.811972379684448
404,random_graph,random_graph,1,1.0,0,256,0.2,1200,200,50,-0.08381635653833605,11.91925806557533,8.682429826008947,0.7673207348974512,0.7627960461636999,0.02497715475173633,0.0,0.07595653047325766,0.2203602119715848,11.643290042877197
404,random_graph,random_graph,1,1.0,1,256,0.2,1200,200,50,-0.08489391032811712,9.65559802780868,9.521522426659683,0.7730539657919979,0.7748400276261825,0.0204694233831913,0.0,0.0720330663619615,0.21984271635155903,12.115499496459961
404,random_graph,random_graph,1,0.3,9,256,0.2,1200,200,50,-0.07484002133519477,11.51402666269414,7.681993193884536,0.6933144132929433,0.6965802872104793,0.020036550568036108,0.0,0.11527707041243988,0.2206600244681483,12.37917423248291
404,random_graph,random_graph,1,1.0,2,256,0.2,1200,200,50,-0.0804048989925713,11.047984590678725,9.748368958120919,0.7821675454958854,0.7834685180120879,0.023177211946328442,0.0,0.07416498048295041,0.21400694718538127,12.64079213142395
404,random_graph,random_graph,1,0.3,5,256,0.2,1200,200,50,-0.07533263717483062,10.680726576618987,10.843327476995414,0.703485524175647,0.686405739797653,0.024079061362956875,0.0,0.10495334732427826,0.21828217588567594,17.75467538833618
404,random_graph,random_graph,1,1.0,5,256,0.2,1200,200,50,-0.08578324534356442,10.645501471373567,10.60436632764804,0.7768624683306726,0.7609360471662356,0.024097117048596003,0.0,0.06995223598472612,0.21765828586308908,31.072903633117676
404,random_graph,random_graph,1,3.0,0,256,0.2,1200,200,50,-0.08735887089047029,11.141323164567622,7.560279179381828,0.9081112856688935,0.9065031231578209,0.024943457848004936,0.0,0.03890505539156464,0.21874900424326393,27.52530527114868
404,random_graph,random_graph,1,1.0,6,256,0.2,1200,200,50,-0.08627198603245716,11.858961608806274,9.611961838441939,0.7756048583093469,0.7895861821077811,0.023391322717342886,0.0,0.06737777028160447,0.21606796857989521,47.91021108627319
404,random_graph,random_graph,1,1.0,7,256,0.2,1200,200,50,-0.08653994784416053,11.37161110917292,11.017414330470803,0.7708365675166404,0.7608803402587053,0.023544472522666917,0.0,0.06490360620310193,0.21415090357264507,50.54068303108215
404,random_graph,random_graph,1,1.0,9,256,0.2,1200,200,50,-0.08436204524372712,11.509977211388073,7.549228037065391,0.7744239621396216,0.7753276929188093,0.020072063477622127,0.0,0.07687930025057817,0.2200226784889196,60.967888593673706
404,random_graph,random_graph,1,1.0,8,256,0.2,1200,200,50,-0.08505102561369575,11.077028130833284,7.6826797170529995,0.7760448669742789,0.7782448776306907,0.022749741822186486,0.0,0.07868671166148551,0.21691806344803344,62.938297510147095
404,random_graph,random_graph,1,3.0,1,256,0.2,1200,200,50,-0.08826090874930785,9.475534528617828,8.796073008515373,0.9139686209844061,0.9142712460850553,0.020455130448817957,0.0,0.037311404607167434,0.2182192153627751,66.94039869308472
404,random_graph,random_graph,1,3.0,3,256,0.2,1200,200,50,-0.0863281999647095,9.271221205846214,6.023426895014405,0.9114056467033324,0.9118958624830938,0.022182422286505236,0.0,0.03794041269856339,0.22063349616200623,70.2254753112793
404,random_graph,random_graph,1,3.0,2,256,0.2,1200,200,50,-0.08985627836387454,10.38252127661257,8.232021661854455,0.9149046210615148,0.9191347498160531,0.02314519711752579,3.255208333333333e-05,0.0390948991145582,0.21227144079549826,82.039790391922
404,random_graph,random_graph,1,3.0,4,256,0.2,1200,200,50,-0.08825119328872245,10.177476903832098,8.168195314945615,0.9110307466894624,0.9107848445029112,0.02073389431861538,0.0,0.03746823513959048,0.21675807924098736,88.6590964794159
404,random_graph,random_graph,1,3.0,5,256,0.2,1200,200,50,-0.08923796335966643,10.194013429215412,9.509988462177287,0.9096815373923103,0.9026871039878522,0.024075449213290984,0.0,0.03647454313489096,0.21628131158176092,91.44594407081604
404,random_graph,random_graph,1,3.0,6,256,0.2,1200,200,50,-0.08971759008556073,11.407773576375002,8.96963982922577,0.9123169444076313,0.9133097742663447,0.023376068521359285,0.0,0.03576858625482121,0.21451110200930998,109.20904803276062
404,random_graph,random_graph,1,3.0,7,256,0.2,1200,200,50,-0.09007937135831726,10.89427192152362,9.671567251158764,0.9056958581241805,0.9002282213834187,0.023513094795162958,0.0,0.034821866712535815,0.21250922858969495,118.23279595375061
404,random_graph,random_graph,1,3.0,8,256,0.2,1200,200,50,-0.08899713901644654,10.559332870108861,7.128636699623626,0.9162291633825087,0.9199846876947976,0.022709779621185377,2.604166666666667e-05,0.04065087648569822,0.21486209057066985,122.45208978652954
404,random_graph,random_graph,1,3.0,9,256,0.2,1200,200,50,-0.08783019335989352,10.965621724528193,6.455427085705745,0.9131170588202984,0.9131466152472563,0.020051276505205225,0.0,0.04014308082888505,0.21839694174186236,127.57681202888489
404,random_graph,random_graph,1,10.0,0,256,0.2,1200,200,50,-0.08913540062434958,9.97006923582616,5.91262087473345,0.9878316073324529,0.9902403072381274,0.024946129035688547,0.0006608072916666667,0.014856193712906827,0.21712725136492195,130.7065703868866
404,random_graph,random_graph,1,10.0,1,256,0.2,1200,200,50,-0.08998425713686413,8.963567142612193,6.8473185856334995,0.9920260613283758,0.9856778239394491,0.02045890445377038,0.0005208333333333333,0.01427323242493771,0.21655924162711118,124.83045959472656
404,random_graph,random_graph,1,10.0,2,256,0.2,1200,200,50,-0.092062466244821,9.775364608063194,6.202015024011211,0.9911618845335901,0.9919712544268378,0.02315130433473485,0.0006510416666666667,0.015184692159325794,0.2104028930706151,129.0431227684021
404,random_graph,random_graph,1,10.0,4,256,0.2,1200,200,50,-0.09009798742230996,9.358577467802096,6.129298416335281,0.9907740119506506,0.9866570165923771,0.020737544356699,0.0005631510416666667,0.014427791080170557,0.21534954366410825,118.75276708602905
404,random_graph,random_graph,1,10.0,3,256,0.2,1200,200,50,-0.08830421891671951,8.65471692069593,5.050920921429513,0.9925356354896746,0.9954616210561066,0.02216605637096777,0.0004654947916666667,0.014602319939430787,0.21894132228622187,122.54185914993286
404,random_graph,random_graph,1,10.0,6,256,0.2,1200,200,50,-0.09152114622553977,10.20346509572765,7.29321072993594,0.9902904341118096,0.9911128235126558,0.023389724595918843,0.0004557291666666667,0.013988428640758256,0.21276522536332357,118.59277272224426
404,random_graph,random_graph,1,10.0,5,256,0.2,1200,200,50,-0.09094003003892828,9.808138903323245,7.732559877595356,0.9915214549909069,0.9861802260920833,0.02407662236594116,0.00052734375,0.014005667156222281,0.21484050275887498,120.927330493927
404,random_graph,random_graph,1,10.0,7,256,0.2,1200,200,50,-0.09202022502672043,9.849073273819386,7.323388879753094,0.9888832327796512,0.9888933494968045,0.02351903055633269,0.00041341145833333334,0.013726578428922985,0.21065727400914108,121.16681671142578
404,random_graph,random_graph,1,10.0,8,256,0.2,1200,200,50,-0.0910770304627376,9.615288380991453,6.439799570578286,0.9900503950868034,0.9913845569135117,0.022718982550279453,0.0007552083333333334,0.015650900100186556,0.21279415769061624,117.92771196365356
404,random_graph,random_graph,1,10.0,9,256,0.2,1200,200,50,-0.08976055482631853,9.844102801480037,4.900450548060416,0.990636650498728,0.9941617193273773,0.020057623453997926,0.0004947916666666667,0.015378656593738084,0.21659836608576252,119.55450201034546
404,random_graph,random_graph,1,15.0,0,256,0.2,1200,200,50,-0.0894089459523629,10.937953570108524,6.292855859000241,0.9875485350725663,0.9898689303153466,0.024976350606959935,0.0009244791666666668,0.010997971128596603,0.2168245795148388,121.53652882575989
404,random_graph,random_graph,1,15.0,1,256,0.2,1200,200,50,-0.09027415892069028,10.215842126328495,7.510095527120162,0.9918818974795707,0.9854997442789043,0.020487605601483033,0.0007584635416666667,0.010494769625779667,0.2162275357291251,124.55882143974304
404,random_graph,random_graph,1,15.0,2,256,0.2,1200,200,50,-0.092369698781956,10.98911080413479,7.020047006780618,0.9910691347289434,0.9919221880905934,0.0231920126156502,0.000986328125,0.01110338626587204,0.21002286203334253,121.17809104919434
404,random_graph,random_graph,1,15.0,3,256,0.2,1200,200,50,-0.08863945178246527,9.623080057812981,6.388455896909934,0.992365111864326,0.9950879003890942,0.022194141551158345,0.0007096354166666667,0.010678982596826253,0.21858843830032632,118.8717987537384
404,random_graph,random_graph,1,15.0,4,256,0.2,1200,200,50,-0.09039481544811792,10.678134573696507,7.498727930170816,0.990601622394375,0.9865560312576264,0.020769181860722963,0.0007942708333333334,0.01062563866697202,0.21507222006003038,115.38242745399475
404,random_graph,random_graph,1,15.0,5,256,0.2,1200,200,50,-0.09121643968528628,11.254585673618838,8.004221104398786,0.9913586139987453,0.9857103682750551,0.024102188260313816,0.0007584635416666667,0.01025931333433099,0.21455635520230212,113.11792707443237
404,random_graph,random_graph,1,15.0,6,256,0.2,1200,200,50,-0.0918406039227404,11.011293673510677,7.830296132210945,0.9900412632254447,0.9908186537519319,0.023424894609151,0.0007096354166666667,0.010344237812778727,0.21239276765757142,110.01355624198914
404,random_graph,random_graph,1,15.0,7,256,0.2,1200,200,50,-0.09236012689971253,10.67018805627488,7.049405631746891,0.9887679706431344,0.988833299351272,0.02354710901255089,0.00064453125,0.0100074169775098,0.2102497350577824,107.21052241325378
404,random_graph,random_graph,1,15.0,8,256,0.2,1200,200,50,-0.09142450863551335,11.190961865273177,8.159036900312456,0.9900521934057215,0.991287526514222,0.022776556019114255,0.0011360677083333333,0.011710726325128101,0.212400160229771,103.93914294242859
404,random_graph,random_graph,1,15.0,9,256,0.2,1200,200,50,-0.09008948886497561,10.357604751792827,5.732576270146116,0.9904235666684061,0.9939183068311721,0.020096395420219612,0.0007845052083333333,0.011249564172283988,0.21624148961620415,110.60027861595154
404,random_graph,random_graph,1,20.0,0,256,0.2,1200,200,50,-0.03758031946504732,24.826142979119147,10.724139156210164,0.9902273726249492,0.9902902549171889,0.025115454356083065,0.25146158854166667,0.04624739418280131,0.23655608569325853,114.48874235153198
404,random_graph,random_graph,1,20.0,1,256,0.2,1200,200,50,-0.05050066951476817,23.958174888606187,11.803909470900145,0.9928516065040996,0.9851106310780009,0.02157522801459857,0.2683268229166667,0.04695213880916556,0.23624312264848144,104.19479370117188
404,random_graph,random_graph,1,20.0,2,256,0.2,1200,200,50,-0.06474797211130573,24.27117052935536,9.285149965770858,0.9932778031769981,0.9921924138931957,0.027446178200626923,0.2727766927083333,0.048026806691938755,0.2307749029686144,113.6054470539093
404,random_graph,random_graph,1,20.0,3,256,0.2,1200,200,50,-0.019962044363997893,23.871099531580583,11.286793763038602,0.9938670826541942,0.9941262544792832,0.026425419403286694,0.25705403645833336,0.04634500346266526,0.23838787294760141,106.34362721443176
404,random_graph,random_graph,1,20.0,4,256,0.2,1200,200,50,-0.008934551450175904,24.99512777135721,11.260760089570697,0.9929437134891062,0.9871279124693514,0.02160562435252714,0.25659830729166666,0.0466803205575166,0.2350158933861145,106.37213683128357
404,random_graph,random_graph,1,20.0,5,256,0.2,1200,200,50,-0.027009282427411973,25.082159923586612,6.776846239554954,0.9933088704335206,0.9877447047048881,0.024547813964362047,0.2644205729166667,0.04717611290824736,0.23472139775568956,99.22995281219482
404,random_graph,random_graph,1,20.0,7,256,0.2,1200,200,50,-0.07032388013743697,23.709122908080772,10.362454700146687,0.9904520181514684,0.9905946199409464,0.024238946755658065,0.2784765625,0.04753213521456618,0.2312213716238835,84.70369410514832
404,random_graph,random_graph,1,20.0,6,256,0.2,1200,200,50,-0.03422794630340628,24.33698108032554,13.031571952173957,0.9917613896833221,0.9914976554992717,0.024238087868643447,0.27168945312500004,0.0468301769233973,0.23240460919190922,89.80963850021362
404,random_graph,random_graph,1,20.0,8,256,0.2,1200,200,50,-0.03451102439408247,25.73826178440169,12.47367904277308,0.9922535098584108,0.9913133597058682,0.026813427899346154,0.26941080729166667,0.046952477198951445,0.23272287025100513,74.15563559532166
404,random_graph,random_graph,1,20.0,9,256,0.2,1200,200,50,-0.07031230959275628,24.367430486701444,11.656930961624067,0.9922352403848945,0.9939023954925421,0.02363716848734999,0.26186848958333336,0.04649437523790272,0.23625629997099984,69.47838544845581
404,random_graph,random_graph,1,25.0,0,256,0.2,1200,200,50,-0.057204637526478044,31.92590468473306,12.566067267916283,0.9918774567681198,0.988199155660549,0.028859408339922874,0.38616536458333334,0.060367507291318664,0.27705668624536717,70.36317920684814
404,random_graph,random_graph,1,25.0,1,256,0.2,1200,200,50,-0.07011918826164919,31.69030680600662,14.507094709097192,0.9935682781584902,0.9825284465951972,0.026027327409115335,0.40043294270833335,0.06133416952993964,0.27628311644489933,70.00344181060791
404,random_graph,random_graph,1,25.0,2,256,0.2,1200,200,50,-0.08363721735092013,32.62586701407292,14.135964989986954,0.994208970130201,0.9901269254389801,0.02935544090231305,0.4055436197916667,0.06322897856159217,0.27108907793815545,70.96082472801208
404,random_graph,random_graph,1,25.0,3,256,0.2,1200,200,50,-0.048595115967463014,32.0124495465662,10.618380645896533,0.994507173830331,0.9853290113222584,0.026915590356532574,0.3906640625,0.06066340172333437,0.2776168088993958,69.71859407424927
404,random_graph,random_graph,1,25.0,4,256,0.2,1200,200,50,-0.06033521926504631,31.701989223191067,14.365307227052142,0.9937673380330109,0.9858651752674022,0.028030488926549933,0.3991373697916667,0.0625327647220146,0.276735880712514,70.01534080505371
404,random_graph,random_graph,1,25.0,5,256,0.2,1200,200,50,-0.06435601053588082,32.43088017576413,14.498387608379112,0.9942220808200684,0.9887158791837292,0.026915308340804946,0.40565429687500004,0.0645146129322313,0.2797134287815894,72.98090291023254
404,random_graph,random_graph,1,25.0,6,256,0.2,1200,200,50,-0.04871656182250613,30.859687366909167,15.136016726072317,0.9922798432250386,0.9902340288335952,0.028287750945186846,0.4083561197916667,0.06306784807425618,0.27452311262489937,72.14020538330078
404,random_graph,random_graph,1,25.0,7,256,0.2,1200,200,50,-0.05831899547521767,31.71207307465115,14.98200867092092,0.991628138537446,0.9885163950797299,0.027027001461427315,0.40491210937500005,0.06489291776834373,0.2768110095075975,69.88615918159485
404,random_graph,random_graph,1,25.0,8,256,0.2,1200,200,50,-0.04088464418201573,33.547728118231085,7.192815900960841,0.9922349361829802,0.9808651535633367,0.030810854954759527,0.394521484375,0.0631265313773262,0.27582712398608905,63.55185008049011
404,random_graph,random_graph,1,30.0,0,256,0.2,1200,200,50,0.052638959641934935,35.008226256197496,11.25880342358259,0.986724271630211,0.9522084162682372,0.03279834011009969,0.4425,0.07231253727643619,0.32373400946259223,61.9225800037384
404,random_graph,random_graph,1,25.0,9,256,0.2,1200,200,50,-0.044614681114721125,31.81215062446283,12.091688623805865,0.993132535481116,0.9906956057596905,0.0248092917660022,0.39327473958333337,0.06220612406519383,0.2772829913665455,66.22064685821533
404,random_graph,random_graph,1,30.0,1,256,0.2,1200,200,50,0.04960843773201559,34.95360866674975,15.168144417258034,0.9873542433879354,0.9566681794415219,0.03048296924581983,0.4479427083333334,0.07317044273412729,0.3233430695432994,61.43138098716736
404,random_graph,random_graph,1,30.0,3,256,0.2,1200,200,50,0.028959444697744856,35.414115324094546,11.06359554979414,0.9905409802839977,0.9629760670132899,0.030307108125552935,0.4521549479166667,0.0734835635842642,0.32456975221997525,62.1735475063324
404,random_graph,random_graph,1,30.0,2,256,0.2,1200,200,50,0.04818466233437919,35.51238372811729,12.224740705982505,0.9879395849549603,0.9643001893521506,0.03249103788316442,0.4615559895833334,0.07502124575069945,0.3159263004592506,63.47243928909302
404,random_graph,random_graph,1,30.0,4,256,0.2,1200,200,50,0.04008363666934012,35.59765902334452,14.948477029893406,0.9909917370683634,0.96576360503045,0.031013296176065363,0.45143880208333337,0.0738529825025253,0.3223517476149828,69.79215025901794
404,random_graph,random_graph,1,30.0,5,256,0.2,1200,200,50,0.038693136146687554,35.94721282679329,8.095064313604059,0.9882137972941901,0.9481499502887692,0.030479011817773412,0.4634440104166667,0.0773144173340316,0.32726346009211205,67.8789131641388
404,random_graph,random_graph,1,30.0,6,256,0.2,1200,200,50,0.046781800137676764,35.00870318752661,11.895365046042054,0.9882117020587736,0.9385674851388086,0.031944442486704125,0.461640625,0.07566288938180367,0.32193024108384893,68.74330759048462
404,random_graph,random_graph,1,30.0,7,256,0.2,1200,200,50,0.045494267733282974,35.231851371988306,12.641408358957815,0.9864228483895929,0.9679323659488265,0.031987218271029336,0.468369140625,0.07703908802588705,0.32224245041859945,68.30420684814453
404,random_graph,random_graph,1,30.0,8,256,0.2,1200,200,50,0.05240497845911128,35.928905143326034,10.97700884237469,0.9851551762185384,0.9469660852693395,0.03436811659413919,0.4554524739583334,0.0738809835372664,0.3176360274659935,64.1797890663147
404,random_graph,random_graph,1,30.0,9,256,0.2,1200,200,50,0.049098047997388206,35.31476546002389,14.130474133695115,0.987511226095434,0.9600047967581096,0.03058680494340864,0.45175130208333336,0.07386145319127714,0.32279700690881646,66.89900422096252
404,random_graph,random_graph,1,50.0,0,256,0.2,1200,200,50,0.3766105660660877,33.20718437879966,3.8760242741885382,0.9637848735479427,0.8493593294991709,0.04392891085740609,0.6989615885416667,0.08545796267222762,0.3847455501379934,68.43480277061462
404,random_graph,random_graph,1,50.0,1,256,0.2,1200,200,50,0.37590939142741286,33.28886176645729,3.3734031611563062,0.9548535461816683,0.8405711117909099,0.038883375386323936,0.6981868489583334,0.08552791907059924,0.385121398779404,77.09998679161072
404,random_graph,random_graph,1,50.0,2,256,0.2,1200,200,50,0.39691112643968746,33.22689063163231,3.4341251320249477,0.966905090381329,0.8670671304667287,0.04052033102467791,0.6876041666666667,0.08504587440622363,0.37622014310607604,77.14919805526733
404,random_graph,random_graph,1,50.0,3,256,0.2,1200,200,50,0.37278913806052005,31.61475488801464,2.9658608447296566,0.9670715516508847,0.8928404650911788,0.040311104311839714,0.7089811197916667,0.08637613989626158,0.38886425172080646,80.73688006401062
404,random_graph,random_graph,1,50.0,4,256,0.2,1200,200,50,0.3764872463343014,33.37927464979703,4.1474972577376255,0.9618281844327122,0.8910944227086695,0.03733087516099078,0.7064648437500001,0.08694902107883686,0.38557202759127235,80.15407085418701
404,random_graph,random_graph,1,50.0,5,256,0.2,1200,200,50,0.3763433005335481,33.072125196287445,4.497604515738115,0.9627596284892862,0.8787332223721416,0.040503313760730575,0.7148828125000001,0.08781494403711206,0.38534329228923436,85.42293000221252
404,random_graph,random_graph,1,50.0,6,256,0.2,1200,200,50,0.3600747476717093,32.57396349919277,2.900885422029776,0.9631276501084263,0.9062220034001606,0.04215075200596055,0.7208593750000001,0.08954541896780115,0.3855958616512704,84.82579231262207
404,random_graph,random_graph,1,50.0,7,256,0.2,1200,200,50,0.37936112848282316,33.06858351039666,3.6101996550940516,0.9577716701437267,0.8696125926695413,0.04023795166299428,0.7059700520833334,0.08897487328847484,0.37972272442790334,83.49810910224915
404,random_graph,random_graph,1,50.0,9,256,0.2,1200,200,50,0.3865601005680188,32.675307797779915,2.5912550047605145,0.9606650446485027,0.9007026697586773,0.037003502723582264,0.6940201822916667,0.0846658966185707,0.3821392908138997,82.52962279319763
404,random_graph,random_graph,1,50.0,8,256,0.2,1200,200,50,0.3968330080463607,32.98998014950709,3.138247071424984,0.9634073427778119,0.8669129231478707,0.04001210011318416,0.6824121093750001,0.08447473814000576,0.37662932361777723,83.80999803543091
404,random_graph,random_graph,1,100.0,0,256,0.2,1200,200,50,0.640780013807845,32.39629180338027,2.5228829797019148,0.9268295739174642,0.7122943008102637,0.04584969087509634,0.8282714843750001,0.08249789471096779,0.4018421782431652,75.23680543899536
404,random_graph,random_graph,1,100.0,2,256,0.2,1200,200,50,0.6469584317341461,31.616297717354936,2.264516649311879,0.9429521428035513,0.7550444603404923,0.04376069762099402,0.833583984375,0.08414535726602511,0.39554468642586227,73.0125081539154
404,random_graph,random_graph,1,100.0,1,256,0.2,1200,200,50,0.6367476124226675,31.86466914519599,1.382412811418713,0.9343614329295725,0.6309630054864017,0.04105576987012131,0.8324283854166667,0.08355190319048621,0.4040279688053962,75.84421706199646
404,random_graph,random_graph,1,100.0,3,256,0.2,1200,200,50,0.6478545559302652,32.07450650463256,1.8235284262460947,0.944047005852107,0.7332712035775256,0.04211335523807862,0.836630859375,0.08287652010591903,0.405284216574965,71.67260456085205
404,random_graph,random_graph,1,100.0,4,256,0.2,1200,200,50,0.6364092341484366,31.911417535899933,1.8308449290914344,0.9390954089962437,0.7987881649991886,0.04129818651594915,0.836611328125,0.08446611006189834,0.40055606619147954,72.0209436416626
404,random_graph,random_graph,1,100.0,5,256,0.2,1200,200,50,0.641102175738376,32.30825469467088,1.722915112007825,0.9311828674044188,0.801257278688071,0.044211335992514714,0.8409016927083334,0.08499152569778845,0.4005736505593282,65.96919226646423
404,random_graph,random_graph,1,100.0,6,256,0.2,1200,200,50,0.6160192508556155,32.14251682794718,3.2971339139727487,0.9431950682032638,0.8644283182975475,0.04340048104042751,0.8431445312500001,0.08660528399464189,0.399603828430917,63.1426100730896
404,random_graph,random_graph,1,100.0,7,256,0.2,1200,200,50,0.6242662991040273,32.28596140658585,2.1088153095111895,0.921575213968431,0.7118552716670999,0.044380194800739355,0.8410546875,0.08591928360177843,0.3976298715387163,65.28805589675903
404,random_graph,random_graph,1,100.0,8,256,0.2,1200,200,50,0.6432641077521838,32.62012105073148,2.121072445415004,0.9388028915078495,0.7215845363887303,0.042600301156426046,0.8288769531250001,0.08355112902489967,0.39865177296478194,69.2128586769104
505,random_graph,random_graph,1,0.1,0,256,0.2,1200,200,50,-0.06896301411323663,11.944636093200968,8.924369929803207,0.6536809167476246,0.6536333803058861,0.02493861240666478,0.0,0.12740816558244666,0.2212261454386224,68.11046552658081
404,random_graph,random_graph,1,100.0,9,256,0.2,1200,200,50,0.6501312602651963,32.14023640634206,2.2104839396881775,0.9444751472757903,0.8461874406114817,0.04092542426507722,0.8286686197916667,0.0836069089577905,0.4000518710889073,74.39906978607178
505,random_graph,random_graph,1,0.1,3,256,0.2,1200,200,50,-0.06434654158041288,9.46679454457453,5.880370915036196,0.6734645202964199,0.6654467369119639,0.022114446789744478,0.0,0.13713395956208854,0.22248790329177023,69.30579948425293
505,random_graph,random_graph,1,0.1,5,256,0.2,1200,200,50,-0.06885387023614133,10.609409608584064,10.816366530761693,0.6766881728252453,0.661446053290898,0.024041013955575743,0.0,0.12147669224749817,0.21830375067000773,65.94810628890991
505,random_graph,random_graph,1,0.1,1,256,0.2,1200,200,50,-0.06826224876290288,9.424210323428818,9.378249380496305,0.6762503531138757,0.680567667197903,0.020414531167087593,0.0,0.12819711644003695,0.22085450498127596,71.35873985290527
505,random_graph,random_graph,1,0.1,4,256,0.2,1200,200,50,-0.06909936525564989,10.147673898126243,10.233297055825055,0.6563108799694792,0.6680255918664396,0.020653428835704528,0.0,0.12464787403712524,0.2183022176178903,67.61032462120056
505,random_graph,random_graph,1,0.1,2,256,0.2,1200,200,50,-0.055759113111757706,10.708429084665106,9.465766606850503,0.6862334942546722,0.6725320145457827,0.023108285500784205,0.0,0.13267697529582312,0.21467511546066462,75.55456233024597
505,random_graph,random_graph,1,0.1,8,256,0.2,1200,200,50,-0.06695123896455885,10.93128651252193,7.830930051480427,0.6818991743862434,0.6804519047446991,0.022718288383500637,0.0,0.1310452326491772,0.21821088951225104,67.88632202148438
505,random_graph,random_graph,1,0.1,7,256,0.2,1200,200,50,-0.07073541489372892,11.35665096790956,11.38486567755724,0.6668827812982615,0.6647473295497723,0.023518985810768396,0.0,0.12000917256830852,0.21507424005472894,68.98135042190552
505,random_graph,random_graph,1,0.1,6,256,0.2,1200,200,50,-0.06737264507223956,11.843564749936359,9.521892206854897,0.6856245994846139,0.7056219578162124,0.023351375082747206,0.0,0.12507880476368238,0.21702661244749635,69.47653675079346
505,random_graph,random_graph,1,0.3,0,256,0.2,1200,200,50,-0.07495904140087478,11.970515902541472,8.909462156331491,0.67855291028144,0.6771942378817457,0.024983737250355062,0.0,0.10861675127507604,0.22130218624847792,68.3403811454773
505,random_graph,random_graph,1,0.1,9,256,0.2,1200,200,50,-0.06858098232964334,11.436258356917586,7.646608536289479,0.6662516224982948,0.6692608292763099,0.019974171380451936,0.0,0.13143387717790472,0.22044313166518567,70.24150943756104
505,random_graph,random_graph,1,0.3,1,256,0.2,1200,200,50,-0.07491541200186076,9.517349529432382,9.449073951656976,0.7004394261270908,0.7032580390155357,0.02045334281602243,0.0,0.10890629162321432,0.22079415705197972,65.32037878036499
505,random_graph,random_graph,1,0.3,2,256,0.2,1200,200,50,-0.05985916727966103,10.838825548889996,9.606080292020605,0.7088532850154802,0.6991573098919397,0.023145275024208302,0.0,0.1133098370828876,0.21459960524905314,67.18730092048645
505,random_graph,random_graph,1,0.3,3,256,0.2,1200,200,50,-0.07037054537953334,9.578552495123752,6.057494866524488,0.6975379527485006,0.6901975114232286,0.02216620723823425,0.0,0.11562925053919262,0.22257388364081435,46.97062587738037
505,random_graph,random_graph,1,0.3,5,256,0.2,1200,200,50,-0.07506261026842621,10.670456324512434,10.838197573694666,0.7006894235026264,0.6837795255656662,0.024073013637684878,0.0,0.1036698696111634,0.21825024937550455,40.78279113769531
505,random_graph,random_graph,1,0.3,4,256,0.2,1200,200,50,-0.07575364242184032,10.223386401671606,10.148416867992482,0.6823605634187253,0.6957350598967994,0.020676079230348227,0.0,0.10639961902576353,0.21810228880373622,55.55129957199097
505,random_graph,random_graph,1,0.3,6,256,0.2,1200,200,50,-0.07378298030960462,11.905896715024111,9.583822135088012,0.7038937212943293,0.724503015029526,0.023397718549347402,0.0,0.10599513793128607,0.21711154611493977,67.64761590957642
505,random_graph,random_graph,1,0.3,9,256,0.2,1200,200,50,-0.07497740539726237,11.530878913506893,7.693021197730234,0.6934225871579014,0.6967064082651394,0.02000031622292567,0.0,0.11226129051908619,0.22019797616846065,61.75066137313843
505,random_graph,random_graph,1,0.3,8,256,0.2,1200,200,50,-0.07329029115774217,11.053293387788159,7.873879714198762,0.7025867413164387,0.701293581276562,0.022765630760866695,0.0,0.11203391995670672,0.21825428959149082,62.55430364608765
505,random_graph,random_graph,1,0.3,7,256,0.2,1200,200,50,-0.0771663528262773,11.396761572440658,11.374944549432545,0.6930186945553856,0.6879241422093749,0.023553229077647952,0.0,0.10271318758963884,0.21503710613777452,63.27811813354492
505,random_graph,random_graph,1,1.0,0,256,0.2,1200,200,50,-0.08333988378055585,11.8800334325571,8.65886714438615,0.7583513193215844,0.7538732661851024,0.02501284408865666,0.0,0.07260501343133048,0.2208577944006927,63.08006167411804
505,random_graph,random_graph,1,1.0,1,256,0.2,1200,200,50,-0.08475567227737185,9.708656474047809,9.544991822212419,0.7762908309762637,0.7783243718369602,0.020478640509052563,0.0,0.07242441724493273,0.22002500841272635,61.144418716430664
505,random_graph,random_graph,1,1.0,3,256,0.2,1200,200,50,-0.07438457172753346,9.848692511176953,6.34972600568316,0.7751051711404328,0.7696000714616139,0.022202582465087724,0.0,0.07539236147160697,0.222028557448446,63.368709087371826
505,random_graph,random_graph,1,1.0,7,256,0.2,1200,200,50,-0.08569073160850248,11.393266996574393,11.041363940100563,0.7741787993848436,0.7641917358099988,0.023572023475485152,0.0,0.06896146643083483,0.21441720239934609,62.58889436721802
505,random_graph,random_graph,1,1.0,4,256,0.2,1200,200,50,-0.08536515303642231,10.39555025022843,9.73134085376456,0.7676898336340024,0.7798906850225034,0.020677462113897094,0.0,0.07117747320547044,0.21709009293277137,65.93455696105957
505,random_graph,random_graph,1,1.0,5,256,0.2,1200,200,50,-0.08563220231407088,10.664871048221755,10.638158685995236,0.7745381189596303,0.7585658012493851,0.024084784012154376,0.0,0.06928055481631472,0.2175866337374564,63.85612487792969
505,random_graph,random_graph,1,1.0,2,256,0.2,1200,200,50,-0.0813595439911487,10.966261943683513,9.63875259047298,0.7815457275221372,0.7827668501534444,0.023154402984707695,0.0,0.07574528112466886,0.21371577246129322,66.516845703125
505,random_graph,random_graph,1,1.0,6,256,0.2,1200,200,50,-0.08561554514066608,11.828332308348278,9.567100951074815,0.7716641759271818,0.7853764178983494,0.023435459973695557,0.0,0.0701048027473585,0.21669403341999585,64.2202627658844
505,random_graph,random_graph,1,1.0,8,256,0.2,1200,200,50,-0.08263500544575576,11.14702416621383,7.745681481838006,0.773109445061865,0.7750960945900649,0.022803268299111244,0.0,0.07518874852567556,0.21770001569391287,61.79057002067566
505,random_graph,random_graph,1,1.0,9,256,0.2,1200,200,50,-0.08463970011461967,11.645191389240736,7.655919976107293,0.7748028685018938,0.7755801912093518,0.020016259894002957,0.0,0.07530974847265164,0.21911211435055467,54.61091446876526
505,random_graph,random_graph,1,3.0,0,256,0.2,1200,200,50,-0.08678920441022547,11.965986976458609,8.27417176658558,0.9039384714769781,0.9017147314399878,0.02498870401047592,0.0,0.03794876892377855,0.2195608027171064,49.357736110687256
505,random_graph,random_graph,1,3.0,1,256,0.2,1200,200,50,-0.08815974031989204,9.492352408696856,8.806079174125331,0.9150305017221038,0.9153567168555585,0.020452518390814262,0.0,0.037610569014312104,0.21833226565930675,42.36529302597046
505,random_graph,random_graph,1,3.0,2,256,0.2,1200,200,50,-0.08732255055002752,10.526464453593858,8.385780095474283,0.9174916865137601,0.9214586259489707,0.02311752672569862,4.5751633986928104e-05,0.03966494245552401,0.21183124148836174,48.30066680908203
505,random_graph,random_graph,1,3.0,3,256,0.2,1200,200,50,-0.07438457171890552,10.46001540159571,6.63503426131316,0.9178966089972852,0.9181864392064991,0.022178626887420984,3.26797385620915e-06,0.0385638610272428,0.22055893077302852,50.48689126968384
505,random_graph,random_graph,1,3.0,4,256,0.2,1200,200,50,-0.08913281204557842,10.747359356912249,8.920637948749931,0.9138747083734415,0.9133798274242688,0.020653420235945616,0.0,0.037222463507618694,0.21525571760048012,50.68440294265747
505,random_graph,random_graph,1,3.0,5,256,0.2,1200,200,50,-0.08648802254026651,10.483050636694005,9.815135306156195,0.9111423676989979,0.9043167364668274,0.024052293785805597,0.0,0.03626694539136167,0.21608298300543027,51.452104568481445
505,random_graph,random_graph,1,3.0,6,256,0.2,1200,200,50,-0.08917977090890662,11.528430422773525,9.020395570993244,0.9131920752081382,0.9139862767428353,0.02342418131829255,0.0,0.03665252887854672,0.2154284802732933,55.346641063690186
505,random_graph,random_graph,1,3.0,7,256,0.2,1200,200,50,-0.08572739188507862,11.352831220023573,10.245516993946811,0.9115970411730125,0.9065622897165091,0.023550368987346845,0.0,0.03623133259632308,0.21299703658761046,60.51923656463623
505,random_graph,random_graph,1,3.0,8,256,0.2,1200,200,50,-0.08266057464416254,11.054490933760132,7.490891317168865,0.9121449600917345,0.9157771598506457,0.02278497393760634,0.0,0.0396273479711354,0.21618523531222059,58.25679612159729
505,random_graph,random_graph,1,3.0,9,256,0.2,1200,200,50,-0.08827228171175994,11.765258462573707,7.230408078353468,0.9164081148244893,0.9159106269779355,0.020005834875416992,0.0,0.0395588996857387,0.21716364444547084,57.73329782485962
505,random_graph,random_graph,1,10.0,2,256,0.2,1200,200,50,-0.08732284157797351,11.178696269860744,7.848417462343018,0.9911343416266646,0.9919170548445544,0.02312692953131356,0.0006503267973856209,0.015340102313189715,0.20986819732342107,57.70121145248413
505,random_graph,random_graph,1,10.0,4,256,0.2,1200,200,50,-0.09093396228801855,11.528393251619597,9.092181901511882,0.9907255003554617,0.9866002282757851,0.020672700834988813,0.0006601307189542483,0.014266640746218272,0.21346493606003702,58.05519151687622
505,random_graph,random_graph,1,10.0,0,256,0.2,1200,200,50,-0.08860995137627835,12.430101186550855,8.160231395652513,0.9878436518966786,0.9902451446783774,0.02498197329177782,0.0005751633986928104,0.01466308854216908,0.21808630406999346,59.230461835861206
505,random_graph,random_graph,1,10.0,3,256,0.2,1200,200,50,-0.07438457172143999,11.03471775331754,7.084989593136741,0.9924856639773678,0.9954724295262883,0.022170814248077857,0.0005196078431372548,0.014715362483106637,0.21897046085246738,59.505309104919434
505,random_graph,random_graph,1,10.0,5,256,0.2,1200,200,50,-0.08648849606801014,11.29344522455886,9.460932077433819,0.9915185724277326,0.9861219728401,0.024047469723404977,0.0005065359477124183,0.014001875216925377,0.21441336346217038,54.64174747467041
505,random_graph,random_graph,1,10.0,1,256,0.2,1200,200,50,-0.08965942408931174,9.227324310343183,7.083983734271641,0.9919868404237829,0.9856494098680915,0.020450721642610633,0.0005163398692810457,0.014343586440775036,0.21653025249025037,59.99243664741516
505,random_graph,random_graph,1,10.0,6,256,0.2,1200,200,50,-0.09095801369758585,11.428400499792538,8.163208922297297,0.9903188348229921,0.9911366143285405,0.023431261144114424,0.0004509803921568627,0.014204135346437833,0.2139347782987503,54.65566349029541
505,random_graph,random_graph,1,10.0,7,256,0.2,1200,200,50,-0.08572740687619339,11.692619325447527,9.986821804876667,0.9888823773860732,0.9888928690773726,0.02355780588074469,0.0004444444444444444,0.013983026326260422,0.21143035601775467,52.30769419670105
505,random_graph,random_graph,1,10.0,8,256,0.2,1200,200,50,-0.082660575710699,11.671528928056443,8.004612763697462,0.990210559544531,0.9914755553971694,0.02278058064099127,0.0005751633986928104,0.015504139625415823,0.2144135390087522,39.80079913139343
505,random_graph,random_graph,1,15.0,0,256,0.2,1200,200,50,-0.08890396417392252,13.217551730280416,8.668024133519546,0.9876413084598136,0.9898394076037625,0.025003249341429862,0.000803921568627451,0.010709869477972585,0.21778706759933597,38.92648220062256
505,random_graph,random_graph,1,10.0,9,256,0.2,1200,200,50,-0.09025656697783224,12.281413300795826,7.405101636767429,0.9906269276367253,0.9941097349896836,0.020032557650659748,0.0005784313725490195,0.015258887582451487,0.21521055354851734,39.521892070770264
505,random_graph,random_graph,1,15.0,1,256,0.2,1200,200,50,-0.0897732321312135,10.426631217090414,7.527220354539207,0.9918931677453559,0.9855656457223887,0.020480989011250183,0.0007581699346405228,0.01051947935103525,0.21616147147449127,39.21046233177185
505,random_graph,random_graph,1,15.0,2,256,0.2,1200,200,50,-0.08732284254020445,12.87261194741094,8.982624084548368,0.9910455077744843,0.9918476755784557,0.023172902598464717,0.001349673202614379,0.011363590699503743,0.2094760111714646,46.251060247421265
505,random_graph,random_graph,1,15.0,3,256,0.2,1200,200,50,-0.07438457171344133,12.189091602226773,8.638243172538626,0.9923206468996411,0.9950103882622292,0.02221026787779498,0.0008431372549019607,0.011030676436624611,0.2186760345796287,50.26878571510315
505,random_graph,random_graph,1,15.0,4,256,0.2,1200,200,50,-0.09121683988640708,12.838878544093252,10.409258199443272,0.9905371023288082,0.9864325304896919,0.020713803052111682,0.0008627450980392157,0.010474526436445395,0.2131219247362537,52.2788302898407
505,random_graph,random_graph,1,15.0,6,256,0.2,1200,200,50,-0.09126098337179872,12.56498037748604,8.94429844909544,0.9900009262168113,0.990824096789276,0.023463355020057253,0.0006960784313725489,0.010532862580761755,0.21362526789884778,50.539687156677246
505,random_graph,random_graph,1,15.0,5,256,0.2,1200,200,50,-0.08648849912168935,13.038701515532209,10.141466131015976,0.9914210448034199,0.9857039781519733,0.024074042313646477,0.0007483660130718953,0.010357276074723741,0.21406551843490748,52.47804355621338
505,random_graph,random_graph,1,15.0,8,256,0.2,1200,200,50,-0.08266057567268556,12.95441786051277,9.561099708121086,0.9901274718451657,0.9913536598162408,0.022817463327699995,0.0008431372549019607,0.01141856180930428,0.21403787642387226,51.568121671676636
505,random_graph,random_graph,1,15.0,7,256,0.2,1200,200,50,-0.08572740698157652,12.863360491630909,10.104917543594206,0.9887327600500448,0.988745596469018,0.023588406489570047,0.0007058823529411764,0.010275950262907056,0.21110675896944542,52.47576951980591
505,random_graph,random_graph,1,15.0,9,256,0.2,1200,200,50,-0.09059646601068966,13.138130084437023,8.71708207574346,0.990524698119723,0.9939521505296708,0.0200768732193757,0.000784313725490196,0.011278859505091304,0.21483098139797738,53.52567434310913
505,random_graph,random_graph,1,20.0,1,256,0.2,1200,200,50,-0.02294438118085742,24.954222155756234,13.429294487099781,0.9932593677073442,0.9847783835107076,0.023647151375913892,0.23646078431372547,0.044027531272090546,0.23330676647334514,53.43277621269226
505,random_graph,random_graph,1,20.0,0,256,0.2,1200,200,50,-0.024836349448089226,25.207807584734955,7.885124137727216,0.9908625683731407,0.9903896994108575,0.025133732397954786,0.2505424836601307,0.045035524149627006,0.23632869612907098,53.67915487289429
505,random_graph,random_graph,1,20.0,2,256,0.2,1200,200,50,-0.019727477003142146,26.160724773508967,9.49848870127284,0.9934204871604088,0.9905792329203735,0.02373324959695715,0.25578431372549015,0.04565288070978091,0.2284399182988201,52.72049260139465
505,random_graph,random_graph,1,20.0,3,256,0.2,1200,200,50,-0.02669653244440572,24.583494895775726,12.58067455217901,0.9941113072511119,0.9946602556371468,0.026260514425519896,0.2456862745098039,0.0447024991357107,0.23741971810441018,54.38789391517639
505,random_graph,random_graph,1,20.0,4,256,0.2,1200,200,50,-0.03069520944676351,24.290585260043994,12.939147353380001,0.9925478704722139,0.9871556709478306,0.024138922268745266,0.24721895424836599,0.04463535985314966,0.23188970669035322,46.93094873428345
505,random_graph,random_graph,1,20.0,5,256,0.2,1200,200,50,-0.03505305603658827,25.280488200511254,12.383762485948926,0.9931200180634993,0.9883004739904165,0.02411104919263043,0.254562091503268,0.04590982432648879,0.23237440383126975,47.71118497848511
505,random_graph,random_graph,1,20.0,6,256,0.2,1200,200,50,-0.03496484633786425,24.555687818720276,11.90266707408551,0.9915679262065634,0.9916861187277939,0.024176453631964447,0.25983660130718955,0.04610777737375475,0.23297024202323616,47.48027539253235
505,random_graph,random_graph,1,20.0,7,256,0.2,1200,200,50,-0.013853011260152292,24.959657986729592,13.939350901722825,0.9907146365690712,0.9894974301277704,0.025241038728983943,0.23435294117647057,0.04342794902948467,0.22801692019456754,46.90373349189758
505,random_graph,random_graph,1,20.0,8,256,0.2,1200,200,50,-0.024814463633533814,25.62017286716777,12.527832432122375,0.9923741704593017,0.991495548415246,0.025572791619142447,0.23569281045751633,0.044881839008483505,0.2319207297407025,44.82459592819214
505,random_graph,random_graph,1,20.0,9,256,0.2,1200,200,50,-0.050635705985401076,24.08177852632729,11.688165941779127,0.9922716097888948,0.9937634663302054,0.024950650102701324,0.25581372549019604,0.04552441145489679,0.23377993777495237,43.134021520614624
505,random_graph,random_graph,1,25.0,0,256,0.2,1200,200,50,-0.08042629219045817,31.539289429408964,15.57817045782196,0.9921126481590966,0.9898892075008957,0.027490442515855546,0.3951928104575163,0.062270040909241715,0.2793000975793649,46.893714427948
505,random_graph,random_graph,1,25.0,1,256,0.2,1200,200,50,-0.06560010081968944,31.971548618920842,15.40341383603267,0.993664588418875,0.9816498908997472,0.0255077163055972,0.39402614379084966,0.06110694994073637,0.27635866779225454,48.07732939720154
505,random_graph,random_graph,1,25.0,2,256,0.2,1200,200,50,-0.04481744494974218,33.18826338366244,14.909909223811189,0.9935304835917999,0.9898086570365143,0.027312235280772885,0.39938562091503266,0.062316354192037834,0.269139620111524,48.09306049346924
505,random_graph,random_graph,1,25.0,3,256,0.2,1200,200,50,-0.05210063640731323,32.00250234185693,11.847070300056735,0.9947567264815017,0.9913355532513586,0.028775368298196678,0.39431045751633986,0.06146713442273098,0.2792570567258825,49.21369481086731
505,random_graph,random_graph,1,25.0,5,256,0.2,1200,200,50,-0.041543562646720836,32.87916004890072,5.3891472413149994,0.9936421861059911,0.9481527299069286,0.026324071957555668,0.39241830065359473,0.06103226345562982,0.27264647857698865,48.97998046875
505,random_graph,random_graph,1,25.0,7,256,0.2,1200,200,50,-0.050077445558495824,33.15713441894978,10.601049229022278,0.9916322329928886,0.9571661494213631,0.02678676552592984,0.3981862745098039,0.06283341229096226,0.2723838981177993,50.386964559555054
505,random_graph,random_graph,1,25.0,8,256,0.2,1200,200,50,-0.05804669261276473,33.11351216531342,15.040527788983143,0.9926762618340197,0.98937595077698,0.027203473845073923,0.3928235294117647,0.06296366003837227,0.2770338521948743,50.28239297866821
505,random_graph,random_graph,1,25.0,4,256,0.2,1200,200,50,-0.03569725932918634,32.6955306784081,14.801903663013155,0.9927895464859122,0.9833439979986177,0.027952243821175355,0.39184313725490194,0.061312989372705816,0.27406486420868575,53.64460372924805
505,random_graph,random_graph,1,25.0,9,256,0.2,1200,200,50,-0.0642870347786308,32.339523465446256,14.093143527635734,0.9925299322219815,0.9896631988916857,0.02497676545631841,0.3980915032679738,0.06183388829908663,0.2759785507519005,48.608707666397095
505,random_graph,random_graph,1,25.0,6,256,0.2,1200,200,50,-0.03547966876175739,30.963110097351887,15.633211202167812,0.9928058815376098,0.9900687996035992,0.027973284305489215,0.3986143790849673,0.06317332946698641,0.2769637566856963,53.62820267677307
505,random_graph,random_graph,1,30.0,1,256,0.2,1200,200,50,0.042119878696000486,35.511021457087445,15.328316315891438,0.9904403109223497,0.9615401317975714,0.030618348173551902,0.44760130718954244,0.07299384403691953,0.3223005235965524,47.44790434837341
505,random_graph,random_graph,1,30.0,0,256,0.2,1200,200,50,0.031786306294380604,35.78967879886828,15.175583377054874,0.9879849405386186,0.9728889655023031,0.031717965071757045,0.45095424836601306,0.07383168862469425,0.3249904997191368,49.64862823486328
505,random_graph,random_graph,1,30.0,2,256,0.2,1200,200,50,0.04553485705658435,36.14937285178258,14.051357453179573,0.9903046812189014,0.9720870807674191,0.031245455878012605,0.46373202614379083,0.07492644937472696,0.31562571634266906,47.5931339263916
505,random_graph,random_graph,1,30.0,3,256,0.2,1200,200,50,0.06343850614262235,35.39154277873635,12.222231032426652,0.988889212588791,0.9643514164343235,0.031201003976629702,0.44145424836601305,0.07224293629234102,0.32277458351487237,46.385321617126465
505,random_graph,random_graph,1,30.0,4,256,0.2,1200,200,50,0.05682142607161763,36.317073755142815,13.495665376134905,0.9900750559725012,0.9611891915440013,0.03083788560963399,0.44678104575163397,0.07323846496895027,0.319461879999669,49.20723795890808
505,random_graph,random_graph,1,30.0,5,256,0.2,1200,200,50,0.04541083999881487,36.55257113947912,12.418699209092425,0.9899245868041046,0.9438981405035511,0.030847377367525537,0.4503496732026144,0.07433233366198781,0.32084782495121555,47.760119676589966
505,random_graph,random_graph,1,30.0,6,256,0.2,1200,200,50,0.051309121064580694,35.123703971770226,13.332530389889838,0.9858434128049243,0.9639496352272967,0.033388617538837664,0.453218954248366,0.0743076941688202,0.3203323419258364,44.66913080215454
505,random_graph,random_graph,1,30.0,7,256,0.2,1200,200,50,0.039540815987147294,35.60573413449684,11.646332018063951,0.9870275123260417,0.916052207964712,0.03126619850043099,0.4614803921568627,0.07544480124133678,0.3191624278335572,45.41385793685913
505,random_graph,random_graph,1,50.0,0,256,0.2,1200,200,50,0.3855965722600889,32.98689887089472,3.496546789982365,0.9633402944739871,0.906891063018657,0.04227239101453435,0.6994281045751634,0.08531744059547197,0.3855061184091869,41.19169902801514
505,random_graph,random_graph,1,30.0,9,256,0.2,1200,200,50,0.0513392060019306,35.55196720655944,13.622388224657065,0.9852806376689285,0.968065211998647,0.029692981650701698,0.4479640522875817,0.07277028490519548,0.3199067494453194,44.03428912162781
505,random_graph,random_graph,1,50.0,2,256,0.2,1200,200,50,0.3911175981644947,32.91747663299064,4.421065333794143,0.9708068610266868,0.9041593830512108,0.039958771333338326,0.6905392156862745,0.08676338296565297,0.3754225654549194,39.40269327163696
505,random_graph,random_graph,1,30.0,8,256,0.2,1200,200,50,0.04399488324803413,36.61207147300555,12.515030124880381,0.9884702040813238,0.959162283866212,0.030911508180026963,0.4579346405228758,0.0742580422476252,0.3193786913278799,46.60768151283264
505,random_graph,random_graph,1,50.0,1,256,0.2,1200,200,50,0.39341464112569136,33.26264708967112,3.8782388453662002,0.9670201480725737,0.8665519235656833,0.03719869078011996,0.6928692810457516,0.08517125559647981,0.38460557559955977,40.77344012260437
505,random_graph,random_graph,1,50.0,5,256,0.2,1200,200,50,0.38297969188395864,33.39648765678201,4.666792444405472,0.9672412376815787,0.7747005344820337,0.03996293005525648,0.7089150326797385,0.08743541404168947,0.38330148565304273,41.27512168884277
505,random_graph,random_graph,1,50.0,3,256,0.2,1200,200,50,0.3831327280254553,31.8930258304765,3.7762738310441284,0.9659033450194198,0.8942478095348922,0.03865635354610301,0.7086601307189542,0.08545235975747195,0.3886903789063267,43.90916895866394
505,random_graph,random_graph,1,50.0,4,256,0.2,1200,200,50,0.3803605051496765,33.680402268404855,5.327689655208302,0.9622006849292866,0.8761128130873445,0.037394363966430116,0.7077287581699346,0.0875292992587883,0.381495555044763,44.03996133804321
505,random_graph,random_graph,1,50.0,6,256,0.2,1200,200,50,0.3839357133768232,33.19971054816296,2.477695556190361,0.9653635959396174,0.8377121363024413,0.041995297400675695,0.7114346405228757,0.08679537618938717,0.38334991384970823,39.09587240219116
505,random_graph,random_graph,1,50.0,7,256,0.2,1200,200,50,0.3899624466846376,33.29802908480474,5.116174658988119,0.9594587137789337,0.8616746181866847,0.04160549315362009,0.695049019607843,0.08655317365007749,0.37934906307132543,39.450329542160034
505,random_graph,random_graph,1,50.0,9,256,0.2,1200,200,50,0.39428543030231017,32.71708103872246,3.81903315396308,0.9704219740087983,0.9109920682799783,0.037704163547355146,0.6960392156862745,0.08539541256095402,0.3794350534451296,40.112682819366455
505,random_graph,random_graph,1,50.0,8,256,0.2,1200,200,50,0.3813634329685884,33.53145595006121,4.657756595151962,0.9682976827140884,0.8868218214036785,0.03825816046497471,0.6981666666666666,0.08743838676235025,0.3800823443371714,40.30663084983826
505,random_graph,random_graph,1,100.0,0,256,0.2,1200,200,50,0.6512879152288248,32.51747060239985,2.422695287531834,0.9455513920062103,0.8346256512569372,0.04511491905367768,0.8290326797385621,0.08334241003831176,0.4022419546648521,45.14623403549194
505,random_graph,random_graph,1,100.0,1,256,0.2,1200,200,50,0.6410514571691566,32.272791180672236,2.578568138286519,0.9372612984223947,0.7834218015410128,0.04038625582828455,0.8317843137254901,0.08325116092543061,0.4026350907276642,42.25134992599487
505,random_graph,random_graph,1,100.0,2,256,0.2,1200,200,50,0.6365418237322319,31.82140305820665,3.803436420920649,0.9500664327606244,0.7974569443342507,0.043566285334118715,0.8303431372549019,0.08419308116339522,0.39426483380174937,43.291486978530884
505,random_graph,random_graph,1,100.0,3,256,0.2,1200,200,50,0.6190332917027659,32.15553582079786,2.807946451600055,0.9470360457301269,0.8328282018406453,0.04141972745977688,0.8422254901960784,0.08551271501191963,0.4033413799842235,44.543537855148315
505,random_graph,random_graph,1,100.0,6,256,0.2,1200,200,50,0.6306987396011453,32.3436915012105,2.592001032189927,0.9521364346518392,0.8180876676015991,0.044558385279458844,0.8386274509803922,0.08417407408263931,0.39818840654144516,44.45442318916321
505,random_graph,random_graph,1,100.0,4,256,0.2,1200,200,50,0.616096996332938,32.04710613713872,2.426788532869779,0.9399243330897938,0.7192163214647859,0.03980762321529267,0.8391045751633986,0.08505703676156767,0.3993074197294178,47.715309858322144
505,random_graph,random_graph,1,100.0,5,256,0.2,1200,200,50,0.6458269631914368,32.3964432376883,3.096315890426814,0.9366346774820157,0.8142720669952559,0.043565359136652444,0.838718954248366,0.08512614268126803,0.3986167665673315,47.21369433403015
606,random_graph,random_graph,1,0.1,1,256,0.2,1200,200,50,-0.06826541289682753,9.444310320685723,9.387233064469669,0.67739173531199,0.6816286377624544,0.020411676072692442,0.0,0.12391580955396955,0.22082179168865654,44.003016233444214
505,random_graph,random_graph,1,100.0,7,256,0.2,1200,200,50,0.6461934877843369,32.345823469159875,3.7116407902182518,0.9318742775399251,0.8053490433347489,0.04438329764972441,0.840735294117647,0.08542479473172204,0.39719220965513974,50.58877086639404
505,random_graph,random_graph,1,100.0,8,256,0.2,1200,200,50,0.636057509976097,32.57477494645348,3.2032143050912936,0.9465060993114028,0.8550810891215224,0.04267835720054107,0.8284738562091503,0.08388796511314336,0.4001699248641913,50.948020935058594
606,random_graph,random_graph,1,0.1,0,256,0.2,1200,200,50,-0.06899892603276872,11.947057049751818,8.926491678237769,0.6544696909799151,0.6542977616691685,0.02494178859377632,0.0,0.13331262655965617,0.22123959169066038,49.87245488166809
505,random_graph,random_graph,1,100.0,9,256,0.2,1200,200,50,0.6483487400538632,32.70753520476805,1.5884191090981328,0.947029965234447,0.7815758567414262,0.0398283357798502,0.8274346405228757,0.08383923036995418,0.3972056716037765,51.68037700653076
606,random_graph,random_graph,1,0.1,2,256,0.2,1200,200,50,-0.05605294265345054,10.713263432948605,9.471873153737748,0.6866784153819671,0.6732112240007174,0.02310159376413217,0.0,0.12828243153486973,0.21461715318360233,53.3638870716095
606,random_graph,random_graph,1,0.1,4,256,0.2,1200,200,50,-0.06948786846670549,10.138565438011195,10.221548900135287,0.6558084946743978,0.6673628476550018,0.020661673026029594,0.0,0.12088789996268783,0.21841133181004982,52.551631927490234
606,random_graph,random_graph,1,0.1,3,256,0.2,1200,200,50,-0.06477396968028942,9.473289762549099,5.892599448463066,0.674182423831407,0.6662025112568825,0.022114692058774095,0.0,0.13607079891294255,0.22248742854757597,56.43647265434265
606,random_graph,random_graph,1,0.1,6,256,0.2,1200,200,50,-0.06724692588085321,11.87051509950832,9.552288437771583,0.6887974267055542,0.7089648777067624,0.023345667011135367,0.0,0.12650998250583392,0.2169598256993822,38.85839509963989
606,random_graph,random_graph,1,0.1,5,256,0.2,1200,200,50,-0.06879129107633458,10.614413467913277,10.820448940707209,0.6768236735295736,0.6615871305270503,0.024041159510362644,0.0,0.1276710710862233,0.21829309514364587,55.78808283805847
606,random_graph,random_graph,1,0.1,9,256,0.2,1200,200,50,-0.06863096277094671,11.415898099738566,7.629089699255833,0.6645101987736063,0.6673624808673719,0.019988221376848983,0.0,0.13593012040751842,0.2206073226777444,30.94843053817749
606,random_graph,random_graph,1,0.1,7,256,0.2,1200,200,50,-0.07120860198927227,11.367933334119261,11.391059098210993,0.6678901640034732,0.6656963424764949,0.023520926539444986,0.0,0.12015813139690863,0.2150942040926413,41.457159757614136
606,random_graph,random_graph,1,0.1,8,256,0.2,1200,200,50,-0.0667140059056986,10.939485611348323,7.840821451975073,0.681967962633893,0.6805458742953263,0.02271453693249854,0.0,0.13520990930714993,0.21815642683234915,37.66501975059509
606,random_graph,random_graph,1,0.3,3,256,0.2,1200,200,50,-0.07091171491108085,9.592869097904874,6.088444388924276,0.6995850308968231,0.6923236607816062,0.022168710082696344,0.0,0.11528935640130909,0.2225875430087642,35.97347044944763
606,random_graph,random_graph,1,0.3,0,256,0.2,1200,200,50,-0.07514336729374625,11.975129521877285,8.910341418917987,0.681349327934335,0.6796845507569794,0.02498801464490514,0.0,0.11289217108412732,0.2213090062899235,42.327449560165405
606,random_graph,random_graph,1,0.3,2,256,0.2,1200,200,50,-0.06070755720525959,10.849537616289687,9.623516807612749,0.7098483136025984,0.7003401598554176,0.023131980943917378,0.0,0.10973529865451864,0.2144739724725033,40.88318157196045
606,random_graph,random_graph,1,0.3,1,256,0.2,1200,200,50,-0.07418333553421101,9.579670414560379,9.480332530218464,0.7035786283680866,0.7063534836391795,0.020449090394896043,0.0,0.10572332645290637,0.22073606622273179,45.619171380996704
606,random_graph,random_graph,1,0.3,6,256,0.2,1200,200,50,-0.07363699761611106,11.97484949188896,9.659388796128711,0.712459447782281,0.7326548737297363,0.02338407073339918,0.0,0.10765412654618313,0.21693823193021802,37.53499698638916
606,random_graph,random_graph,1,0.3,7,256,0.2,1200,200,50,-0.07777679011413609,11.436287658781229,11.399446476846123,0.6953620842597273,0.690173213521668,0.023558794606952538,0.0,0.10259888019072855,0.21509597823728432,36.24096632003784
606,random_graph,random_graph,1,0.3,4,256,0.2,1200,200,50,-0.0761650408854841,10.183850292433405,10.09783066157441,0.6805473741621926,0.6936414541084028,0.020696994631035026,0.0,0.10343862423361674,0.2183905512622067,40.76734256744385
606,random_graph,random_graph,1,0.3,5,256,0.2,1200,200,50,-0.07551839503775014,10.667608511266918,10.834865241451354,0.7006577877577581,0.6837125695041519,0.024072645484550376,0.0,0.10855898942925259,0.2182161241232247,42.41630482673645
606,random_graph,random_graph,1,0.3,9,256,0.2,1200,200,50,-0.07507995777050266,11.465334923454083,7.640386225741867,0.6887556779927507,0.6920573219299296,0.02003221572228647,0.0,0.11590096684473276,0.22059879119181147,30.620933771133423
606,random_graph,random_graph,1,1.0,1,256,0.2,1200,200,50,-0.08479539461644992,9.890045285270041,9.632345140708283,0.7817260565310765,0.7842813267411303,0.020482214352831027,0.0,0.07058105299868755,0.22001964676865773,33.05683755874634
606,random_graph,random_graph,1,0.3,8,256,0.2,1200,200,50,-0.07203190184144218,11.057729614851425,7.885263863628625,0.7021455125982481,0.7009270596771261,0.022755433914591987,0.0,0.11527449324060028,0.21810676447239968,39.68057084083557
606,random_graph,random_graph,1,1.0,0,256,0.2,1200,200,50,-0.08360753235083028,11.911306450374514,8.663195648427724,0.7675825321169308,0.7627972599401401,0.02500985835730482,0.0,0.07470853172869275,0.22077398080623525,36.47051978111267
606,random_graph,random_graph,1,1.0,2,256,0.2,1200,200,50,-0.08225144602102151,10.989478839299213,9.682554539600723,0.7811316656050481,0.7822047937663253,0.02313756605348843,0.0,0.07396846225556099,0.21350909783025193,35.95790982246399
606,random_graph,random_graph,1,1.0,3,256,0.2,1200,200,50,-0.08270492414125831,9.75621284008728,6.343600331794462,0.7779810270396753,0.7729364371968279,0.022213052399661225,0.0,0.07576781739472321,0.22210444950686697,38.69259166717529
606,random_graph,random_graph,1,1.0,4,256,0.2,1200,200,50,-0.08507793620358363,10.200210212413612,9.498323949741023,0.763037388034006,0.7755616273612571,0.020718719053666398,0.0,0.06952940276884881,0.21774336598864238,40.93749642372131
606,random_graph,random_graph,1,1.0,5,256,0.2,1200,200,50,-0.08592394516019336,10.579317933567609,10.549453815600394,0.7739150200271497,0.7581129184964585,0.024084738770457047,0.0,0.07180464254978933,0.21751056040342132,38.55391263961792
606,random_graph,random_graph,1,1.0,7,256,0.2,1200,200,50,-0.0865279350213288,11.486940877640611,11.110673606261752,0.7770064431046276,0.7669738526533032,0.023586037040437026,0.0,0.06879663878088643,0.21458369813550995,36.6416232585907
606,random_graph,random_graph,1,1.0,8,256,0.2,1200,200,50,-0.0843145662558492,11.169101578803826,7.781887760199771,0.7723990294540378,0.7742964772918645,0.022780005293330602,0.0,0.0770691751623448,0.21734616325856881,35.45037126541138
606,random_graph,random_graph,1,3.0,0,256,0.2,1200,200,50,-0.08706946194026155,11.13945435136038,7.555976327420528,0.9121020137755893,0.9105065575195105,0.024973909325248435,0.0,0.03872525946887423,0.21931680227870656,33.038777589797974
606,random_graph,random_graph,1,3.0,1,256,0.2,1200,200,50,-0.08809331803247693,9.682299497009737,9.012273456973091,0.9176062026863008,0.9178925528299964,0.020473308357160443,0.0,0.03687677367410099,0.21854347658876275,34.59282875061035
606,random_graph,random_graph,1,3.0,2,256,0.2,1200,200,50,-0.09035292784589548,10.393917818332035,8.264887883544642,0.914626566691096,0.9189106713281694,0.023102599233459926,5.208333333333334e-05,0.039120536281834935,0.21156170790199452,37.042399168014526
606,random_graph,random_graph,1,3.0,4,256,0.2,1200,200,50,-0.08858484490199715,9.982891570650992,7.863832638805698,0.9074742362210868,0.9070073125389875,0.020698028705544297,0.0,0.036777062082685226,0.21621543025244563,36.22928833961487
606,random_graph,random_graph,1,1.0,6,256,0.2,1200,200,50,-0.08595692355810362,11.889522772972779,9.642318222434174,0.7831728351084694,0.7961340450135508,0.023408269073827623,0.0,0.07142299127653991,0.21628079473119924,45.71174478530884
606,random_graph,random_graph,1,1.0,9,256,0.2,1200,200,50,-0.0843981046880559,11.384293351144295,7.458414666240235,0.7683331019918341,0.7694882647163638,0.020068243823461996,0.0,0.0772593433584019,0.21992663872214502,40.54441595077515
606,random_graph,random_graph,1,3.0,3,256,0.2,1200,200,50,-0.08639286745597807,9.30435975852998,6.0504516542212325,0.918867987301332,0.9189822186770502,0.02219722624590801,0.0,0.03886653705063179,0.22072914451370973,40.441731452941895
606,random_graph,random_graph,1,3.0,7,256,0.2,1200,200,50,-0.08975913154524609,11.065700863976769,9.844930392874929,0.9133930176358825,0.9083109309211345,0.023569394389477118,0.0,0.036080868374509155,0.21329880268413687,32.32732796669006
606,random_graph,random_graph,1,3.0,6,256,0.2,1200,200,50,-0.08949096454994845,11.199945947010228,8.761901880453387,0.9129975871913487,0.9140725814086533,0.023391197693379013,0.0,0.03701357981350791,0.214743576640173,33.51830863952637
606,random_graph,random_graph,1,3.0,5,256,0.2,1200,200,50,-0.08932534707238497,10.203458930987475,9.51784249780138,0.911340835962706,0.9044540619941335,0.024060131267908767,0.0,0.03707984175410212,0.2160442549045705,37.94408130645752
606,random_graph,random_graph,1,3.0,8,256,0.2,1200,200,50,-0.08851845669318649,10.726791962846875,7.294762234177507,0.915130318944637,0.9186726197153084,0.022754696559410217,6.510416666666667e-06,0.040457571664904754,0.21562667761881765,36.84370994567871
606,random_graph,random_graph,1,10.0,0,256,0.2,1200,200,50,-0.08887739206006832,9.870003428125004,5.794810638569039,0.9878191241764896,0.9902121693050098,0.024965006034725585,0.000615234375,0.01482990483290711,0.21770486374953746,30.14621639251709
606,random_graph,random_graph,1,3.0,9,256,0.2,1200,200,50,-0.08780488858368503,10.892180801424493,6.394238791622148,0.9120664537156572,0.9120441666551735,0.020055011766394237,0.0,0.040164375992092466,0.21834211111416602,35.3675537109375
606,random_graph,random_graph,1,10.0,1,256,0.2,1200,200,50,-0.08978620122952959,9.19587378062509,7.027218834918474,0.9919890160497201,0.9856663510346404,0.02047304788606504,0.0004947916666666667,0.014182668144496865,0.21700147182286905,34.706462383270264
606,random_graph,random_graph,1,10.0,2,256,0.2,1200,200,50,-0.09251376967621099,9.78414548437478,6.216694893620696,0.9910740861128077,0.9918845011570601,0.023113724884657096,0.0006640625,0.015209329066058517,0.20953837005781362,31.406934022903442
606,random_graph,random_graph,1,10.0,4,256,0.2,1200,200,50,-0.09046045871577096,9.262167141286447,6.012099127422067,0.9907435115362201,0.9866255933294603,0.020703219073792526,0.0005794270833333334,0.014314205402997424,0.2145347430699378,30.072710752487183
606,random_graph,random_graph,1,10.0,3,256,0.2,1200,200,50,-0.08820729769092926,8.73068743698252,5.126525848538181,0.9924811131906124,0.9954669755272163,0.022190552429521518,0.0005045572916666667,0.01483507180058689,0.21925475132646138,35.2510027885437
606,random_graph,random_graph,1,10.0,5,256,0.2,1200,200,50,-0.09106861343627354,9.92886040003358,7.837871055003441,0.9915296365242067,0.9861273412187803,0.02406265118212168,0.0005045572916666667,0.014167846061560355,0.21451177373780603,33.738839864730835
606,random_graph,random_graph,1,10.0,7,256,0.2,1200,200,50,-0.09152416988225731,9.910837603923461,7.371882197251108,0.9889341059301548,0.9889384727492825,0.02357262815385317,0.00041341145833333334,0.013976500107125582,0.21182295014804065,35.412033796310425
606,random_graph,random_graph,1,10.0,6,256,0.2,1200,200,50,-0.09132524450667699,10.077339386984557,7.166293345344935,0.9902793756332133,0.9910993601475027,0.023405644117894902,0.0005013020833333334,0.014237948992494079,0.21304918925531854,36.43289113044739
606,random_graph,random_graph,1,15.0,0,256,0.2,1200,200,50,-0.0891647176664822,10.638760061261502,5.989769828436379,0.9875837658329906,0.9899256077391445,0.024994267493901937,0.0008821614583333334,0.010997158979384164,0.21739485320008997,34.30128073692322
606,random_graph,random_graph,1,10.0,8,256,0.2,1200,200,50,-0.09063642416722384,9.695522525272,6.507994810703946,0.9900781117746652,0.9914013958876879,0.02275783538285193,0.000625,0.015646893062612872,0.21377607438537297,39.09527111053467
606,random_graph,random_graph,1,10.0,9,256,0.2,1200,200,50,-0.08971139619257947,9.911029406407518,4.986447053529061,0.9906686622548728,0.9941721163760283,0.02006336935609778,0.0005501302083333334,0.015363143345969084,0.2166144286889536,37.47939085960388
606,random_graph,random_graph,1,15.0,2,256,0.2,1200,200,50,-0.09281151430277466,10.87495607978186,6.8992868051586145,0.9910433709460854,0.9918785070523617,0.023155903971294602,0.0010774739583333335,0.011145645123373701,0.20912533895079974,35.86274170875549
606,random_graph,random_graph,1,15.0,1,256,0.2,1200,200,50,-0.0900773260399971,10.288781394758615,7.494656756365264,0.991910352104045,0.9855822882189286,0.020499437182157743,0.0007291666666666667,0.010415275797132926,0.21669223481703548,37.783042669296265
606,random_graph,random_graph,1,15.0,4,256,0.2,1200,200,50,-0.09077356947116615,10.465568326727816,7.215860902997467,0.9905711865644403,0.9865031977017344,0.020737033496825163,0.0008365885416666667,0.010496810509916384,0.21419082521491833,36.021872758865356
606,random_graph,random_graph,1,15.0,6,256,0.2,1200,200,50,-0.09164102589410174,10.797818468760482,7.591276414053803,0.9900675405512932,0.9908632767627765,0.023441051247305528,0.0007356770833333334,0.010536944899321525,0.21269599065336658,29.949520587921143
606,random_graph,random_graph,1,15.0,3,256,0.2,1200,200,50,-0.08850212641847656,9.875983793938298,6.758984382076169,0.9923659556617248,0.9950677014020041,0.022228908689799255,0.0007747395833333333,0.01106980983070997,0.21899342262747046,40.89187979698181
606,random_graph,random_graph,1,15.0,5,256,0.2,1200,200,50,-0.09136101763414173,11.339499325439915,8.055022765855307,0.9913442188438744,0.9856865521897408,0.024091950915481865,0.0007682291666666667,0.010558767011066,0.21421138394610797,34.74678039550781
606,random_graph,random_graph,1,15.0,7,256,0.2,1200,200,50,-0.09183445986342506,10.922709473690828,7.19736820461639,0.9887296785879366,0.9888014256399408,0.023601317064460482,0.0006510416666666667,0.010346991493505004,0.21151669088083663,32.43373990058899
606,random_graph,random_graph,1,15.0,9,256,0.2,1200,200,50,-0.09004107625577189,10.497118655735848,5.884326712312816,0.9904665649977843,0.9939678441571396,0.020101071088955515,0.000751953125,0.011262474303032212,0.21626781734297226,30.381054878234863
606,random_graph,random_graph,1,20.0,1,256,0.2,1200,200,50,-0.03797525312098575,24.854499957687416,9.690457456308772,0.9928472696134656,0.9836081687793277,0.021436429127129168,0.24772786458333335,0.04477607416221319,0.23438345678198852,26.681835889816284
606,random_graph,random_graph,1,20.0,0,256,0.2,1200,200,50,-0.028567197353843245,24.66198491606677,10.279565702708881,0.990441700301523,0.9904777177338857,0.025189830773330403,0.23838216145833335,0.04500520329092514,0.23518331051496671,32.7445855140686
606,random_graph,random_graph,1,15.0,8,256,0.2,1200,200,50,-0.0909968410939317,10.977140907170723,8.016935562664987,0.9900658356683916,0.9913585560005733,0.022806060269920353,0.0009700520833333334,0.01165300333861447,0.2134152014541525,37.80292320251465
606,random_graph,random_graph,1,20.0,3,256,0.2,1200,200,50,-0.026234927272837643,25.649435069835764,11.777990800099417,0.9939453602525282,0.9939411933913758,0.025957614732302438,0.23669270833333333,0.04411085349866145,0.23596005479464272,29.415781259536743
606,random_graph,random_graph,1,20.0,2,256,0.2,1200,200,50,-0.03152149246823752,24.381237063313677,10.782095286798796,0.9931147603299098,0.9921505778912033,0.02645285603148604,0.25586588541666666,0.046558446543821165,0.22802703618468603,33.42800998687744
606,random_graph,random_graph,1,20.0,6,256,0.2,1200,200,50,-0.04253657820529061,24.965354667984126,11.842564467913727,0.991719331175516,0.9916074256996628,0.024198819982067153,0.25766927083333335,0.04599411885612313,0.23150318703854592,28.99955916404724
606,random_graph,random_graph,1,20.0,4,256,0.2,1200,200,50,-0.019723469987347825,24.555356059858273,13.636538150308665,0.9927083782882832,0.9871687039686642,0.02232025389383864,0.24183919270833334,0.044198170662980485,0.23142890226410795,35.87033271789551
606,random_graph,random_graph,1,20.0,5,256,0.2,1200,200,50,-0.014390763883677504,26.104433589512368,4.236001824772675,0.9933107093693097,0.97962616091746,0.02468700809440497,0.24107747395833334,0.044446076317870196,0.23143992744925776,36.31404161453247
606,random_graph,random_graph,1,20.0,7,256,0.2,1200,200,50,-0.03035395794684962,24.817373947466415,12.072476832829324,0.9903093663214204,0.9900264186785568,0.024156868152249638,0.2494205729166667,0.044929493256001624,0.22946680723929816,34.96518039703369
606,random_graph,random_graph,1,20.0,8,256,0.2,1200,200,50,-0.04022470168791439,25.31698590972763,12.356446971851028,0.9923371705427858,0.991225719610348,0.026643374348995108,0.24803059895833335,0.045656914872720285,0.23149868308638474,35.25611925125122
606,random_graph,random_graph,1,20.0,9,256,0.2,1200,200,50,-0.03514840251037039,24.314397151690137,11.649385551719787,0.9920923038431708,0.9939786685531234,0.024731404713517733,0.23623372395833334,0.04427593911300661,0.23314531729059573,37.12102150917053
606,random_graph,random_graph,1,25.0,1,256,0.2,1200,200,50,-0.08733253571324381,31.00715393706394,16.438018392618176,0.9929978649481577,0.9823527891018831,0.024730424940451905,0.39757161458333334,0.062105750354829944,0.27701224741092356,35.52505135536194
606,random_graph,random_graph,1,25.0,0,256,0.2,1200,200,50,-0.05152486397814626,31.589250158485406,15.20905278091239,0.9913499468209379,0.9891458402866272,0.030228110305261305,0.3967415364583334,0.06130795095472497,0.2772976448976537,37.173158407211304
606,random_graph,random_graph,1,25.0,4,256,0.2,1200,200,50,-0.0435404728714733,32.50137432543904,15.19419793176021,0.9934637484072378,0.9846338611620469,0.026576022291234975,0.39894856770833337,0.06173799562356685,0.27421516320358413,30.28553080558777
606,random_graph,random_graph,1,25.0,2,256,0.2,1200,200,50,-0.05297259722175625,33.1069052296725,14.395886915600977,0.9940463867502438,0.9899683349948362,0.028051709700913592,0.4013834635416667,0.06209923928689443,0.2690959608778684,38.34381723403931
606,random_graph,random_graph,1,25.0,3,256,0.2,1200,200,50,-0.024629369108789805,32.21388038419818,9.915708332814724,0.9933440991100543,0.9762035959470639,0.027845406167208816,0.3882682291666667,0.060551664476716255,0.2783008104623599,36.7604546546936
606,random_graph,random_graph,1,25.0,5,256,0.2,1200,200,50,-0.03314123660351257,32.83507795115156,13.12674061784358,0.9933348672539473,0.986353110576016,0.027461203293032924,0.40113281250000005,0.061839134121793427,0.2737982108833786,33.42615246772766
606,random_graph,random_graph,1,25.0,6,256,0.2,1200,200,50,-0.032937947705337735,31.544879892428728,9.66460906076982,0.9919805149545875,0.9823200249141621,0.02861952962347045,0.3912532552083334,0.061589629721460704,0.27316735298388445,33.8802707195282
606,random_graph,random_graph,1,25.0,7,256,0.2,1200,200,50,-0.04471244787467299,31.899237395895582,11.171838532395974,0.9909415924130767,0.985092403251511,0.028229808024386786,0.3992545572916667,0.06356469790101753,0.27413542577006406,39.03344106674194
606,random_graph,random_graph,1,25.0,8,256,0.2,1200,200,50,-0.04378425399708582,33.51147444101728,11.168842271721912,0.9923501861081703,0.975512080193676,0.029244660246328387,0.38557942708333337,0.060954882217648026,0.2729177688223884,43.343271017074585
606,random_graph,random_graph,1,25.0,9,256,0.2,1200,200,50,-0.04563101609905033,31.741270062913927,12.754479612587552,0.9928579096730946,0.9895684084494936,0.026115465338663317,0.388828125,0.0600001470607608,0.27355958618474685,41.646095991134644
606,random_graph,random_graph,1,30.0,0,256,0.2,1200,200,50,0.04505284965174507,35.18763626462796,11.52618302595084,0.9864502412320497,0.9694049732362794,0.032756083166398955,0.44916992187500004,0.07332989401113359,0.32479267490435426,42.24605345726013
606,random_graph,random_graph,1,30.0,4,256,0.2,1200,200,50,0.039913759765371766,36.41841919196748,13.958234701076899,0.9882597101128904,0.9642101504344658,0.030561048580249644,0.45311848958333334,0.07405058639267617,0.3221330307622234,40.60152721405029
606,random_graph,random_graph,1,30.0,2,256,0.2,1200,200,50,0.04420112219573261,36.199534428849844,13.879394601213669,0.9907626174341965,0.9750260971336465,0.03304682680465394,0.46342122395833335,0.07547869740210851,0.3171602202748392,43.13038206100464
606,random_graph,random_graph,1,30.0,3,256,0.2,1200,200,50,0.053108801556555625,35.26755284754993,8.05163969875972,0.9910700862708927,0.9074960182217133,0.03163831790890431,0.4386002604166667,0.07177138366291663,0.32348903279306485,45.93423128128052
606,random_graph,random_graph,1,30.0,1,256,0.2,1200,200,50,0.0461591730837322,35.037807933050445,12.464928819242317,0.9856062989036296,0.9434202318239089,0.030246543386783033,0.4527408854166667,0.07370172691849863,0.3240673245105479,47.286267042160034
606,random_graph,random_graph,1,30.0,5,256,0.2,1200,200,50,0.03695342574955262,35.944158894333604,10.04654941184709,0.9899648251516817,0.9555703980272198,0.03004437701042317,0.4566373697916667,0.07441315904597579,0.321290779520973,41.056708574295044
606,random_graph,random_graph,1,30.0,8,256,0.2,1200,200,50,0.04873693746440486,36.217511281884924,11.22496250087209,0.9872225704788619,0.966921320652418,0.0319123126366664,0.45403645833333334,0.07437602881951541,0.3205772933655412,42.50214910507202
606,random_graph,random_graph,1,30.0,6,256,0.2,1200,200,50,0.05476645230992153,35.191727865662365,11.83233470423137,0.9876393967890873,0.9452541039130526,0.03312540610089347,0.4509309895833334,0.0743215202424378,0.32027628843484984,46.34543704986572
606,random_graph,random_graph,1,30.0,9,256,0.2,1200,200,50,0.06047001545280509,35.4376731046573,9.502824073937655,0.9872851035795965,0.9584592854395213,0.029983257698784294,0.440234375,0.07128265620603486,0.3179441813662543,43.74680304527283
606,random_graph,random_graph,1,30.0,7,256,0.2,1200,200,50,0.044611971556364184,35.20864287712538,13.49769450040584,0.9862369234013971,0.964843398991101,0.03138081206583749,0.4636393229166667,0.07623804533451072,0.32207984307868937,47.881707191467285
606,random_graph,random_graph,1,50.0,0,256,0.2,1200,200,50,0.39043698704186636,33.00031635722816,3.0216660198240377,0.9582671493797967,0.8037651698353222,0.043644704351797535,0.6985253906250001,0.08557689087307596,0.3860375247720475,49.18567514419556
606,random_graph,random_graph,1,50.0,1,256,0.2,1200,200,50,0.38357704932676107,33.02544643676141,4.713502981924654,0.9605297364633189,0.8708423321264761,0.03884313954287464,0.7069954427083334,0.08684666862230347,0.38824849337792705,47.9374794960022
606,random_graph,random_graph,1,50.0,2,256,0.2,1200,200,50,0.3901273522224997,32.65761620048142,3.6323031668029273,0.9597592073009177,0.8767535406207042,0.04120053690473871,0.6891927083333333,0.08595083975861288,0.3750295700763532,47.06202697753906
606,random_graph,random_graph,1,50.0,3,256,0.2,1200,200,50,0.3844419592998514,32.29609922774187,2.7227865849147825,0.9667331275487879,0.8967601432740652,0.04013730683069753,0.6993131510416667,0.08503581929203131,0.38766131329943665,44.42778515815735
606,random_graph,random_graph,1,50.0,4,256,0.2,1200,200,50,0.3769943381053802,33.27080399326808,4.352189188371375,0.9642704115826116,0.8897072477797863,0.03981142270911952,0.7048177083333333,0.08721288177597379,0.3824491568594831,42.01034736633301
606,random_graph,random_graph,1,50.0,5,256,0.2,1200,200,50,0.38375614869595415,33.345513593384155,3.5132822666928307,0.9619037012824346,0.893227010349013,0.04046765153258777,0.709794921875,0.08720129045523417,0.38475813782456053,42.92552900314331
606,random_graph,random_graph,1,50.0,6,256,0.2,1200,200,50,0.38258647892617803,32.426589859542595,4.8747506610511495,0.958216817996395,0.9105232889142515,0.040794876124882536,0.7148372395833333,0.08800449390090538,0.3826790730034369,46.2740204334259
606,random_graph,random_graph,1,50.0,8,256,0.2,1200,200,50,0.40584980655908653,33.38255613040043,2.809374485399318,0.9627590576974273,0.901894600382576,0.04110175895616801,0.6873795572916667,0.08536086992911321,0.3778492492620483,41.42388701438904
606,random_graph,random_graph,1,50.0,7,256,0.2,1200,200,50,0.38236011906471196,33.094610303123545,5.640065470987447,0.9533329883320929,0.8805791224191593,0.04074162232259452,0.7080826822916667,0.08878244524362675,0.3817370475408846,44.377270460128784
606,random_graph,random_graph,1,100.0,0,256,0.2,1200,200,50,0.6281719415899767,32.178007754293354,2.709061673530171,0.9262744265202212,0.7674877338287716,0.04515545990253345,0.8340234375000001,0.08386399564146058,0.4038056429663466,42.32933306694031
606,random_graph,random_graph,1,100.0,1,256,0.2,1200,200,50,0.6375480087747303,32.405126028492546,1.3429952865108807,0.9311770529982284,0.7567106412273129,0.04033317202099579,0.8354752604166668,0.0844192161519362,0.4051255086502473,41.189382553100586
606,random_graph,random_graph,1,50.0,9,256,0.2,1200,200,50,0.4016235918369198,32.70717455000141,2.862327290910569,0.9610717137791446,0.8726760927464308,0.03854259754490617,0.6887858072916667,0.08348181878649509,0.3810231281412739,43.6277117729187
606,random_graph,random_graph,1,100.0,2,256,0.2,1200,200,50,0.6354708212176254,31.872205623511196,2.47036831798961,0.937138686050567,0.791466125696226,0.043760923785307,0.8325260416666668,0.08450975160916177,0.3948965138149746,45.70346283912659
606,random_graph,random_graph,1,100.0,3,256,0.2,1200,200,50,0.6236551057202548,32.39317393953889,2.737065768183466,0.9398279251174197,0.7969501517943698,0.04231986931275064,0.8365625000000001,0.08321622325169037,0.4053427265863107,45.04082369804382
606,random_graph,random_graph,1,100.0,4,256,0.2,1200,200,50,0.6359360836770072,32.202746102502964,2.594553362429942,0.9423122820739355,0.8031835137067799,0.04058058588777898,0.8385416666666667,0.08438072602218909,0.40026876972269293,43.38404583930969
606,random_graph,random_graph,1,100.0,5,256,0.2,1200,200,50,0.627000788350123,32.73664308883772,3.0535256655206484,0.9406193641735744,0.772060715041739,0.043465554122666825,0.8368098958333334,0.08498928006860348,0.39993966142340764,42.940497398376465
606,random_graph,random_graph,1,100.0,6,256,0.2,1200,200,50,0.6322743163308248,32.50562270503407,2.7289155857070613,0.9500736267717829,0.7982077334597634,0.04414577287219102,0.8383235677083334,0.08497029580592452,0.3983357683694162,41.794414043426514
606,random_graph,random_graph,1,100.0,7,256,0.2,1200,200,50,0.6280180842469492,32.609701647410546,1.4989330137492018,0.9263634397108799,0.5999912333254535,0.04386031200432595,0.8366048177083334,0.08479889243289764,0.39802837984388895,40.96145582199097
606,random_graph,random_graph,1,100.0,8,256,0.2,1200,200,50,0.6473511991575537,32.885090937310935,2.3703460438295854,0.9344365925777415,0.6484225934487269,0.043069733682997845,0.82283203125,0.08282120125304969,0.39896898208660553,44.39384984970093
707,random_graph,random_graph,1,0.1,0,256,0.2,1200,200,50,-0.068909210444353,11.952516210973524,8.931697882890202,0.6543038768709174,0.6542014531255967,0.024922667647452844,0.0,0.12899295205336384,0.22107309963889163,40.37239980697632
606,random_graph,random_graph,1,100.0,9,256,0.2,1200,200,50,0.659126525352282,32.44847727972226,2.219612438522554,0.9412842224795622,0.8173306850483399,0.04010811885239957,0.8270507812500001,0.08348648391833571,0.4004402376970504,46.07198929786682
707,random_graph,random_graph,1,0.1,1,256,0.2,1200,200,50,-0.0681366456216117,9.446839003955878,9.383506236941782,0.6777255298026592,0.6819230630910044,0.020409418481334818,0.0,0.11958583927439248,0.22080957383641944,39.81501746177673
707,random_graph,random_graph,1,0.1,3,256,0.2,1200,200,50,-0.06503397303126036,9.467613390732337,5.887897165683185,0.6738128239585689,0.6658608359507465,0.022099640643555955,0.0,0.12020576735280832,0.2223584293569433,40.231608867645264
707,random_graph,random_graph,1,0.1,2,256,0.2,1200,200,50,-0.05581996477275509,10.711012224997882,9.47055749436251,0.6865214881868266,0.6728213207386893,0.023104132898049305,0.0,0.13066429335731958,0.21463771841887994,43.66229844093323
707,random_graph,random_graph,1,0.1,4,256,0.2,1200,200,50,-0.06923626476109634,10.148208756850515,10.23026715017143,0.6566421786432015,0.6683890745097419,0.02066080573076914,0.0,0.1308922028233167,0.21838280050413753,41.518728256225586
707,random_graph,random_graph,1,0.1,6,256,0.2,1200,200,50,-0.06731515752926995,11.869891703967602,9.550414022308896,0.6885113471747984,0.7086760645663139,0.023348000513592704,0.0,0.12355855753047058,0.21698915641303926,41.85195875167847
707,random_graph,random_graph,1,0.1,7,256,0.2,1200,200,50,-0.07133263379078757,11.359286038380262,11.387365951848116,0.6672589478200202,0.665061637953358,0.023521965147453323,0.0,0.11634668713244452,0.21511200792854607,42.992005348205566
707,random_graph,random_graph,1,0.1,5,256,0.2,1200,200,50,-0.0687601103708602,10.608072428710685,10.815608606559717,0.6772361271155545,0.6618673053853136,0.024045271568356556,0.0,0.11990398941796479,0.21834081987758855,44.36584162712097
707,random_graph,random_graph,1,0.1,8,256,0.2,1200,200,50,-0.06672844503840417,10.965767350623173,7.850487856796041,0.6837519398599368,0.682260258827228,0.022714199827947083,0.0,0.13756374111433264,0.21815400891714234,43.08339047431946
707,random_graph,random_graph,1,0.3,1,256,0.2,1200,200,50,-0.07473836432061168,9.565697276726828,9.460395784556244,0.7038475663224649,0.7065696218909845,0.02044352553131627,0.0,0.10212941777906542,0.2207027403879099,43.25379419326782
707,random_graph,random_graph,1,0.3,0,256,0.2,1200,200,50,-0.0746826310966567,11.99704906279573,8.933301277023897,0.6797570273819233,0.6784094683320269,0.02494619328527042,0.0,0.11000372784981982,0.22091288711453183,43.66519236564636
707,random_graph,random_graph,1,0.1,9,256,0.2,1200,200,50,-0.06852301098563617,11.421224284338718,7.635260505397118,0.6657997691991483,0.6687804553300614,0.01998625206844004,0.0,0.1299531364092767,0.22059691732611178,44.791839838027954
707,random_graph,random_graph,1,0.3,3,256,0.2,1200,200,50,-0.07097233456526868,9.592616484915967,6.087055716321954,0.698822049340367,0.6915659582977521,0.02213700717662804,0.0,0.1029824432862028,0.2223002824557424,43.44070029258728
707,random_graph,random_graph,1,0.3,2,256,0.2,1200,200,50,-0.060208781121954616,10.849169814679275,9.624433568590563,0.7094363454630119,0.6995880311967084,0.02313602189736383,0.0,0.11162191965940693,0.2145070558876691,46.759281158447266
707,random_graph,random_graph,1,0.3,4,256,0.2,1200,200,50,-0.07534911290503572,10.221331321183008,10.138671030182662,0.6833705729406176,0.6967518751455508,0.020694085815024164,0.0,0.11095500983648171,0.21830657426499528,45.63076448440552
707,random_graph,random_graph,1,0.3,5,256,0.2,1200,200,50,-0.07523062604120637,10.668565985870346,10.835189530016436,0.702087877977213,0.6850478727571372,0.02408276303089301,0.0,0.1024891677437521,0.21833982167690655,45.01925992965698
707,random_graph,random_graph,1,0.3,7,256,0.2,1200,200,50,-0.07779859522463804,11.419002148641985,11.393627904147111,0.6936128802062718,0.6883987869001701,0.023561018562727448,0.0,0.09973479141056683,0.21513987547642716,44.58239722251892
707,random_graph,random_graph,1,0.3,6,256,0.2,1200,200,50,-0.07383297073237927,11.977758207506987,9.658266277738573,0.7119292254119991,0.7321558449905793,0.023391441756058087,0.0,0.10532360725933347,0.21703047962912048,47.58483076095581
707,random_graph,random_graph,1,0.3,8,256,0.2,1200,200,50,-0.07283059968843711,11.125400974611686,7.918137477040608,0.7070995955756195,0.7059588171420936,0.02275225906197679,0.0,0.11695315627485808,0.21807912127646645,40.37613916397095
707,random_graph,random_graph,1,0.3,9,256,0.2,1200,200,50,-0.07495886242069759,11.483118874238377,7.657402366412441,0.692143846563055,0.6954557488950287,0.02002860604249301,0.0,0.11082166308302886,0.2205856458471543,43.29464793205261
707,random_graph,random_graph,1,1.0,0,256,0.2,1200,200,50,-0.0835607214563111,11.976865001847305,8.753800199969707,0.7606727503913394,0.7562349722955228,0.024946190910914375,0.0,0.07360449938158588,0.22001027139582413,42.50543141365051
707,random_graph,random_graph,1,1.0,2,256,0.2,1200,200,50,-0.08214809685149858,10.977748805853055,9.664992571918557,0.7803060674701374,0.7813595733838042,0.02313800126327724,0.0,0.07494000045833585,0.2135069914517697,37.727511167526245
707,random_graph,random_graph,1,1.0,1,256,0.2,1200,200,50,-0.08463747768897836,9.741508012224468,9.539822972197776,0.7801580779523032,0.7824738444636069,0.020470820743569814,0.0,0.06875866053019239,0.2199240922324222,41.22661209106445
707,random_graph,random_graph,1,1.0,3,256,0.2,1200,200,50,-0.08260400288511995,9.851122340889926,6.420786420209878,0.7767563610205963,0.7714722656672403,0.022168192452459882,0.0,0.06945924987840595,0.22161237516746948,41.62440872192383
707,random_graph,random_graph,1,1.0,4,256,0.2,1200,200,50,-0.08468460718182008,10.394385900571539,9.705456222946497,0.7725301705573793,0.7841745278299247,0.020711713225092805,0.0,0.07315920690724714,0.2175283447524921,38.44542694091797
707,random_graph,random_graph,1,1.0,7,256,0.2,1200,200,50,-0.08625235500711659,11.51827521627872,11.185848012413526,0.7737427029499693,0.763711581168164,0.023588871629333007,0.0,0.0675287069031831,0.21466839430940143,36.78417205810547
707,random_graph,random_graph,1,1.0,5,256,0.2,1200,200,50,-0.08547931720319193,10.704380421309473,10.66932004506793,0.7775812224089362,0.7617198001989953,0.024101831493107805,0.0,0.06885850107279218,0.2177672288961055,39.41489887237549
707,random_graph,random_graph,1,1.0,6,256,0.2,1200,200,50,-0.08559531599824963,12.00044310239254,9.729878501872044,0.7858263846349363,0.7978884237102616,0.023429586819242513,0.0,0.07038570287708054,0.21656754054337315,40.42669749259949
707,random_graph,random_graph,1,1.0,9,256,0.2,1200,200,50,-0.08436109094642635,11.47208139837607,7.52491559143798,0.7717862220420754,0.7729189699900182,0.020065239458777227,0.0,0.0743405121635779,0.2199445262704681,33.307440757751465
707,random_graph,random_graph,1,1.0,8,256,0.2,1200,200,50,-0.08443811255080966,11.222296580216879,7.794573155445096,0.7805903598599071,0.7829566098766824,0.022765205511807104,0.0,0.07735422989211212,0.21719555856422335,37.61917781829834
707,random_graph,random_graph,1,3.0,4,256,0.2,1200,200,50,-0.08863608117820965,10.23870518889968,8.151783195003148,0.9182065676331339,0.9170485459730701,0.020691994862794945,0.0,0.03785140179971707,0.21588804917282467,24.537832736968994
707,random_graph,random_graph,1,3.0,0,256,0.2,1200,200,50,-0.08736372468102377,11.280580189330571,7.714439100471373,0.9036170124440939,0.9016628530578314,0.024915444461321122,6.510416666666667e-06,0.03839884505098504,0.2182862539012129,34.23741030693054
707,random_graph,random_graph,1,3.0,7,256,0.2,1200,200,50,-0.08965377383645869,11.103600270014276,9.918993121594735,0.9105101278732531,0.9053529411320664,0.023570019429756475,0.0,0.035870087535244656,0.21338624858704275,26.359194040298462
707,random_graph,random_graph,1,3.0,1,256,0.2,1200,200,50,-0.08805929483278159,9.491462640437483,8.797122858108258,0.9153004002738975,0.9156920382482524,0.020458186383380383,0.0,0.036257144874471105,0.2183235304362109,35.86773133277893
707,random_graph,random_graph,1,3.0,3,256,0.2,1200,200,50,-0.08657518493755695,9.542241441930718,6.307369290434469,0.9164980589853451,0.9166099569777231,0.022155426323579256,0.0,0.03688016372874558,0.22005909143184568,33.334187507629395
707,random_graph,random_graph,1,3.0,6,256,0.2,1200,200,50,-0.0891336387497892,11.515084480625491,9.026059438685024,0.9197015703393353,0.9202468411984289,0.02342192145787207,0.0,0.036850514471747864,0.215287184418374,30.95013165473938
707,random_graph,random_graph,1,3.0,2,256,0.2,1200,200,50,-0.09030458663193641,10.378456886152637,8.230428651901843,0.9143623757987838,0.918695428245733,0.023096869773022114,4.2317708333333335e-05,0.03945898789374307,0.21147632427855428,38.94619131088257
707,random_graph,random_graph,1,3.0,8,256,0.2,1200,200,50,-0.08865693027528398,10.68538722482424,7.232921670290627,0.9172737261659254,0.9209193320419286,0.02272736906513783,6.510416666666667e-06,0.04007004686536161,0.21526762124492366,31.685201406478882
707,random_graph,random_graph,1,3.0,5,256,0.2,1200,200,50,-0.0891142950988815,10.445158955249829,9.775742767919631,0.9148760794086892,0.908382910914009,0.024074792361062036,0.0,0.03634698238807102,0.21636885807227998,35.930379152297974
707,random_graph,random_graph,1,3.0,9,256,0.2,1200,200,50,-0.08776482703024752,11.05288162959454,6.5587385688192,0.913460000186106,0.9133239646253204,0.020053209128179338,0.0,0.03927398555649043,0.2183911062971145,35.367204904556274
707,random_graph,random_graph,1,10.0,5,256,0.2,1200,200,50,-0.09091434547050355,9.952505005295807,7.877518857401976,0.9914987534759915,0.9860821629391813,0.0240735374953497,0.0004947916666666667,0.014030089404155234,0.21484351535251023,28.432390451431274
707,random_graph,random_graph,1,10.0,0,256,0.2,1200,200,50,-0.08930867936197283,10.05801286143908,6.001877014907182,0.9877677371402425,0.9901832456652313,0.02492188604320749,0.0006673177083333333,0.014743007362177731,0.21654509542807399,34.11653733253479
707,random_graph,random_graph,1,10.0,2,256,0.2,1200,200,50,-0.09252483516251364,9.933460948974266,6.4055148807272495,0.9911237681113033,0.9919052775303324,0.023107489915066372,0.0006770833333333334,0.015233315976002625,0.20937214156492837,34.93843722343445
707,random_graph,random_graph,1,10.0,1,256,0.2,1200,200,50,-0.08989293011932672,9.139129553693387,6.9650148307483395,0.9919803152004097,0.9856810780882963,0.020460318105009055,0.00048828125,0.014092672554424828,0.21662092156792068,36.54457211494446
707,random_graph,random_graph,1,10.0,4,256,0.2,1200,200,50,-0.09058626208166447,9.369298442087743,6.105201378067947,0.9907263305276126,0.9866055302349791,0.020705277546345616,0.000634765625,0.01450662946017431,0.21420763530400477,32.87962293624878
707,random_graph,random_graph,1,10.0,3,256,0.2,1200,200,50,-0.08854364806946981,8.869849119841843,5.288107325616232,0.9924091713964379,0.9953709895957079,0.02215518928819318,0.00044921875,0.014403903186085244,0.21837388366353588,35.560404777526855
707,random_graph,random_graph,1,10.0,6,256,0.2,1200,200,50,-0.09099088656147196,10.243976709639211,7.318600178570221,0.990347230539533,0.9911380219359652,0.023429891805722403,0.00047200520833333334,0.01422882183448792,0.2137620274582503,35.74404764175415
707,random_graph,random_graph,1,10.0,7,256,0.2,1200,200,50,-0.09148394277424324,9.981452083247678,7.429790635906186,0.9889038678599229,0.9889064676622045,0.023572005842787427,0.00038411458333333337,0.013936603848435012,0.21187151236593765,36.34927940368652
707,random_graph,random_graph,1,10.0,8,256,0.2,1200,200,50,-0.09085781275423122,9.687119984268863,6.495190015505003,0.9900918790864792,0.991434631438183,0.02272982710407892,0.0006835937500000001,0.015571261481352424,0.21319825488509242,33.51571488380432
707,random_graph,random_graph,1,15.0,0,256,0.2,1200,200,50,-0.08961322902365232,10.778419201415552,6.147438373757247,0.9876038177968153,0.9899267525858976,0.024948746278161536,0.0010319010416666666,0.010796330082170543,0.21620167601093188,35.03779625892639
707,random_graph,random_graph,1,10.0,9,256,0.2,1200,200,50,-0.08970948544465557,9.944363643698113,5.002623675170784,0.9906025439712368,0.9941012944241059,0.020060242091452102,0.0005143229166666667,0.015276302362305283,0.21664022763207066,36.31038427352905
707,random_graph,random_graph,1,15.0,2,256,0.2,1200,200,50,-0.09282261890674227,11.134448526810132,7.105037362950539,0.991026313777435,0.9918612709521447,0.023152309122944408,0.0011751302083333334,0.011134989990379653,0.20894464938362597,34.65621566772461
707,random_graph,random_graph,1,15.0,1,256,0.2,1200,200,50,-0.09021041554695367,10.238378220059987,7.416864581455801,0.9918835113059936,0.9855541013321478,0.02048675026386119,0.0007226562500000001,0.01035414550294366,0.2162671555695507,35.13468408584595
707,random_graph,random_graph,1,15.0,5,256,0.2,1200,200,50,-0.09120977855712925,11.25714397347559,7.974367908682406,0.991358039997701,0.9857267316276783,0.02410126557579683,0.0007194010416666667,0.010336841545060019,0.21454376459359123,27.20582151412964
707,random_graph,random_graph,1,15.0,4,256,0.2,1200,200,50,-0.09088925527683954,10.92173535479973,7.713250584828095,0.9905838367841668,0.9865304080087364,0.020752747992580204,0.0008496093750000001,0.010888023302704808,0.21390154496298747,33.376063108444214
707,random_graph,random_graph,1,15.0,7,256,0.2,1200,200,50,-0.09180233958078249,10.963609089845306,7.2296295128055545,0.9888043960690422,0.9888932325503329,0.023599852294116888,0.0006217447916666667,0.010226323173502255,0.21154998038175857,26.561210870742798
707,random_graph,random_graph,1,15.0,3,256,0.2,1200,200,50,-0.0888717888966992,9.961211919820844,6.924281715629953,0.9924115794795092,0.9951313595355952,0.022185648566371428,0.0007063802083333334,0.010571271462140359,0.2180378417902984,37.63409614562988
707,random_graph,random_graph,1,15.0,8,256,0.2,1200,200,50,-0.09123772055099089,11.074172021524891,8.130579646651487,0.9900450116410425,0.9913068084432564,0.022782045058609098,0.0009602864583333334,0.011620984178113362,0.2127866334098535,26.937389850616455
707,random_graph,random_graph,1,15.0,6,256,0.2,1200,200,50,-0.09132008087253897,11.185463143553712,7.923137974807472,0.9900751844397961,0.9908861504247255,0.023464690219944868,0.0006868489583333334,0.010626772714538182,0.21344058000639263,31.72269582748413
707,random_graph,random_graph,1,15.0,9,256,0.2,1200,200,50,-0.09005337941267101,10.536839108623301,5.960969747523446,0.9904633222754416,0.993918728656892,0.02009736786980387,0.0007356770833333334,0.011262221179583306,0.2162846142053434,32.507195711135864
707,random_graph,random_graph,1,20.0,1,256,0.2,1200,200,50,-0.027236393370432647,24.15058015961529,12.971072863812395,0.9928410779644606,0.9848561307196096,0.022267906304698652,0.24095052083333335,0.043875683853749875,0.23301522334517769,31.731075763702393
707,random_graph,random_graph,1,20.0,0,256,0.2,1200,200,50,-0.03440323418143203,23.93394333314295,10.607375826627491,0.9904312837058258,0.9904442878851901,0.025142660094413585,0.238876953125,0.045252268689545794,0.2343208321958199,33.05169749259949
707,random_graph,random_graph,1,20.0,3,256,0.2,1200,200,50,-0.009972076573652339,24.066588020352626,9.034758830108142,0.993696863517308,0.9934921011141439,0.025953955447669392,0.24006184895833335,0.04388986456682862,0.23443883600608667,33.67317295074463
707,random_graph,random_graph,1,20.0,2,256,0.2,1200,200,50,-0.02944835640201895,25.676081469091265,10.604134084570896,0.9933603251247978,0.9916667166125198,0.02453026322100567,0.25347981770833333,0.045811665526825814,0.22753208305690012,35.46530199050903
707,random_graph,random_graph,1,20.0,4,256,0.2,1200,200,50,-0.01822855799253402,24.865670124070608,11.487301883154073,0.9928868160303599,0.9871117666022106,0.0252870946796886,0.25017903645833334,0.04517638709203442,0.23240694377869794,34.74916172027588
707,random_graph,random_graph,1,20.0,7,256,0.2,1200,200,50,-0.03332673050893614,24.548913019786237,13.157814330316665,0.9906723474714358,0.9903389819025631,0.024162220927801747,0.25771484375000003,0.04583160811339024,0.2302805488831308,29.831357717514038
707,random_graph,random_graph,1,20.0,5,256,0.2,1200,200,50,-0.01726685960825225,25.63016099217896,10.101223864667528,0.9932525499761812,0.988039882659825,0.024224414032782082,0.251533203125,0.04498821729853685,0.23291811346660338,33.350210666656494
707,random_graph,random_graph,1,20.0,6,256,0.2,1200,200,50,-0.05103586450278697,24.872014435146948,12.737759089392432,0.99180478029372,0.9911081098229835,0.024135025621818292,0.2604524739583334,0.045779978003062674,0.2316500085038792,33.21003603935242
707,random_graph,random_graph,1,20.0,9,256,0.2,1200,200,50,-0.04750669393381939,24.291840176806065,11.639208712003622,0.9922319195777706,0.993669628243861,0.023595681176204135,0.24839192708333335,0.04530500482765518,0.23463594018926107,33.471293449401855
707,random_graph,random_graph,1,20.0,8,256,0.2,1200,200,50,-0.040037906048690855,25.678595264210635,11.69442187229053,0.9925451832443504,0.9916215400520534,0.026675199280321315,0.25635091145833333,0.04589079115215704,0.23171267873373252,34.98488807678223
707,random_graph,random_graph,1,25.0,0,256,0.2,1200,200,50,-0.055941050163733276,31.89358829019846,14.389420511956638,0.991554910119436,0.9891799062559905,0.028875333492469672,0.39373046875,0.06116455631926573,0.2751014111919249,33.04010987281799
707,random_graph,random_graph,1,25.0,1,256,0.2,1200,200,50,-0.04840730852879763,31.51661558673981,15.125378943836576,0.9931434495817995,0.9822248806128753,0.02439310472651761,0.3968815104166667,0.06101327834757206,0.2749632527455466,31.397279262542725
707,random_graph,random_graph,1,25.0,2,256,0.2,1200,200,50,-0.05021220878996453,32.91129754037661,14.123375447885367,0.9942906688719507,0.9902993912245245,0.027028325352027174,0.391220703125,0.06190179394639449,0.26895727803239755,37.97108268737793
707,random_graph,random_graph,1,25.0,6,256,0.2,1200,200,50,-0.05866113369569395,31.914738770220374,15.37450238789448,0.9929187757754773,0.9904291282850662,0.026522427641407033,0.39676106770833336,0.061430151881448326,0.2718310184773095,31.27925157546997
707,random_graph,random_graph,1,25.0,7,256,0.2,1200,200,50,-0.06312043173779995,31.681852453862554,16.204575705708923,0.9915998656340139,0.9883836403699406,0.030047393114796542,0.40505208333333337,0.06404250293856362,0.27459937132387685,30.71451473236084
707,random_graph,random_graph,1,25.0,4,256,0.2,1200,200,50,-0.05428996480135593,32.49731296501514,10.346512470655266,0.994171112369601,0.980555211837614,0.02799602264131028,0.391904296875,0.06130067733525144,0.2738224951726895,35.68449068069458
707,random_graph,random_graph,1,25.0,3,256,0.2,1200,200,50,-0.04613764442817504,31.82904518306309,15.146479766868566,0.994297577271158,0.9913661382350173,0.02753508283185865,0.3966015625,0.06160251885599766,0.27822386983615,38.18572688102722
707,random_graph,random_graph,1,25.0,5,256,0.2,1200,200,50,-0.06054449413366207,32.59794408124311,13.569410133355095,0.9939326738450448,0.9871951442968018,0.027249264080960907,0.4016373697916667,0.0626791715906776,0.2754455358839085,32.720497608184814
707,random_graph,random_graph,1,25.0,9,256,0.2,1200,200,50,-0.04177747300626106,31.62446804156638,14.673938246864232,0.9931900798768828,0.9909373546104816,0.025991548679830955,0.3895475260416667,0.06093915371525063,0.2760364723480193,31.726374864578247
707,random_graph,random_graph,1,25.0,8,256,0.2,1200,200,50,-0.05086727964792127,32.972321241001666,14.588698761950276,0.9926494080749426,0.9902207635696222,0.029216993396971636,0.39375976562500004,0.06152262215272502,0.27278703354118283,32.43054699897766
707,random_graph,random_graph,1,30.0,3,256,0.2,1200,200,50,0.039485798982716334,35.54779276086526,10.017267682463237,0.990410519555216,0.9661166933886497,0.031227574441345447,0.4474967447916667,0.07243769191873986,0.32212082092911765,28.749809741973877
707,random_graph,random_graph,1,30.0,1,256,0.2,1200,200,50,0.04399427416838108,35.39429192799505,14.924335841607828,0.9866879740060236,0.9586392187055006,0.031190761725350173,0.45381835937500004,0.07320364939348031,0.32136656121996665,29.62786841392517
707,random_graph,random_graph,1,30.0,0,256,0.2,1200,200,50,0.04250325694798013,35.08189794768734,9.758756944780709,0.9876214427691358,0.9257823842336715,0.032606328451586286,0.44897135416666667,0.0730800663264192,0.32334257687720597,32.608500719070435
707,random_graph,random_graph,1,30.0,4,256,0.2,1200,200,50,0.06035494428271928,35.46741473722943,11.829645104691256,0.9874745489564591,0.9638670220575171,0.03198070857278605,0.43813476562500003,0.07256206729853129,0.3190106110174794,27.792122840881348
707,random_graph,random_graph,1,30.0,2,256,0.2,1200,200,50,0.06439867888533743,35.64267778308009,12.179579830457525,0.9876063323698934,0.9246270737605428,0.03256124605922334,0.4617350260416667,0.07472110486883343,0.31446225334322764,32.84993362426758
707,random_graph,random_graph,1,30.0,6,256,0.2,1200,200,50,0.05117402991301314,34.89575196173965,14.643352058100797,0.9867566835279464,0.9754321313749693,0.0307912962750863,0.4521940104166667,0.07458850211269936,0.3206229890547951,30.44949507713318
707,random_graph,random_graph,1,30.0,7,256,0.2,1200,200,50,0.0517724773056415,35.37313747674045,13.145690955452428,0.9840637723248098,0.9602317405487294,0.03165117509890495,0.45596028645833336,0.07400766155254375,0.3180534749165094,33.92719125747681
707,random_graph,random_graph,1,30.0,5,256,0.2,1200,200,50,0.050664794828410575,36.25021351185328,5.253587823868862,0.9908217729736939,0.871564181764206,0.03202962486573585,0.4458268229166667,0.07330053176795202,0.32107629475109295,35.693400621414185
707,random_graph,random_graph,1,30.0,8,256,0.2,1200,200,50,0.04885176512717381,36.033453497734214,13.478246809300702,0.9871357256634794,0.9708639895928595,0.031483062810904516,0.45969075520833336,0.07456985702415166,0.3192783033083616,31.168553829193115
707,random_graph,random_graph,1,30.0,9,256,0.2,1200,200,50,0.045597902047712094,35.48941678896946,12.741655212032157,0.9880973982187108,0.9715428124885629,0.030423899122931263,0.44608723958333335,0.0732186625399338,0.3226415506144391,31.145915269851685
707,random_graph,random_graph,1,50.0,0,256,0.2,1200,200,50,0.39416283629083293,32.91393207836375,3.219619299848635,0.9555833330140578,0.8963367786477602,0.04291744514779787,0.6986295572916668,0.08534690917896477,0.38124422376647743,31.629395008087158
707,random_graph,random_graph,1,50.0,1,256,0.2,1200,200,50,0.3904910141897251,32.874146449852454,3.0148416256726662,0.9617199208206663,0.8835661250545126,0.03729925123576775,0.6952897135416667,0.08496059939485316,0.3843580790433705,34.03662347793579
707,random_graph,random_graph,1,50.0,2,256,0.2,1200,200,50,0.4032873344465531,32.54543269658055,3.563912224768569,0.9652920205268382,0.8739946062616034,0.042069561698288745,0.6812825520833333,0.0852025156854478,0.3735420252211674,37.212525367736816
707,random_graph,random_graph,1,50.0,3,256,0.2,1200,200,50,0.38682086644459707,32.137869436250185,3.359583985667779,0.9662676795574298,0.9014579327380953,0.039217087682575195,0.7023697916666667,0.08523508627495498,0.3882596007859321,39.005619287490845
707,random_graph,random_graph,1,50.0,6,256,0.2,1200,200,50,0.3821775910962092,32.87699920499558,4.5522452846549815,0.9645589400503187,0.9038050837018667,0.041422710061253115,0.71078125,0.08710870695902674,0.38324385921560766,33.552852153778076
707,random_graph,random_graph,1,50.0,4,256,0.2,1200,200,50,0.3855567074077748,33.90875138838291,3.249526539372985,0.9615023131158915,0.8827332616208097,0.039960070372995544,0.6932194010416667,0.0855549283479138,0.3807217075330294,38.75310444831848
707,random_graph,random_graph,1,50.0,5,256,0.2,1200,200,50,0.37745484622355413,33.00971865084672,3.9012347258002062,0.962683630904375,0.896516635219801,0.04191438209028508,0.7145963541666667,0.08781144593874192,0.38620880490561443,41.91761755943298
707,random_graph,random_graph,1,50.0,9,256,0.2,1200,200,50,0.3972565130990219,32.337546897112716,4.641211508521466,0.9577981929637164,0.9131746671563215,0.03897822598779757,0.6986881510416667,0.08543749307563792,0.38289392046626985,36.35460090637207
707,random_graph,random_graph,1,50.0,7,256,0.2,1200,200,50,0.3845592801484441,33.48632031321769,4.3486282557048765,0.9530726193372051,0.8832301936354303,0.04134011848799284,0.69884765625,0.08700459092906221,0.3818661038289164,39.58786201477051
707,random_graph,random_graph,1,50.0,8,256,0.2,1200,200,50,0.39241336643941915,33.00340433738391,3.0139943695408444,0.9634111907479288,0.8762528030583415,0.03995875760550058,0.6829752604166667,0.08469634191618484,0.3768913333558724,37.794914960861206
707,random_graph,random_graph,1,100.0,2,256,0.2,1200,200,50,0.6427336717084634,32.22664823556722,1.7537402132065916,0.9337786090220052,0.7485045329577816,0.04463340536074472,0.8317805989583333,0.0835932543433509,0.39312432258118757,33.32901120185852
707,random_graph,random_graph,1,100.0,0,256,0.2,1200,200,50,0.6519860229171738,32.494805912838075,2.153563753840551,0.9368845401667087,0.659006690377368,0.045421167902212574,0.8272884114583334,0.08304751228166676,0.3999017278212383,40.854156732559204
707,random_graph,random_graph,1,100.0,1,256,0.2,1200,200,50,0.6379699070575575,32.12604387213676,2.227204433495581,0.9384435910297796,0.7467727554552774,0.04089769673412078,0.8360644531250001,0.084542666813866,0.4049169239450772,37.94357419013977
707,random_graph,random_graph,1,100.0,3,256,0.2,1200,200,50,0.6352338755809107,32.51418380744401,2.6746670496793734,0.9424913016842488,0.74762062700014,0.042566279722409936,0.8361653645833333,0.08308901577747269,0.4048527547062755,36.89911341667175
707,random_graph,random_graph,1,100.0,4,256,0.2,1200,200,50,0.6422313434603004,32.558708651098044,2.5624501274961777,0.9276502022038962,0.8083695354466606,0.041002660310859196,0.8379557291666667,0.08454503052876307,0.4000204702115158,41.606889724731445
707,random_graph,random_graph,1,100.0,5,256,0.2,1200,200,50,0.6434222788059629,31.921876078533007,2.1078350851289067,0.9297175731768372,0.7381904056361109,0.04490245606003418,0.8399479166666667,0.08488815036434946,0.40099646240553266,39.94208073616028
707,random_graph,random_graph,1,100.0,6,256,0.2,1200,200,50,0.6389122472697757,32.413243380857274,2.7427940383135363,0.9472045651169747,0.854032488537006,0.04376059062871452,0.83556640625,0.08426578083479419,0.39895316986247487,43.23371386528015
707,random_graph,random_graph,1,100.0,7,256,0.2,1200,200,50,0.6345222649932237,32.6617534695597,1.6590760882227944,0.9213938114229354,0.7786213275280837,0.044833356619591945,0.839697265625,0.08464838549873743,0.3985344374490039,42.448623180389404
707,random_graph,random_graph,1,100.0,8,256,0.2,1200,200,50,0.6592097930062216,33.05692227226652,1.8157733880908684,0.9483870720642371,0.7950196354205462,0.04338077131510743,0.8270768229166667,0.08302964776831764,0.3986844502339075,49.38634753227234
707,random_graph,random_graph,1,100.0,9,256,0.2,1200,200,50,0.6574803589601688,32.29308627930911,2.570628095180341,0.9340727049192445,0.8356589013468015,0.03991165066143086,0.8291764322916667,0.08322806591238861,0.3994480997367393,47.6940701007843
808,random_graph,random_graph,1,0.1,2,256,0.2,1200,200,50,-0.05602553942095195,10.711610936227443,9.471305687414993,0.6865491697724839,0.672989813065944,0.023097752657281284,0.0,0.12895218248633555,0.2145744811608085,34.93101167678833
808,random_graph,random_graph,1,0.1,0,256,0.2,1200,200,50,-0.06916093051993656,11.949285422493533,8.928634987540333,0.6545876473665133,0.6544316484389833,0.02494006609270177,0.0,0.1310418120723791,0.22122580425789565,42.019559383392334
808,random_graph,random_graph,1,0.1,4,256,0.2,1200,200,50,-0.06934334988827719,10.146447836694186,10.230166671960532,0.6561345547246814,0.6677330961601857,0.020658904672884004,0.0,0.12675301884931467,0.2183770063562779,37.0794677734375
808,random_graph,random_graph,1,0.1,1,256,0.2,1200,200,50,-0.06810793749673553,9.438949944913277,9.385343568805864,0.67674618137045,0.6810930333628472,0.020406079207528332,0.0,0.12631813544250828,0.22075892791883167,44.327924966812134
808,random_graph,random_graph,1,0.1,5,256,0.2,1200,200,50,-0.06889306877322585,10.623554690893776,10.831081511644078,0.6786396386392067,0.6631461092933654,0.024040842841031487,0.0,0.12248658801113849,0.21830136193783978,42.65407609939575
808,random_graph,random_graph,1,0.1,6,256,0.2,1200,200,50,-0.06753377232761838,11.850616807721163,9.532207498475485,0.6869365213497752,0.7070200176154748,0.023341197980530966,0.0,0.12373345575049231,0.2169156849898991,38.70569944381714
808,random_graph,random_graph,1,0.1,3,256,0.2,1200,200,50,-0.0646105704108981,9.476025343401888,5.904700544958703,0.6751158684623763,0.6671724999417756,0.022109581497745067,0.0,0.12957181243521398,0.22243953402225145,43.58361768722534
808,random_graph,random_graph,1,0.1,7,256,0.2,1200,200,50,-0.07102701825587107,11.359256809854342,11.385867850171651,0.6682415047993139,0.6659493960371438,0.023518401626194622,0.0,0.12047660543837138,0.2150635885351141,43.038613080978394
808,random_graph,random_graph,1,0.1,8,256,0.2,1200,200,50,-0.06697606482778173,10.940624097011494,7.837370883204032,0.6827553640534847,0.681324252683679,0.02272538946032831,0.0,0.14198688551949898,0.2182602726777593,44.384166955947876
808,random_graph,random_graph,1,0.1,9,256,0.2,1200,200,50,-0.06848005839369664,11.440650505498155,7.649692314751918,0.6666877148087194,0.6696767571202444,0.019984994798370657,0.0,0.13280471803674798,0.22057459802195564,42.4755494594574
808,random_graph,random_graph,1,0.3,1,256,0.2,1200,200,50,-0.07455153708886385,9.543680407257714,9.460915864810987,0.7011159443762531,0.7040496423445181,0.020434461162644205,0.0,0.10743182916234852,0.2205647503147967,39.38963580131531
808,random_graph,random_graph,1,0.3,0,256,0.2,1200,200,50,-0.07561343146925452,11.97542584601203,8.9110531842137,0.6812204120593903,0.6796321196183724,0.024987616477727705,0.0,0.11147915090750488,0.22130190978973052,42.56065106391907
808,random_graph,random_graph,1,0.3,2,256,0.2,1200,200,50,-0.0605894760564103,10.845781615331507,9.621192813379007,0.7094581698895781,0.6998117597102974,0.023120144163135115,0.0,0.11031013664481841,0.21434380910130554,43.247835874557495
808,random_graph,random_graph,1,0.3,3,256,0.2,1200,200,50,-0.0705607411711357,9.609102057953006,6.120004595029773,0.7019326164410844,0.694729591550672,0.022156761093127916,0.0,0.10994837683327408,0.22247005297454842,43.136343240737915
808,random_graph,random_graph,1,0.3,6,256,0.2,1200,200,50,-0.07424642519746168,11.927458655651904,9.61049014632252,0.7076986440783782,0.7281789751301042,0.02337412916568756,0.0,0.10527514218238203,0.21683316377223869,35.12939691543579
808,random_graph,random_graph,1,0.3,5,256,0.2,1200,200,50,-0.07530489210173828,10.705210583759829,10.870945636586493,0.7057213688207551,0.6885509800136522,0.02407288559502086,0.0,0.10458648385664235,0.21824352464496344,39.243263244628906
808,random_graph,random_graph,1,0.3,4,256,0.2,1200,200,50,-0.07570674499080254,10.204742792102707,10.121821646350659,0.6808089883539676,0.6937804444216551,0.020691654617079096,0.0,0.10801361718637227,0.21831228762277846,41.63286280632019
808,random_graph,random_graph,1,0.3,9,256,0.2,1200,200,50,-0.0743605313319178,11.545066172062985,7.704061557311731,0.6942450744433573,0.6974441899426342,0.02002681578959975,0.0,0.11354433492462794,0.22053939620772722,37.43125319480896
808,random_graph,random_graph,1,0.3,7,256,0.2,1200,200,50,-0.07776555503797296,11.406071358238284,11.375847605251241,0.696142560231783,0.6906496866773277,0.02355167954775082,0.0,0.10273250831816896,0.21500866641112976,42.175978899002075
808,random_graph,random_graph,1,1.0,3,256,0.2,1200,200,50,-0.08306613997681557,9.78850671693627,6.373629579172207,0.7807646953056848,0.7759509943522623,0.022190521008364588,0.0,0.07313064030099742,0.22185187347024402,33.64683961868286
808,random_graph,random_graph,1,0.3,8,256,0.2,1200,200,50,-0.07340245131338693,11.057431992456285,7.877019957843701,0.7042400404189778,0.7030906039240985,0.022778436326411782,0.0,0.12049923966749525,0.21834525151215906,44.54518175125122
808,random_graph,random_graph,1,1.0,1,256,0.2,1200,200,50,-0.08504092062723356,9.694027985050726,9.540623799686854,0.7747190158754512,0.7768628175123515,0.02045056605005578,0.0,0.07132846161355047,0.21959430216953532,39.8547945022583
808,random_graph,random_graph,1,1.0,0,256,0.2,1200,200,50,-0.08348703017751048,11.831478837601942,8.603277496297249,0.7642922515185496,0.7597318317176944,0.025022323410834442,0.0,0.0743273524158786,0.2208719589603936,40.34092736244202
808,random_graph,random_graph,1,1.0,2,256,0.2,1200,200,50,-0.08240154420418337,10.991745813638586,9.679820468163904,0.7811369612874858,0.7823115079452398,0.023105493577300816,0.0,0.07413137425359613,0.21313275099617313,39.36689519882202
808,random_graph,random_graph,1,1.0,4,256,0.2,1200,200,50,-0.08477287749802179,10.243159965025791,9.558100254344867,0.7614853497696658,0.7733764201483844,0.020713424893246506,0.0,0.07193404119016704,0.21760824805454368,36.475892066955566
808,random_graph,random_graph,1,1.0,5,256,0.2,1200,200,50,-0.08540054356678284,10.755846008391451,10.713260046485354,0.7847956772064796,0.7692526323039159,0.02408535736062539,0.0,0.06993214476916822,0.21756521117710065,41.089815616607666
808,random_graph,random_graph,1,1.0,6,256,0.2,1200,200,50,-0.08619953108722245,11.840921908466045,9.588854239334982,0.7779549132908524,0.7911145156145479,0.023396144890668418,0.0,0.06990025344508455,0.2161099842780001,40.988943576812744
808,random_graph,random_graph,1,1.0,7,256,0.2,1200,200,50,-0.08685603913036101,11.375201594831218,10.98464542625005,0.7779956763738585,0.7678084034947054,0.0235695399656315,0.0,0.06863801012576373,0.21435803563278086,42.497204065322876
808,random_graph,random_graph,1,1.0,8,256,0.2,1200,200,50,-0.08415347120451933,11.100982109236606,7.705914163085325,0.7731768485450466,0.7753165181372421,0.02281108474611758,0.0,0.07955361745831578,0.2177590841536712,41.94292163848877
808,random_graph,random_graph,1,3.0,1,256,0.2,1200,200,50,-0.08844661323152823,9.49992985522052,8.824906686168184,0.9122253582196713,0.9127573499774002,0.020434582908761045,3.2552083333333335e-06,0.037053263373386915,0.2178277481722791,37.716856718063354
808,random_graph,random_graph,1,1.0,9,256,0.2,1200,200,50,-0.08404399202689643,11.690446822936646,7.68472982408016,0.7758939851818907,0.7765724706541879,0.0200666506017663,0.0,0.07604600967886158,0.21988564891987258,44.16959500312805
808,random_graph,random_graph,1,3.0,0,256,0.2,1200,200,50,-0.08685796994010914,11.12518329363197,7.542236428263062,0.9068490202165425,0.9050846816872696,0.025002042227834524,0.0,0.0386973408403996,0.219625169005088,39.85217642784119
808,random_graph,random_graph,1,3.0,2,256,0.2,1200,200,50,-0.09082610694794883,10.317798082296077,8.142700781952325,0.9155714351621577,0.9196509281732069,0.023053915335223687,5.533854166666667e-05,0.03894296404312755,0.21085698988401802,39.27177405357361
808,random_graph,random_graph,1,3.0,4,256,0.2,1200,200,50,-0.08855960777927348,10.116375897942994,8.04875106059962,0.9075868438626682,0.9069556249884866,0.020696636515160724,0.0,0.03747870509627518,0.2160565585967783,39.523348331451416
808,random_graph,random_graph,1,3.0,5,256,0.2,1200,200,50,-0.0891713580572081,10.434020520520217,9.719154535083288,0.9200798945768792,0.9135842190681285,0.02405678121190463,0.0,0.036506381393248306,0.21605608331855422,36.11255240440369
808,random_graph,random_graph,1,3.0,3,256,0.2,1200,200,50,-0.08670364101346954,9.265388390052838,6.031161066156217,0.9183743800388157,0.918856646472509,0.022165765844877998,6.510416666666667e-06,0.038163621829011306,0.2202921053390101,40.8688280582428
808,random_graph,random_graph,1,3.0,6,256,0.2,1200,200,50,-0.08957009328515918,11.30505197035289,8.858500914568396,0.9143857168046028,0.9152555269432652,0.023388024226608198,0.0,0.03661036887537185,0.2146055211663467,38.76576328277588
808,random_graph,random_graph,1,3.0,8,256,0.2,1200,200,50,-0.0882672711638726,10.711165615357784,7.247728836319657,0.9133370482666412,0.9170626384398131,0.02277827393720377,0.0,0.041013777563247165,0.21611720887533353,39.17481470108032
808,random_graph,random_graph,1,3.0,7,256,0.2,1200,200,50,-0.09003823136800242,10.838528332537003,9.55144792746432,0.9140137129677327,0.9090884379684486,0.023549379738341595,0.0,0.03611945513758821,0.21292465001351793,41.548380613327026
808,random_graph,random_graph,1,3.0,9,256,0.2,1200,200,50,-0.08767179491678316,11.240047849804029,6.724941529667817,0.9150581052429217,0.9147857444963347,0.020059962027484356,0.0,0.03983278712163774,0.2183569792427948,42.13134813308716
808,random_graph,random_graph,1,10.0,0,256,0.2,1200,200,50,-0.08863886321398894,9.995327820572763,5.944191058833323,0.9878602958218736,0.9902558685955676,0.02499322803495003,0.00060546875,0.014853311579344627,0.21820723021780106,39.72944188117981
808,random_graph,random_graph,1,10.0,3,256,0.2,1200,200,50,-0.08852886762778515,8.59972026786964,4.978215754448698,0.9924117979141794,0.9954013262151824,0.02215920380361346,0.0005078125,0.014661453378223556,0.21860978671201445,31.436506748199463
808,random_graph,random_graph,1,10.0,1,256,0.2,1200,200,50,-0.09018391591138634,9.030861777934826,6.9172063850106,0.991986633757408,0.9856718135586715,0.020446526972509652,0.0005240885416666667,0.014190556469805772,0.2160809071469831,41.191773414611816
808,random_graph,random_graph,1,10.0,2,256,0.2,1200,200,50,-0.09301510793974106,9.862516004200035,6.292323923973596,0.9910819883662589,0.99186298874852,0.02306771919290419,0.0007096354166666667,0.015150778740629608,0.20854283876634094,38.093424797058105
808,random_graph,random_graph,1,10.0,4,256,0.2,1200,200,50,-0.09050409041941146,9.42521898615991,6.183350350788723,0.9906882474227778,0.9865367050867923,0.020705356347545018,0.000615234375,0.014451361001145453,0.2143932032845847,32.303351163864136
808,random_graph,random_graph,1,10.0,6,256,0.2,1200,200,50,-0.09136201851924784,10.074088422986877,7.158742693531632,0.9903318904875521,0.9911407146795644,0.023406806379747055,0.00047851562500000005,0.014142703446987174,0.21297979249074872,29.501049518585205
808,random_graph,random_graph,1,10.0,7,256,0.2,1200,200,50,-0.09174867130450749,9.688650380486857,7.075180538584484,0.9888777634237712,0.98890443852839,0.023560027082719627,0.00041015625000000004,0.013975269737868761,0.21138599651765,34.44974231719971
808,random_graph,random_graph,1,10.0,8,256,0.2,1200,200,50,-0.0904012920106282,9.777198517358764,6.5741679345181465,0.9901238105846605,0.9914695841618983,0.022773588782403792,0.0006575520833333333,0.015735424931463765,0.21428499359119993,32.673441886901855
808,random_graph,random_graph,1,10.0,5,256,0.2,1200,200,50,-0.09105461850216796,10.046531071231055,7.904358160724552,0.9914980100418874,0.9860337169585015,0.024058870688943378,0.0004947916666666667,0.014056315288738186,0.2144382475546326,38.49844670295715
808,random_graph,random_graph,1,15.0,1,256,0.2,1200,200,50,-0.09046926153516874,10.075353244357666,7.241707084681031,0.9918491618541123,0.9855247570104493,0.020475633543633416,0.0008072916666666668,0.010366571849511688,0.215730811652679,30.531867265701294
808,random_graph,random_graph,1,10.0,9,256,0.2,1200,200,50,-0.08967399672761038,10.01473386338855,5.069922011472157,0.9906072873491798,0.994136821192753,0.020067628817481576,0.0005045572916666667,0.015310892659602992,0.2166528603672919,36.17466711997986
808,random_graph,random_graph,1,15.0,0,256,0.2,1200,200,50,-0.08892697515316418,10.722127501801411,6.116025582636656,0.9876377123910992,0.9899737103146584,0.025015962079692283,0.0008496093750000001,0.010924295901781263,0.2179230950221501,36.57368516921997
808,random_graph,random_graph,1,15.0,2,256,0.2,1200,200,50,-0.09333189019400022,11.175673056043802,7.054365215034993,0.9910118590438538,0.9918582848414533,0.02311607829738319,0.0014388020833333334,0.011150732996070027,0.2080723623992518,33.77151346206665
808,random_graph,random_graph,1,15.0,4,256,0.2,1200,200,50,-0.0908212637430252,10.469108701415065,7.220003513880022,0.9906091997873917,0.9865430841723118,0.020741557867205624,0.0008268229166666667,0.01070175666145275,0.2140622626391508,30.549636125564575
808,random_graph,random_graph,1,15.0,3,256,0.2,1200,200,50,-0.08882275872780994,9.841639021762767,6.2493719465185436,0.992382877776459,0.9951011992457126,0.022196975833165624,0.0011100260416666667,0.010797732744582551,0.21829271329270195,37.11240863800049
808,random_graph,random_graph,1,15.0,6,256,0.2,1200,200,50,-0.09167674713757765,10.748519147263833,7.53998827551375,0.9899591764659658,0.9907860567591417,0.02344154070709854,0.0007486979166666667,0.01047986677930218,0.21264024097138032,34.50489115715027
808,random_graph,random_graph,1,15.0,5,256,0.2,1200,200,50,-0.09136596746555573,11.633643539456175,8.128065286027578,0.9914392794737534,0.9858485821116431,0.024090775878660355,0.0007291666666666667,0.010512313968513473,0.21412660913461826,37.49922037124634
808,random_graph,random_graph,1,15.0,7,256,0.2,1200,200,50,-0.09204477168445696,10.57266399557457,6.832526950860227,0.9887371808936266,0.9888372122018982,0.023593041406269173,0.0006803385416666667,0.010326169188147726,0.21108304640567926,31.444206476211548
808,random_graph,random_graph,1,15.0,9,256,0.2,1200,200,50,-0.09001389591132342,10.514293659023895,5.851505567588823,0.990488642516086,0.9939605939407796,0.020104922220129436,0.000751953125,0.011216423612248982,0.2163096032143635,29.34010338783264
808,random_graph,random_graph,1,15.0,8,256,0.2,1200,200,50,-0.09076025385816827,10.974894724643981,8.078635712747456,0.9900858549598556,0.9913576155892838,0.02281868980911135,0.0009179687500000001,0.011688018445326857,0.21392110738534148,31.59726905822754
808,random_graph,random_graph,1,20.0,0,256,0.2,1200,200,50,-0.04022017185949052,23.943861548508476,10.613992994098586,0.9905114005017391,0.9907277595216857,0.025035337020581853,0.2449088541666667,0.045474265640952076,0.23587674863919295,35.12873411178589
808,random_graph,random_graph,1,20.0,1,256,0.2,1200,200,50,-0.026358458517793927,24.058532453647985,13.893438245649557,0.9929507094892152,0.984763841521836,0.02150519307758054,0.25018229166666667,0.04450556849758583,0.23261179907288426,33.76753854751587
808,random_graph,random_graph,1,20.0,5,256,0.2,1200,200,50,-0.056556962915002534,24.973673822568312,12.107235796483828,0.9930006214470519,0.9889588254998346,0.024004746945022443,0.26489908854166666,0.04683319690126713,0.23292099000446814,25.514548778533936
808,random_graph,random_graph,1,20.0,9,256,0.2,1200,200,50,-0.032517606335689564,24.913428470406554,9.875751157288834,0.9923104003436933,0.993752765324124,0.024651130875062256,0.23329752604166668,0.043924289649121984,0.23277216265609746,23.412415504455566
808,random_graph,random_graph,1,20.0,3,256,0.2,1200,200,50,-0.02432122150496259,25.003224499754687,12.49431827110006,0.994153884309299,0.9941153258446193,0.025634265356089803,0.2308951822916667,0.04398800067510063,0.23477001253172508,33.29257583618164
808,random_graph,random_graph,1,20.0,2,256,0.2,1200,200,50,-0.02542490217842895,24.76374540680257,10.60449806844091,0.9932649415351458,0.9917261312188413,0.02496008407118096,0.2543815104166667,0.045436461647409825,0.2257530828642658,36.324307680130005
808,random_graph,random_graph,1,20.0,6,256,0.2,1200,200,50,-0.026810767554291466,25.1482365976178,11.384951638708761,0.9918404804236862,0.9914241497589725,0.02402906218443858,0.2443619791666667,0.04527726272860674,0.2293563872978835,30.971425771713257
808,random_graph,random_graph,1,20.0,4,256,0.2,1200,200,50,-0.012426415851320845,25.698591233464356,11.87759220698146,0.9928527901839946,0.9865424073603337,0.022184524247036094,0.24082682291666668,0.04414940421893293,0.2310896651183388,36.33709669113159
808,random_graph,random_graph,1,20.0,8,256,0.2,1200,200,50,-0.019979331935465937,26.141173196109065,10.943052655998482,0.9924968384098916,0.9914207076083992,0.025972373787493924,0.22611979166666668,0.04330074386687721,0.23000077549102826,31.314563751220703
808,random_graph,random_graph,1,20.0,7,256,0.2,1200,200,50,-0.02227949581753631,24.56417821583179,10.868477034436951,0.9905227682026939,0.9897535775816615,0.024088552226554153,0.25428385416666666,0.045224890864607896,0.2286638162534686,35.188905477523804
808,random_graph,random_graph,1,25.0,1,256,0.2,1200,200,50,-0.043894166143935875,31.56875322329227,15.713907179188434,0.9932765870067537,0.982326333836172,0.02427745239838114,0.39682942708333335,0.061160974657648456,0.2754639511971156,35.32205295562744
808,random_graph,random_graph,1,25.0,2,256,0.2,1200,200,50,-0.06307362046608554,33.06023361665463,14.797321458635142,0.9940818979072803,0.9901793593958327,0.03000850698746323,0.3952994791666667,0.06221317866400789,0.2684272589975708,35.089290618896484
808,random_graph,random_graph,1,25.0,0,256,0.2,1200,200,50,-0.051703830629635586,31.503278820154016,14.018027776772422,0.9918865524107287,0.9891521063345252,0.029494798605964156,0.39322265625,0.06086877071424874,0.2763465761639028,39.07788825035095
808,random_graph,random_graph,1,25.0,4,256,0.2,1200,200,50,-0.045840074409008696,32.93804643490479,14.411670106991767,0.9933913510839576,0.9840588288275866,0.025504203113043827,0.3985319010416667,0.06246806330158379,0.27550267073324575,35.51330327987671
808,random_graph,random_graph,1,25.0,3,256,0.2,1200,200,50,-0.07247237484984267,31.624565966889016,14.094701628441115,0.9948284249033302,0.9916495250317058,0.026801941844863127,0.39441406250000005,0.06018818498610207,0.2763730115501177,36.06171727180481
808,random_graph,random_graph,1,25.0,5,256,0.2,1200,200,50,-0.04628736533439611,32.88743982456359,13.745868003794088,0.9934009196541821,0.9876374113773226,0.028707890862292293,0.39785481770833336,0.06141100523322306,0.27316658753544837,36.980780839920044
808,random_graph,random_graph,1,25.0,6,256,0.2,1200,200,50,-0.03604526090413273,31.966262870793024,11.120309236985166,0.9924053550708262,0.9573457851570675,0.029380081432971876,0.39841145833333336,0.061709439136825674,0.27250861882494654,30.516634941101074
808,random_graph,random_graph,1,25.0,8,256,0.2,1200,200,50,-0.0723243166823831,32.73266804557962,14.048535623881788,0.9926872348176444,0.989772386830213,0.027980653763064574,0.38459960937500004,0.061018503741511014,0.2728568622810479,33.72692608833313
808,random_graph,random_graph,1,30.0,1,256,0.2,1200,200,50,0.05704528489073926,35.33868414590322,14.067285966457156,0.9903434383925297,0.9622771879379217,0.03078968739520694,0.4443717447916667,0.07178081026981252,0.31902556535952126,29.68654203414917
808,random_graph,random_graph,1,25.0,7,256,0.2,1200,200,50,-0.049818492641459974,32.49695141561311,13.582300836576566,0.9916495727686214,0.9885648067936885,0.028117580280461817,0.39773437500000003,0.06269547712858593,0.27319951128641784,37.962737798690796
808,random_graph,random_graph,1,30.0,3,256,0.2,1200,200,50,0.04970315650756671,34.99973431142445,12.117448325646125,0.9902392624826929,0.9640211565727547,0.031570056558263615,0.44192708333333336,0.07073961200345028,0.31979451026634126,28.96529197692871
808,random_graph,random_graph,1,30.0,4,256,0.2,1200,200,50,0.040878293493618906,36.081205032561286,9.134312577257218,0.9897161065798521,0.9470263012096244,0.03105028202962394,0.45872395833333335,0.07537350284368365,0.32275174662026335,29.573065996170044
808,random_graph,random_graph,1,25.0,9,256,0.2,1200,200,50,-0.06180970402529276,31.79977419847052,14.09182039495784,0.9926650126324925,0.9920809292375679,0.023998820653071472,0.3976009114583334,0.06205910123788661,0.2774469170583565,37.46834135055542
808,random_graph,random_graph,1,30.0,0,256,0.2,1200,200,50,0.04026642278450905,34.98410818075278,12.882794549991587,0.9875012152999907,0.9718003470435251,0.03186313530903372,0.4478678385416667,0.07268936241002548,0.32225694138500044,36.43697953224182
808,random_graph,random_graph,1,30.0,2,256,0.2,1200,200,50,0.05021915377157752,35.996439311482284,13.598925643478049,0.9900385631553407,0.9696703893589584,0.03345400553469563,0.46340820312500003,0.07560759183348528,0.3154527526578341,34.08248519897461
808,random_graph,random_graph,1,30.0,5,256,0.2,1200,200,50,0.045855904013549616,35.741441289469485,13.339513326358487,0.9879770451237505,0.9649688950386639,0.03364756864999752,0.46040039062500004,0.0754058426107546,0.32310477828676665,32.51136755943298
808,random_graph,random_graph,1,30.0,7,256,0.2,1200,200,50,0.057679842870062704,35.1813828289333,12.400595005753436,0.9858966405472984,0.9637444386719832,0.032984257989544095,0.4508951822916667,0.07317701962697,0.3159943256441667,31.35828185081482
808,random_graph,random_graph,1,30.0,6,256,0.2,1200,200,50,0.05615375350101779,34.711160665938245,12.303056305142663,0.9876855577542075,0.9674630551492246,0.03217308259812073,0.444072265625,0.07224158463519167,0.3163696012984105,34.39599585533142
808,random_graph,random_graph,1,50.0,0,256,0.2,1200,200,50,0.39667342181496407,32.74543989242881,2.9877492041665477,0.95930665038287,0.8796840166629183,0.04147531038308968,0.6975292968750001,0.08484657735547467,0.384541674197836,32.332918882369995
808,random_graph,random_graph,1,30.0,9,256,0.2,1200,200,50,0.04356766785015431,35.05259430372114,13.928941677143559,0.9890373236610656,0.9769391439248404,0.031229961453666223,0.4538639322916667,0.07420324640036342,0.3244802615074192,34.20072817802429
808,random_graph,random_graph,1,30.0,8,256,0.2,1200,200,50,0.04771211250268417,36.354119357344786,14.279732344850562,0.9885979810965781,0.9722069857946568,0.031592989389130716,0.4424088541666667,0.07252274519459558,0.31885562206061363,36.749560832977295
808,random_graph,random_graph,1,50.0,1,256,0.2,1200,200,50,0.3784244252254936,32.976075614226616,3.309566985941613,0.9656238241394486,0.8553904492512743,0.03752927858983067,0.6987630208333334,0.08584887028078682,0.3844837916730894,35.06939697265625
808,random_graph,random_graph,1,50.0,2,256,0.2,1200,200,50,0.39848269926154245,32.576876025385154,2.8390339828436586,0.9621916712075258,0.8340949657811264,0.04071759257153959,0.6844791666666667,0.08542566159282998,0.3728732450735822,38.04283261299133
808,random_graph,random_graph,1,50.0,4,256,0.2,1200,200,50,0.38453152775615107,33.424959020784215,3.6101517396252083,0.9636542148704624,0.9055010338335377,0.036939653651280005,0.7017415364583334,0.08705453713777753,0.38081479152254755,31.816190719604492
808,random_graph,random_graph,1,50.0,3,256,0.2,1200,200,50,0.39564784661466773,32.041932523177934,3.042371608943254,0.9682780884931657,0.9025747201786092,0.03989222714116351,0.700205078125,0.08539852119594186,0.3867369856439984,35.37697219848633
808,random_graph,random_graph,1,50.0,5,256,0.2,1200,200,50,0.3841211814169964,33.078699807687244,3.5656433751459087,0.960763019362505,0.8736213192246932,0.04095375024502818,0.7068391927083334,0.08655952824741747,0.3831822033956647,34.97068786621094
808,random_graph,random_graph,1,50.0,8,256,0.2,1200,200,50,0.4005618200270037,33.68366449336781,3.9237646685760885,0.9627500504822948,0.8552434616184448,0.040891661308705814,0.6753580729166667,0.08292532320154378,0.37726470605061835,33.124669313430786
808,random_graph,random_graph,1,50.0,7,256,0.2,1200,200,50,0.3910753942968151,33.2449827411219,5.1514581013682115,0.9593934338038828,0.8817355249709313,0.04019261461779146,0.6912011718750001,0.08462197739631758,0.38082384813148906,33.87972092628479
808,random_graph,random_graph,1,50.0,9,256,0.2,1200,200,50,0.39475244362091755,32.4295487476662,3.415627495286415,0.9623790213246212,0.9104608258474902,0.037920011261712835,0.6943717447916667,0.08492900199846184,0.3824519695152075,34.8914897441864
808,random_graph,random_graph,1,50.0,6,256,0.2,1200,200,50,0.38269105164048156,32.64791546359137,4.036514355223457,0.9690055580090402,0.8817861278201651,0.04121006815467564,0.7075651041666667,0.08647948847961988,0.3799090350248287,37.23039221763611
808,random_graph,random_graph,1,100.0,0,256,0.2,1200,200,50,0.6464688108052633,32.38458890545409,1.3719401965609561,0.9427535235974435,0.7835951677198089,0.045005071892200266,0.829072265625,0.08282999358418382,0.40259379621670494,34.97990798950195
808,random_graph,random_graph,1,100.0,1,256,0.2,1200,200,50,0.6357472816685691,32.75500761354407,2.0105256222178576,0.9392903675756927,0.7641373755804316,0.04203818274611634,0.8319401041666667,0.08381343173098948,0.40272313978217206,32.21873474121094
808,random_graph,random_graph,1,100.0,2,256,0.2,1200,200,50,0.6506012448399794,31.847031042933764,1.567923643364522,0.933900243985343,0.4755098563172948,0.043240872247452884,0.8319954427083334,0.08440498134106557,0.3943458652807705,30.567975759506226
808,random_graph,random_graph,1,100.0,3,256,0.2,1200,200,50,0.6264251961308177,32.21544988634381,3.293476975943012,0.9432696017953676,0.8283057460464178,0.041911678296555954,0.8367513020833334,0.08353721147051393,0.40429808053557487,31.34167766571045
808,random_graph,random_graph,1,100.0,6,256,0.2,1200,200,50,0.6258839604006515,32.46796121189001,2.653048985734411,0.9465448640657043,0.8437800126296622,0.04527459173061689,0.8380533854166667,0.08443800104411547,0.3982275415367874,28.403139114379883
808,random_graph,random_graph,1,100.0,4,256,0.2,1200,200,50,0.6320731117600703,32.23031322482993,1.8941039096890504,0.9431348514822008,0.7520586462231486,0.04021708735321553,0.8343359375,0.0841002728142935,0.39820148803550715,30.214115858078003
808,random_graph,random_graph,1,100.0,7,256,0.2,1200,200,50,0.6335885383524698,32.347779631894156,1.8423019754725813,0.9299497476253532,0.71080148944914,0.04388824108879296,0.8382682291666668,0.08396987529235227,0.39832801519921723,26.980649948120117
808,random_graph,random_graph,1,100.0,5,256,0.2,1200,200,50,0.6305454242691702,32.31987212477616,2.4136563350612144,0.9387350175755044,0.8209344192231187,0.043686495001920574,0.8433235677083334,0.08523646231541879,0.39945622967322286,31.186100482940674
808,random_graph,random_graph,1,100.0,8,256,0.2,1200,200,50,0.6486168254827893,32.40885951514612,2.6122633193888314,0.9451658130707588,0.842976631945374,0.04234024675972633,0.8260839843750001,0.0832954410145565,0.39883090378601227,24.748244285583496
808,random_graph,random_graph,1,100.0,9,256,0.2,1200,200,50,0.6535242729049414,31.86777880615407,2.7201656625149204,0.9372433851223688,0.7869824608602292,0.040423988101408945,0.8263020833333334,0.08312982912379512,0.39940991180325874,24.043784618377686
