task,substrate,readout,ratio,swap_every,seed_idx,n_units,t_total,runtime_s,mean_acc_all,n_flips,v_final,recovery,post_mean,success_rate
d2_timescale,random_graph_k25,rmhl_oracle,0.25,12,2,256,40000,4.198969841003418,0.49722984347126953,0,nan,-0.004618917744147327,0.49495682730923696,0.4759036144578313
d2_timescale,random_graph_k25,rmhl_oracle,0.25,12,3,256,40000,3.643650770187378,0.5126288284213965,0,nan,-0.010276288079145853,0.5047085843373493,0.1144578313253012
d2_timescale,random_graph_k25,rmhl_oracle,0.25,12,0,256,40000,4.317750692367554,0.485875480515565,0,nan,-0.005172568322068765,0.48215537148594373,0.43373493975903615
d2_timescale,random_graph_k25,rmhl_oracle,0.25,12,1,256,40000,3.6317062377929688,0.5005023743122032,0,nan,-0.005797452003134486,0.4962073293172691,0.13855421686746988
d2_timescale,random_graph_k25,rmhl_oracle,0.25,12,6,256,40000,4.116631031036377,0.48797015150373096,0,nan,-0.00579393182486043,0.4832996987951808,0.3433734939759036
d2_timescale,random_graph_k25,rmhl_oracle,0.25,12,7,256,40000,3.7373993396759033,0.48996218687972665,0,nan,-0.008383209667940065,0.4840005020080322,0.42168674698795183
d2_timescale,random_graph_k25,rmhl_oracle,0.25,12,4,256,40000,4.347351551055908,0.4780328383708952,0,nan,-0.003135450337937109,0.4761932730923694,0.05421686746987952
d2_timescale,random_graph_k25,rmhl_oracle,0.25,12,5,256,40000,3.6846227645874023,0.4781367302329087,0,nan,-0.008382107699089047,0.47113805220883537,0.3192771084337349
d2_timescale,random_graph_k25,rmhl_oracle,0.25,12,8,256,40000,4.220640182495117,0.4930269339966333,0,nan,-0.011079243804486253,0.48313077309236957,0.3795180722891566
d2_timescale,random_graph_k25,rmhl_oracle,0.25,12,9,256,40000,3.7974295616149902,0.501363407954574,0,nan,-0.006194252620237048,0.49728689759036154,0.463855421686747
d2_timescale,random_graph_k25,rmhl_oracle,0.5,25,0,256,40000,4.326153993606567,0.48938745257656835,0,nan,-0.0037921698201710146,0.49074148003894846,0.4810126582278481
d2_timescale,random_graph_k25,rmhl_oracle,0.5,25,1,256,40000,3.6624865531921387,0.4981406246074219,0,nan,0.009316727720322061,0.5088293573515094,0.22784810126582278
d2_timescale,random_graph_k25,rmhl_oracle,0.5,25,4,256,40000,3.9035024642944336,0.4950748724906409,0,nan,-0.00831522419588064,0.49224464459591044,0.4810126582278481
d2_timescale,random_graph_k25,rmhl_oracle,0.5,25,5,256,40000,3.845501661300659,0.49821562272304715,0,nan,-0.011471166284407416,0.4920447906523856,0.4936708860759494
d2_timescale,random_graph_k25,rmhl_oracle,0.5,25,2,256,40000,3.9274606704711914,0.49704203411974573,0,nan,-0.008236957431735161,0.49435929892891906,0.45569620253164556
d2_timescale,random_graph_k25,rmhl_oracle,0.5,25,3,256,40000,3.8528661727905273,0.510794703650662,0,nan,0.0068763975971041095,0.5193578383641674,0.1518987341772152
d2_timescale,random_graph_k25,rmhl_oracle,0.5,25,6,256,40000,3.9136955738067627,0.48847265144091867,0,nan,0.0021729806519650624,0.49335175267770204,0.189873417721519
d2_timescale,random_graph_k25,rmhl_oracle,0.5,25,7,256,40000,3.773601770401001,0.49461106504861685,0,nan,0.005319776370229737,0.5022796981499512,0.2911392405063291
d2_timescale,random_graph_k25,rmhl_oracle,0.75,37,2,256,40000,3.919586181640625,0.4759071380116078,0,nan,0.03104951588071688,0.5092810327706057,0.2037037037037037
d2_timescale,random_graph_k25,rmhl_oracle,0.75,37,3,256,40000,3.7219390869140625,0.5093374538328183,0,nan,0.0478281330407386,0.5589734359483615,0.42592592592592593
d2_timescale,random_graph_k25,rmhl_oracle,0.75,37,4,256,40000,4.043912649154663,0.49791047963619,0,nan,-0.017395145655487766,0.4893614697120159,0.48148148148148145
d2_timescale,random_graph_k25,rmhl_oracle,0.75,37,5,256,40000,3.6324057579040527,0.5038247782719028,0,nan,0.016658125188922103,0.5163413604766633,0.5
d2_timescale,random_graph_k25,rmhl_oracle,0.75,37,0,256,40000,4.035966396331787,0.4992775307153086,0,nan,0.010621186973693993,0.5056842105263157,0.48148148148148145
d2_timescale,random_graph_k25,rmhl_oracle,0.75,37,1,256,40000,3.8472726345062256,0.5027932715258411,0,nan,0.048480994741857686,0.5464689672293943,0.4444444444444444
d2_timescale,random_graph_k25,rmhl_oracle,0.75,37,6,256,40000,4.028645038604736,0.4856837767895279,0,nan,0.018064384399377718,0.5050461767626614,0.42592592592592593
d2_timescale,random_graph_k25,rmhl_oracle,0.75,37,7,256,40000,3.6309285163879395,0.4959207055099118,0,nan,0.025132187342843972,0.5227522343594837,0.2222222222222222
d2_timescale,random_graph_k25,rmhl_oracle,0.75,37,8,256,40000,3.957371950149536,0.49122107484736566,0,nan,0.06610864316721057,0.5606611221449853,0.3148148148148148
d2_timescale,random_graph_k25,rmhl_oracle,0.75,37,9,256,40000,3.5753095149993896,0.49699693475038315,0,nan,0.02141611621184556,0.5270700099304867,0.46296296296296297
d2_timescale,random_graph_k25,rmhl_oracle,0.5,25,8,256,40000,4.1324145793914795,0.5000358031205246,0,nan,0.0034869107518915783,0.5065900681596884,0.4430379746835443
d2_timescale,random_graph_k25,rmhl_oracle,0.5,25,9,256,40000,3.866220235824585,0.4995325494334312,0,nan,0.004324350574359461,0.5026942551119766,0.46835443037974683
d2_timescale,random_graph_k25,rmhl_oracle,1.0,50,0,256,40000,4.065920114517212,0.49880932639883424,0,nan,-0.020373580140209357,0.4890102564102564,0.48717948717948717
d2_timescale,random_graph_k25,rmhl_oracle,1.0,50,1,256,40000,3.6730830669403076,0.5018822391397201,0,nan,0.04143512180287459,0.5432343589743589,0.358974358974359
d2_timescale,random_graph_k25,rmhl_oracle,1.0,50,6,256,40000,3.383211851119995,0.492580839677395,0,nan,0.09878919523672332,0.5977720512820514,0.48717948717948717
d2_timescale,random_graph_k25,rmhl_oracle,1.0,50,7,256,40000,3.449335813522339,0.5017840004019999,0,nan,0.06001711322385482,0.5591428205128205,0.48717948717948717
d2_timescale,random_graph_k25,rmhl_oracle,1.25,62,2,256,40000,3.4712703227996826,0.5052435868445516,0,nan,0.05320963806013787,0.5506303329864723,0.46875
d2_timescale,random_graph_k25,rmhl_oracle,1.25,62,3,256,40000,3.3244972229003906,0.5125235546845556,0,nan,0.21683102550877098,0.7357559833506763,0.5625
d2_timescale,random_graph_k25,rmhl_oracle,1.0,50,2,256,40000,3.5888383388519287,0.5040124619984422,0,nan,-0.009616454592016375,0.5057646153846154,0.48717948717948717
d2_timescale,random_graph_k25,rmhl_oracle,1.0,50,3,256,40000,3.596989870071411,0.5100158287480214,0,nan,0.08255825698645924,0.5936205128205128,0.3333333333333333
d2_timescale,random_graph_k25,rmhl_oracle,1.0,50,4,256,40000,3.639258623123169,0.5010546217431723,0,nan,-0.022542652773776373,0.48976769230769246,0.48717948717948717
d2_timescale,random_graph_k25,rmhl_oracle,1.0,50,5,256,40000,3.521510362625122,0.5008537473932815,0,nan,-0.02267464067351706,0.48937025641025655,0.48717948717948717
d2_timescale,random_graph_k25,rmhl_oracle,1.25,62,4,256,40000,3.482156753540039,0.501962136629733,0,nan,-0.028157507839356413,0.48685587929240376,0.46875
d2_timescale,random_graph_k25,rmhl_oracle,1.25,62,5,256,40000,3.608008623123169,0.49839602020049745,0,nan,-0.02141078902360151,0.4902950052029136,0.46875
d2_timescale,random_graph_k25,rmhl_oracle,1.0,50,8,256,40000,3.660953998565674,0.5029503027562121,0,nan,0.02015221966132079,0.5296646153846153,0.48717948717948717
d2_timescale,random_graph_k25,rmhl_oracle,1.0,50,9,256,40000,3.519209146499634,0.4886418682947664,0,nan,0.06142258234898687,0.5513856410256412,0.2564102564102564
d2_timescale,random_graph_k25,rmhl_oracle,1.25,62,0,256,40000,3.601501941680908,0.49505904374261944,0,nan,-0.007088368064406234,0.5010176899063475,0.46875
d2_timescale,random_graph_k25,rmhl_oracle,1.25,62,1,256,40000,3.6628434658050537,0.5030730383658701,0,nan,0.027051066022524967,0.5419903746097815,0.5
d2_timescale,random_graph_k25,rmhl_oracle,1.25,62,6,256,40000,3.4891304969787598,0.5001417049822868,0,nan,-0.02150113629434599,0.4916883454734651,0.46875
d2_timescale,random_graph_k25,rmhl_oracle,1.25,62,7,256,40000,3.619023561477661,0.49856787517901563,0,nan,0.10686830031157507,0.6154711238293444,0.4375
d2_timescale,random_graph_k25,rmhl_oracle,1.5,75,0,256,40000,3.311344623565674,0.5091276601090425,0,nan,-0.0031307465146909654,0.4998043444409841,0.5
d2_timescale,random_graph_k25,rmhl_oracle,1.5,75,1,256,40000,3.410733699798584,0.5036252857968393,0,nan,0.09803048275356628,0.6130518140766117,0.46153846153846156
d2_timescale,random_graph_k25,rmhl_oracle,1.25,62,8,256,40000,3.494368076324463,0.5029745483781815,0,nan,0.053894315379532806,0.5613444328824141,0.5
d2_timescale,random_graph_k25,rmhl_oracle,1.25,62,9,256,40000,3.4032185077667236,0.4999546493806688,0,nan,0.03175528812946008,0.5442216441207075,0.53125
d2_timescale,random_graph_k25,rmhl_oracle,1.5,75,2,256,40000,3.5346550941467285,0.5020700484912439,0,nan,0.07732680907542797,0.5730333034880101,0.5
d2_timescale,random_graph_k25,rmhl_oracle,1.5,75,3,256,40000,3.4727895259857178,0.5131062033617245,0,nan,0.13064526387044023,0.6543256773590783,0.5384615384615384
d2_timescale,random_graph_k25,rmhl_oracle,1.75,87,0,256,40000,3.3030147552490234,0.514378784452652,0,nan,-0.0025849595417021306,0.49722700845665974,0.5
d2_timescale,random_graph_k25,rmhl_oracle,1.75,87,1,256,40000,3.488495349884033,0.5097084244114469,0,nan,0.16588447161918685,0.6640304812127618,0.5
d2_timescale,random_graph_k25,rmhl_oracle,1.5,75,6,256,40000,3.460362672805786,0.5039637195045351,0,nan,0.015712540874817552,0.5127411437246964,0.5
d2_timescale,random_graph_k25,rmhl_oracle,1.5,75,7,256,40000,3.5042872428894043,0.5027368659078918,0,nan,0.12090942020160649,0.6202180979445656,0.5
d2_timescale,random_graph_k25,rmhl_oracle,1.5,75,8,256,40000,3.576181173324585,0.514024647621919,0,nan,0.045085910182722025,0.557537838679539,0.5
d2_timescale,random_graph_k25,rmhl_oracle,1.5,75,9,256,40000,3.4459919929504395,0.5123824778271904,0,nan,0.028281086519780133,0.5342007552164435,0.5
d2_timescale,random_graph_k25,rmhl_oracle,1.5,75,4,256,40000,3.5727787017822266,0.507791135901108,0,nan,0.0014089025678209082,0.5024966132046091,0.5
d2_timescale,random_graph_k25,rmhl_oracle,1.5,75,5,256,40000,3.6105427742004395,0.48528881183889844,0,nan,0.011425886814740502,0.5075559794456556,0.46153846153846156
d2_timescale,random_graph_k25,rmhl_oracle,1.75,87,2,256,40000,3.512718915939331,0.503678048290244,0,nan,0.06662352320552299,0.5559003459542571,0.5
d2_timescale,random_graph_k25,rmhl_oracle,1.75,87,3,256,40000,3.4821455478668213,0.5173086103364237,0,nan,0.1288406896690585,0.6568651679319623,0.45454545454545453
d2_timescale,random_graph_k25,rmhl_oracle,1.75,87,4,256,40000,3.105802297592163,0.5164592598175926,0,nan,-0.002289970354602287,0.49972032961752844,0.5
d2_timescale,random_graph_k25,rmhl_oracle,1.75,87,5,256,40000,3.3136582374572754,0.5135775483028066,0,nan,0.005385001468337924,0.503420142225639,0.5
d2_timescale,random_graph_k25,rmhl_oracle,1.75,87,6,256,40000,3.6737704277038574,0.5127788246526469,0,nan,-0.0016236030803735196,0.497792379396502,0.5
d2_timescale,random_graph_k25,rmhl_oracle,1.75,87,7,256,40000,3.5113799571990967,0.5080633652420794,0,nan,0.09056826023579041,0.5956247357293869,0.5
d2_timescale,random_graph_k25,rmhl_oracle,1.75,87,8,256,40000,3.4889025688171387,0.5133965227004347,0,nan,0.07267787668854721,0.5869363348068423,0.5454545454545454
d2_timescale,random_graph_k25,rmhl_oracle,1.75,87,9,256,40000,3.519279956817627,0.518974272003216,0,nan,0.023060816160776265,0.5278087161253123,0.5
d2_timescale,random_graph_k25,rmhl_oracle,2.0,100,8,256,40000,3.323056697845459,0.5080506771186654,0,nan,-0.025234543674566755,0.502358947368421,0.47368421052631576
d2_timescale,random_graph_k25,rmhl_oracle,2.0,100,9,256,40000,3.4792585372924805,0.49219605035049363,0,nan,0.10147953841433124,0.6128731578947368,0.47368421052631576
d2_timescale,random_graph_k25,rmhl_oracle,2.0,100,0,256,40000,3.7882282733917236,0.5013972010753499,0,nan,-0.044044956749174434,0.4800242105263158,0.47368421052631576
d2_timescale,random_graph_k25,rmhl_oracle,2.0,100,1,256,40000,3.3631715774536133,0.5137560614054923,0,nan,0.188882084076098,0.6903781578947369,0.5263157894736842
d2_timescale,random_graph_k25,rmhl_oracle,2.0,100,2,256,40000,3.5849063396453857,0.5004841586894802,0,nan,-0.005458571553815117,0.5177607894736842,0.47368421052631576
d2_timescale,random_graph_k25,rmhl_oracle,2.0,100,3,256,40000,3.520752429962158,0.5255165699354287,0,nan,0.24734263260177092,0.765205,0.631578947368421
d2_timescale,random_graph_k25,rmhl_oracle,2.0,100,4,256,40000,3.6874125003814697,0.49841649707293784,0,nan,-0.04535573920921127,0.4760015789473684,0.47368421052631576
d2_timescale,random_graph_k25,rmhl_oracle,2.0,100,5,256,40000,3.5361697673797607,0.49982362252204726,0,nan,-0.04745384304041616,0.4758647368421053,0.47368421052631576
d2_timescale,random_graph_k25,rmhl_oracle,2.0,100,6,256,40000,3.6977169513702393,0.49662546167181726,0,nan,0.0327616273123119,0.5518810526315789,0.47368421052631576
d2_timescale,random_graph_k25,rmhl_oracle,2.0,100,7,256,40000,3.5566627979278564,0.5070145222481848,0,nan,0.021634456369268504,0.5368115789473683,0.47368421052631576
d2_timescale,random_graph_k25,rmhl_oracle,3.0,150,0,256,40000,3.470391273498535,0.5227118665360168,0,nan,-0.005272047334285397,0.4965016666666666,0.46153846153846156
d2_timescale,random_graph_k25,rmhl_oracle,3.0,150,1,256,40000,3.3719234466552734,0.5118661591417301,0,nan,0.15798597812289258,0.6709211111111112,0.5384615384615384
d2_timescale,random_graph_k25,rmhl_oracle,3.0,150,6,256,40000,3.2987680435180664,0.518881183889852,0,nan,0.0034777105398865658,0.5016244444444445,0.46153846153846156
d2_timescale,random_graph_k25,rmhl_oracle,3.0,150,7,256,40000,3.424779176712036,0.5148551543931057,0,nan,0.08794277559601726,0.597445,0.46153846153846156
d2_timescale,random_graph_k25,rmhl_oracle,3.0,150,4,256,40000,3.558375597000122,0.5239686188789227,0,nan,-0.0008806622634773645,0.5027738888888889,0.46153846153846156
d2_timescale,random_graph_k25,rmhl_oracle,3.0,150,5,256,40000,3.5370471477508545,0.5097982462752191,0,nan,0.025127579634257574,0.5238433333333333,0.46153846153846156
d2_timescale,random_graph_k25,rmhl_oracle,3.0,150,2,256,40000,3.667382001876831,0.5244785306901837,0,nan,0.002923890376452881,0.5072655555555555,0.46153846153846156
d2_timescale,random_graph_k25,rmhl_oracle,3.0,150,3,256,40000,3.536094903945923,0.5180170096228738,0,nan,0.23253112697846004,0.7706605555555553,0.6153846153846154
d2_timescale,random_graph_k25,rmhl_oracle,3.0,150,8,256,40000,3.4990670680999756,0.5210950729881159,0,nan,0.033964992859693004,0.5479866666666666,0.46153846153846156
d2_timescale,random_graph_k25,rmhl_oracle,3.0,150,9,256,40000,3.5375399589538574,0.5141462526067183,0,nan,0.09508787476694829,0.5898,0.46153846153846156
d2_timescale,random_graph_k25,rmhl_oracle,4.0,200,0,256,40000,3.546349287033081,0.4996384512951935,0,nan,-0.0974267354351194,0.4507916666666667,0.4444444444444444
d2_timescale,random_graph_k25,rmhl_oracle,4.0,200,1,256,40000,3.4786574840545654,0.5193086857114142,0,nan,0.17222229347540122,0.700366111111111,0.6666666666666666
d2_timescale,random_graph_k25,rmhl_oracle,4.0,200,2,256,40000,3.455566167831421,0.5033986583251677,0,nan,-0.07791694926773657,0.47435555555555564,0.4444444444444444
d2_timescale,random_graph_k25,rmhl_oracle,4.0,200,3,256,40000,3.6346852779388428,0.5332680083414989,0,nan,0.14916472134526004,0.703416111111111,0.4444444444444444
d2_timescale,random_graph_k25,rmhl_oracle,4.0,200,4,256,40000,3.6595184803009033,0.4977381221577347,0,nan,-0.09619553889327367,0.4507761111111111,0.4444444444444444
d2_timescale,random_graph_k25,rmhl_oracle,4.0,200,5,256,40000,3.452193021774292,0.4974367478204064,0,nan,-0.09599704602589966,0.45045222222222214,0.4444444444444444
d2_timescale,random_graph_k25,rmhl_oracle,4.0,200,6,256,40000,3.3286995887756348,0.5072789628401296,0,nan,-0.06718140394340669,0.4787066666666667,0.4444444444444444
d2_timescale,random_graph_k25,rmhl_oracle,4.0,200,7,256,40000,3.323032855987549,0.5046482500439687,0,nan,-0.06980800374170539,0.47463333333333335,0.4444444444444444
d2_timescale,random_graph_k25,rmhl_oracle,4.0,200,8,256,40000,3.2022311687469482,0.5187968895253888,0,nan,-0.057810731824958356,0.4944888888888889,0.4444444444444444
d2_timescale,random_graph_k25,rmhl_oracle,4.0,200,9,256,40000,3.397102117538452,0.5033766739529156,0,nan,0.017100203820631994,0.5489005555555555,0.4444444444444444
d2_timescale,random_graph_k25,rmhl_oracle,10.0,500,0,256,40000,3.5528266429901123,0.49851649456043823,0,nan,-0.2967591666666667,0.35177625000000007,0.3333333333333333
d2_timescale,random_graph_k25,rmhl_oracle,10.0,500,1,256,40000,3.470209836959839,0.5141078113615235,0,nan,-0.3152666666666666,0.3539858333333333,0.3333333333333333
d2_timescale,random_graph_k25,rmhl_oracle,10.0,500,2,256,40000,3.508570671081543,0.5010477123690359,0,nan,-0.29714749999999995,0.35330333333333336,0.3333333333333333
d2_timescale,random_graph_k25,rmhl_oracle,10.0,500,3,256,40000,3.5615975856781006,0.536685007914374,0,nan,-0.30740875,0.3566283333333333,0.3333333333333333
d2_timescale,random_graph_k25,rmhl_oracle,10.0,500,6,256,40000,3.5498926639556885,0.5019022135122233,0,nan,-0.29510291666666666,0.3506525,0.3333333333333333
d2_timescale,random_graph_k25,rmhl_oracle,10.0,500,7,256,40000,3.4423248767852783,0.504753272530841,0,nan,-0.29877312500000003,0.3497620833333333,0.3333333333333333
d2_timescale,random_graph_k25,rmhl_oracle,10.0,500,4,256,40000,3.5102732181549072,0.4964818723147659,0,nan,-0.2928904166666667,0.3502608333333333,0.3333333333333333
d2_timescale,random_graph_k25,rmhl_oracle,10.0,500,5,256,40000,3.5563559532165527,0.49781362277329705,0,nan,-0.2930029166666667,0.35310250000000004,0.3333333333333333
d2_timescale,random_graph_k25,passive_fixed,0.25,12,0,256,40000,3.4810659885406494,0.46886585764176786,9,nan,-0.011300078362229406,0.45903488955823296,0.29518072289156627
d2_timescale,random_graph_k25,passive_fixed,0.25,12,1,256,40000,3.4634759426116943,0.479692344413457,10,nan,-0.016262311440885475,0.46522314257028113,0.3313253012048193
d2_timescale,random_graph_k25,rmhl_oracle,10.0,500,8,256,40000,3.566415786743164,0.506090927363634,0,nan,-0.2863895833333334,0.3600775,0.3333333333333333
d2_timescale,random_graph_k25,rmhl_oracle,10.0,500,9,256,40000,3.5989537239074707,0.5026771940403507,0,nan,-0.29620625,0.35645333333333334,0.3333333333333333
d2_timescale,random_graph_k25,passive_fixed,0.25,12,2,256,40000,3.187521457672119,0.4701396949825381,11,nan,-0.010900544250171411,0.46159186746987946,0.3614457831325301
d2_timescale,random_graph_k25,passive_fixed,0.25,12,3,256,40000,3.2157702445983887,0.4926206627974171,8,nan,-0.013800007958663929,0.48082881526104415,0.25301204819277107
d2_timescale,random_graph_k25,passive_fixed,0.25,12,4,256,40000,3.268361806869507,0.46419826135021736,11,nan,-0.011785550739543545,0.454238202811245,0.3433734939759036
d2_timescale,random_graph_k25,passive_fixed,0.25,12,5,256,40000,3.1355578899383545,0.4613007210874098,12,nan,-0.012446866735233616,0.45102685742971876,0.3493975903614458
d2_timescale,random_graph_k25,passive_fixed,0.25,12,8,256,40000,3.463266134262085,0.47039257807592777,9,nan,-0.01803757713781957,0.45433609437751005,0.27710843373493976
d2_timescale,random_graph_k25,passive_fixed,0.25,12,9,256,40000,3.316166400909424,0.474189216351348,11,nan,-0.015492696395337452,0.460504016064257,0.3253012048192771
d2_timescale,random_graph_k25,passive_fixed,0.25,12,6,256,40000,3.4738454818725586,0.46737770407778695,12,nan,-0.0160215924674307,0.45251606425702817,0.3072289156626506
d2_timescale,random_graph_k25,passive_fixed,0.25,12,7,256,40000,3.465548038482666,0.4804827768146529,9,nan,-0.016268751836614758,0.4662745983935744,0.3313253012048193
d2_timescale,random_graph_k25,passive_fixed,0.5,25,4,256,40000,3.2942216396331787,0.4684479033190121,15,nan,0.014320442795355952,0.4813592989289192,0.35443037974683544
d2_timescale,random_graph_k25,passive_fixed,0.5,25,5,256,40000,3.4736037254333496,0.47492475063440615,14,nan,0.0003942183309772312,0.48044182083739045,0.31645569620253167
d2_timescale,random_graph_k25,passive_fixed,0.5,25,2,256,40000,3.4585533142089844,0.4712637873420266,18,nan,0.0015230230940681151,0.47814459591041875,0.3924050632911392
d2_timescale,random_graph_k25,passive_fixed,0.5,25,3,256,40000,3.569964647293091,0.4944931031883621,9,nan,0.021954450177435178,0.5214318403115871,0.3670886075949367
d2_timescale,random_graph_k25,passive_fixed,0.5,25,0,256,40000,3.6191067695617676,0.47348031456496065,16,nan,0.02330666172802763,0.497476387536514,0.3924050632911392
d2_timescale,random_graph_k25,passive_fixed,0.5,25,1,256,40000,3.6074399948120117,0.4880783146152106,14,nan,0.015109288577186717,0.5063381207400194,0.43037974683544306
d2_timescale,random_graph_k25,passive_fixed,0.5,25,6,256,40000,3.6273982524871826,0.47353609205798847,14,nan,0.017446174420222102,0.4939016553067187,0.26582278481012656
d2_timescale,random_graph_k25,passive_fixed,0.5,25,7,256,40000,3.3725435733795166,0.47715270973091123,14,nan,0.018707439466626972,0.5007400194741966,0.3037974683544304
d2_timescale,random_graph_k25,passive_fixed,0.5,25,8,256,40000,3.52768874168396,0.47996093062988376,11,nan,0.03089854658441354,0.5137485394352485,0.26582278481012656
d2_timescale,random_graph_k25,passive_fixed,0.5,25,9,256,40000,3.4957633018493652,0.47222620034672486,13,nan,0.01530422399208093,0.4926721032132424,0.35443037974683544
d2_timescale,random_graph_k25,passive_fixed,0.75,37,0,256,40000,3.502375841140747,0.47186904851636885,16,nan,0.06619560523505369,0.5438080933465739,0.3888888888888889
d2_timescale,random_graph_k25,passive_fixed,0.75,37,1,256,40000,3.484248161315918,0.49502964749629413,12,nan,0.07661496237383923,0.5735593346573984,0.3333333333333333
d2_timescale,random_graph_k25,passive_fixed,0.75,37,2,256,40000,3.581320285797119,0.4741003994874501,18,nan,0.04068860979091307,0.5226251241310825,0.4074074074074074
d2_timescale,random_graph_k25,passive_fixed,0.75,37,3,256,40000,3.486403226852417,0.509425768196779,9,nan,0.1326487133032255,0.6399940417080436,0.46296296296296297
d2_timescale,random_graph_k25,passive_fixed,0.75,37,4,256,40000,3.4292232990264893,0.47113979548252555,16,nan,0.08446459293116243,0.5546832174776564,0.3888888888888889
d2_timescale,random_graph_k25,passive_fixed,0.75,37,5,256,40000,3.6408073902130127,0.47432539383432576,17,nan,0.08470452337459533,0.5671623634558093,0.4074074074074074
d2_timescale,random_graph_k25,passive_fixed,1.0,50,0,256,40000,3.5068230628967285,0.48528906308886716,18,nan,0.15714077883414965,0.646422051282051,0.4358974358974359
d2_timescale,random_graph_k25,passive_fixed,1.0,50,1,256,40000,3.4348247051239014,0.49620888922388884,14,nan,0.14479486539261816,0.650893076923077,0.46153846153846156
d2_timescale,random_graph_k25,passive_fixed,0.75,37,6,256,40000,3.5087549686431885,0.488491872063516,16,nan,0.08882559645552524,0.5731643495531281,0.46296296296296297
d2_timescale,random_graph_k25,passive_fixed,0.75,37,7,256,40000,3.616643190383911,0.4918268385216452,15,nan,0.07950782812762083,0.5730469215491559,0.4444444444444444
d2_timescale,random_graph_k25,passive_fixed,0.75,37,8,256,40000,3.5983965396881104,0.48855933268008345,15,nan,0.07864076963329929,0.570906405163853,0.42592592592592593
d2_timescale,random_graph_k25,passive_fixed,0.75,37,9,256,40000,3.6655383110046387,0.48310331398708584,14,nan,0.1059571063081981,0.5907797914597815,0.3888888888888889
d2_timescale,random_graph_k25,passive_fixed,1.0,50,2,256,40000,3.6740612983703613,0.47973568503303937,18,nan,0.1641512377156759,0.6478399999999997,0.41025641025641024
d2_timescale,random_graph_k25,passive_fixed,1.0,50,3,256,40000,3.6361773014068604,0.5113590110801236,15,nan,0.13484030826851048,0.6472458974358974,0.46153846153846156
d2_timescale,random_graph_k25,passive_fixed,1.0,50,4,256,40000,3.139622449874878,0.4793772769528404,19,nan,0.1187086292775057,0.6019420512820515,0.4358974358974359
d2_timescale,random_graph_k25,passive_fixed,1.0,50,5,256,40000,3.105489730834961,0.4824622496922188,17,nan,0.14601792342904707,0.6392935897435899,0.48717948717948717
d2_timescale,random_graph_k25,passive_fixed,1.0,50,6,256,40000,3.3828916549682617,0.49013793623275803,16,nan,0.15870996446749258,0.6532569230769232,0.4358974358974359
d2_timescale,random_graph_k25,passive_fixed,1.0,50,7,256,40000,3.3768796920776367,0.4988946257631718,16,nan,0.13984121578795736,0.6354541025641024,0.46153846153846156
d2_timescale,random_graph_k25,passive_fixed,1.25,62,0,256,40000,3.276501178741455,0.48479322127584734,18,nan,0.15046105961509434,0.635118106139438,0.34375
d2_timescale,random_graph_k25,passive_fixed,1.25,62,1,256,40000,3.4119389057159424,0.5024192859475893,18,nan,0.23154456238048546,0.7403444328824141,0.5
d2_timescale,random_graph_k25,passive_fixed,1.0,50,8,256,40000,3.3331761360168457,0.4955133036858371,15,nan,0.16727991196901307,0.6673820512820513,0.46153846153846156
d2_timescale,random_graph_k25,passive_fixed,1.0,50,9,256,40000,3.503969430923462,0.4897338006582748,16,nan,0.16446642850283297,0.64894,0.41025641025641024
d2_timescale,random_graph_k25,passive_fixed,1.25,62,4,256,40000,3.375398874282837,0.4843490113313736,19,nan,0.20277615501184024,0.6898498959417274,0.46875
d2_timescale,random_graph_k25,passive_fixed,1.25,62,5,256,40000,3.3837037086486816,0.49277606090299236,18,nan,0.19327703615850045,0.692677939646202,0.5
d2_timescale,random_graph_k25,passive_fixed,1.25,62,2,256,40000,3.604574203491211,0.48433958945755134,21,nan,0.1833566203702315,0.6743618626430802,0.40625
d2_timescale,random_graph_k25,passive_fixed,1.25,62,3,256,40000,3.647869348526001,0.518302303962212,16,nan,0.22487316910918725,0.7442403746097815,0.46875
d2_timescale,random_graph_k25,passive_fixed,1.25,62,6,256,40000,3.5056889057159424,0.4977033240370845,20,nan,0.216146886598474,0.7213498959417274,0.5
d2_timescale,random_graph_k25,passive_fixed,1.25,62,7,256,40000,3.782355546951294,0.5016833747895781,16,nan,0.20489145327723585,0.7084734651404787,0.59375
d2_timescale,random_graph_k25,passive_fixed,1.25,62,8,256,40000,3.5771400928497314,0.4995575488053064,18,nan,0.19924629248671283,0.708075182101977,0.46875
d2_timescale,random_graph_k25,passive_fixed,1.25,62,9,256,40000,3.4662697315216064,0.49657734730283165,19,nan,0.17586376887867966,0.6791209677419354,0.4375
d2_timescale,random_graph_k25,passive_fixed,1.5,75,0,256,40000,3.6409013271331787,0.4883372277078465,21,nan,0.2247466914589413,0.7235438336966677,0.5384615384615384
d2_timescale,random_graph_k25,passive_fixed,1.5,75,1,256,40000,3.1363236904144287,0.5068930428883696,21,nan,0.242871089262442,0.7608924205854876,0.6538461538461539
d2_timescale,random_graph_k25,passive_fixed,1.5,75,2,256,40000,3.4579033851623535,0.49182859727142525,22,nan,0.2271111838807845,0.7298161398318281,0.5
d2_timescale,random_graph_k25,passive_fixed,1.5,75,3,256,40000,3.54284930229187,0.5205756136780483,19,nan,0.22981732864776816,0.7514977421364061,0.5769230769230769
d2_timescale,random_graph_k25,passive_fixed,1.5,75,6,256,40000,3.4218251705169678,0.4998683450164568,19,nan,0.26820856158487677,0.773215625973217,0.6538461538461539
d2_timescale,random_graph_k25,passive_fixed,1.5,75,7,256,40000,3.4339702129364014,0.5082141152232356,18,nan,0.25839955178055385,0.7692466910619745,0.6538461538461539
d2_timescale,random_graph_k25,passive_fixed,1.5,75,4,256,40000,3.5165834426879883,0.4820128891233889,20,nan,0.24123724498451352,0.7272895710059171,0.4230769230769231
d2_timescale,random_graph_k25,passive_fixed,1.5,75,5,256,40000,3.5353987216949463,0.4971226853596643,20,nan,0.2130491155596798,0.7212561312675179,0.46153846153846156
d2_timescale,random_graph_k25,passive_fixed,1.5,75,8,256,40000,3.448503255844116,0.508277807090274,11,nan,0.12307852593067178,0.6344230185300529,0.2692307692307692
d2_timescale,random_graph_k25,passive_fixed,1.5,75,9,256,40000,3.743980884552002,0.5023827290771589,19,nan,0.2576227479959558,0.7643039551541577,0.5769230769230769
d2_timescale,random_graph_k25,passive_fixed,1.75,87,0,256,40000,3.428823232650757,0.5017409110323862,22,nan,0.28081758259247774,0.7870229675187392,0.6363636363636364
d2_timescale,random_graph_k25,passive_fixed,1.75,87,1,256,40000,3.3640830516815186,0.5061303736087034,19,nan,0.26362401035512834,0.7761900826446282,0.5909090909090909
d2_timescale,random_graph_k25,passive_fixed,1.75,87,2,256,40000,3.4921014308929443,0.5063915479510565,21,nan,0.2815185796053454,0.7922640543916972,0.6363636363636364
d2_timescale,random_graph_k25,passive_fixed,1.75,87,3,256,40000,3.6374685764312744,0.5308782442652195,17,nan,0.3058062564784368,0.8379903481164713,0.7272727272727273
d2_timescale,random_graph_k25,passive_fixed,1.75,87,4,256,40000,3.4394521713256836,0.5023892615763423,22,nan,0.2829148441340548,0.7888702851720164,0.6363636363636364
d2_timescale,random_graph_k25,passive_fixed,1.75,87,5,256,40000,3.6036999225616455,0.5142559232180096,21,nan,0.28741807119380575,0.8064067124735729,0.6818181818181818
d2_timescale,random_graph_k25,passive_fixed,1.75,87,6,256,40000,3.409332513809204,0.5086080751739906,21,nan,0.28900797185926114,0.8019103702191043,0.6818181818181818
d2_timescale,random_graph_k25,passive_fixed,1.75,87,7,256,40000,3.484877586364746,0.5145204894349388,20,nan,0.2900310546890347,0.8041523159715549,0.6363636363636364
d2_timescale,random_graph_k25,passive_fixed,1.75,87,8,256,40000,3.290510654449463,0.5214113966985754,20,nan,0.2884433022774537,0.8050789808764175,0.6363636363636364
d2_timescale,random_graph_k25,passive_fixed,1.75,87,9,256,40000,3.42423939704895,0.5195018969372629,20,nan,0.28024553455379003,0.8038967783009802,0.6818181818181818
d2_timescale,random_graph_k25,passive_fixed,2.0,100,0,256,40000,3.3239338397979736,0.6018187985226501,19,nan,0.3328766221981939,0.9372615789473685,1.0
d2_timescale,random_graph_k25,passive_fixed,2.0,100,1,256,40000,3.5665011405944824,0.6043065500866812,19,nan,0.3315607682866244,0.9389252631578946,1.0
d2_timescale,random_graph_k25,passive_fixed,2.0,100,2,256,40000,3.540165662765503,0.6014017235747845,19,nan,0.3309190600251323,0.9357963157894736,1.0
d2_timescale,random_graph_k25,passive_fixed,2.0,100,3,256,40000,3.444929361343384,0.6046351850456019,19,nan,0.3321281589175604,0.9392447368421054,1.0
d2_timescale,random_graph_k25,passive_fixed,2.0,100,4,256,40000,3.6284608840942383,0.6015098866862642,19,nan,0.3319137344749992,0.935692105263158,1.0
d2_timescale,random_graph_k25,passive_fixed,2.0,100,5,256,40000,3.7247846126556396,0.6045868194266477,19,nan,0.3324577359069522,0.939671052631579,1.0
d2_timescale,random_graph_k25,passive_fixed,2.0,100,6,256,40000,3.7009222507476807,0.6029800758774905,19,nan,0.33120952204915394,0.9368552631578948,1.0
d2_timescale,random_graph_k25,passive_fixed,2.0,100,7,256,40000,3.7004234790802,0.6039467601316549,19,nan,0.33802893005347906,0.9443902631578949,1.0
d2_timescale,random_graph_k25,passive_fixed,2.0,100,8,256,40000,3.445864677429199,0.6042542900932139,19,nan,0.3316033510622753,0.9380915789473683,1.0
d2_timescale,random_graph_k25,passive_fixed,2.0,100,9,256,40000,3.6156058311462402,0.6038012863998391,19,nan,0.33234322262485755,0.9384999999999999,1.0
d2_timescale,random_graph_k25,passive_fixed,3.0,150,0,256,40000,3.3881232738494873,0.6851198462350193,13,nan,0.25110934155460346,0.9498494444444444,0.9230769230769231
d2_timescale,random_graph_k25,passive_fixed,3.0,150,1,256,40000,3.6554551124572754,0.6827663877792014,13,nan,0.24230097812289256,0.9392083333333333,0.9230769230769231
d2_timescale,random_graph_k25,passive_fixed,3.0,150,2,256,40000,3.277139902114868,0.6820373859953267,13,nan,0.24281500148756396,0.9386477777777777,0.9230769230769231
d2_timescale,random_graph_k25,passive_fixed,3.0,150,3,256,40000,3.2809176445007324,0.6799522625059672,13,nan,0.23963779364512672,0.9338227777777778,0.9230769230769231
d2_timescale,random_graph_k25,passive_fixed,3.0,150,4,256,40000,3.4257471561431885,0.6801958493505188,13,nan,0.24282767106985595,0.9372455555555556,0.9230769230769231
d2_timescale,random_graph_k25,passive_fixed,3.0,150,5,256,40000,3.3241689205169678,0.6821054747368156,13,nan,0.24547257963425753,0.9410772222222222,0.9230769230769231
d2_timescale,random_graph_k25,passive_fixed,3.0,150,6,256,40000,3.410489320755005,0.6804097886987764,13,nan,0.243197154984331,0.9373338888888888,0.9230769230769231
d2_timescale,random_graph_k25,passive_fixed,3.0,150,7,256,40000,3.36242413520813,0.6811575086053114,13,nan,0.24249277559601726,0.9380783333333333,0.9230769230769231
d2_timescale,random_graph_k25,passive_fixed,3.0,150,8,256,40000,3.5937018394470215,0.6761916786010401,13,nan,0.24214165952635966,0.9329133333333334,0.9230769230769231
d2_timescale,random_graph_k25,passive_fixed,3.0,150,9,256,40000,3.421952962875366,0.6794938569382679,13,nan,0.24145398587805944,0.9352311111111109,0.9230769230769231
d2_timescale,random_graph_k25,passive_fixed,4.0,200,0,256,40000,3.505467176437378,0.7775430265571216,9,nan,0.156227709009325,0.9360016666666665,1.0
d2_timescale,random_graph_k25,passive_fixed,4.0,200,1,256,40000,3.3582658767700195,0.7813875279515591,9,nan,0.15578507125317895,0.94004,1.0
d2_timescale,random_graph_k25,passive_fixed,4.0,200,2,256,40000,3.4656736850738525,0.7788344513956935,9,nan,0.15461971739893013,0.9365311111111111,1.0
d2_timescale,random_graph_k25,passive_fixed,4.0,200,3,256,40000,3.5706818103790283,0.7813271023341123,9,nan,0.15244472134526005,0.9362238888888889,1.0
d2_timescale,random_graph_k25,passive_fixed,4.0,200,4,256,40000,3.3925940990448,0.7795204894349388,9,nan,0.1587633499956152,0.9408461111111112,1.0
d2_timescale,random_graph_k25,passive_fixed,4.0,200,5,256,40000,3.519926071166992,0.7811904223511971,9,nan,0.1591323984185448,0.9422483333333334,1.0
d2_timescale,random_graph_k25,passive_fixed,4.0,200,6,256,40000,3.5742201805114746,0.7794078038240245,9,nan,0.15786526272325993,0.93992,1.0
d2_timescale,random_graph_k25,passive_fixed,4.0,200,7,256,40000,3.5059123039245605,0.7785107158111606,9,nan,0.15635644070273902,0.93827,1.0
d2_timescale,random_graph_k25,passive_fixed,4.0,200,8,256,40000,3.4122586250305176,0.7861771061028617,9,nan,0.15602093484170831,0.9453483333333335,1.0
d2_timescale,random_graph_k25,passive_fixed,4.0,200,9,256,40000,3.567131280899048,0.778545639556795,9,nan,0.1547890927095209,0.9357561111111112,1.0
d2_timescale,random_graph_k25,passive_fixed,10.0,500,0,256,40000,3.3647775650024414,0.8897928444008946,3,nan,0.005482291666666768,0.9469620833333335,1.0
d2_timescale,random_graph_k25,passive_fixed,10.0,500,1,256,40000,3.2149624824523926,0.886460264817467,3,nan,-0.002189999999999951,0.9374141666666667,1.0
d2_timescale,random_graph_k25,passive_fixed,10.0,500,2,256,40000,3.2872133255004883,0.8903535087058112,3,nan,0.0027124999999999697,0.9459179166666667,1.0
d2_timescale,random_graph_k25,passive_fixed,10.0,500,3,256,40000,3.5672430992126465,0.8840632144920983,3,nan,-0.0018754166666666479,0.935455,1.0
d2_timescale,random_graph_k25,passive_fixed,10.0,500,4,256,40000,3.2893528938293457,0.8841912263510969,3,nan,0.004804583333333334,0.9405508333333333,1.0
d2_timescale,random_graph_k25,passive_fixed,10.0,500,5,256,40000,3.506709575653076,0.8849566593804175,3,nan,0.0008924999999999997,0.9372525,1.0
d2_timescale,random_graph_k25,passive_fixed,10.0,500,6,256,40000,3.594512462615967,0.8854101655737294,3,nan,0.00413124999999992,0.9413258333333333,1.0
d2_timescale,random_graph_k25,passive_fixed,10.0,500,7,256,40000,3.5261213779449463,0.8915274741840656,3,nan,0.0015589583333333417,0.9471595833333334,1.0
d2_timescale,random_graph_k25,meta_self,0.25,12,2,256,40000,3.566370964050293,0.4933605939549257,1,0.011256323147334005,-0.00752604625820355,0.4881842369477912,0.4397590361445783
d2_timescale,random_graph_k25,meta_self,0.25,12,3,256,40000,3.377331018447876,0.4963227054596618,1,0.011525017578560948,-0.014519008962679977,0.48417570281124495,0.2710843373493976
d2_timescale,random_graph_k25,passive_fixed,10.0,500,8,256,40000,3.5386085510253906,0.8835940051757494,3,nan,-0.004806250000000086,0.9327941666666666,1.0
d2_timescale,random_graph_k25,passive_fixed,10.0,500,9,256,40000,3.6896743774414062,0.8817475691565538,3,nan,-0.0013345833333333241,0.9340916666666667,1.0
d2_timescale,random_graph_k25,meta_self,0.25,12,0,256,40000,3.625354051589966,0.48936785507901814,12,-0.018411098834508928,-0.0028161426192575066,0.48800075301204826,0.39759036144578314
d2_timescale,random_graph_k25,meta_self,0.25,12,1,256,40000,3.6236400604248047,0.48976382502952176,6,0.012534249100097837,-0.007118737143696735,0.4856576305220883,0.39156626506024095
d2_timescale,random_graph_k25,meta_self,0.25,12,4,256,40000,3.3156025409698486,0.4913412979573378,4,-0.023405951972992133,-0.004726062787736321,0.4882412148594377,0.4578313253012048
d2_timescale,random_graph_k25,meta_self,0.25,12,5,256,40000,3.5039124488830566,0.48577699052787626,3,-0.025399859388283597,-0.008286977177000686,0.4788433734939759,0.41566265060240964
d2_timescale,random_graph_k25,meta_self,0.25,12,6,256,40000,3.3579797744750977,0.4898105575236803,4,0.00888066214696568,-0.006199805318836314,0.48446234939759036,0.39759036144578314
d2_timescale,random_graph_k25,meta_self,0.25,12,7,256,40000,3.3565101623535156,0.49207658099042734,14,-0.08093958992675326,-0.008416091194044472,0.4860700301204819,0.1566265060240964
d2_timescale,random_graph_k25,meta_self,0.25,12,8,256,40000,3.4063494205474854,0.49174128790733906,4,0.013710004306401243,-0.011006954647859732,0.48220456827309227,0.3795180722891566
d2_timescale,random_graph_k25,meta_self,0.25,12,9,256,40000,3.527352809906006,0.49980565814929273,8,0.0026091595482818225,-0.006152334949554314,0.49577259036144583,0.4397590361445783
d2_timescale,random_graph_k25,meta_self,0.5,25,0,256,40000,3.5290048122406006,0.48392000200999974,1,-0.012926710426817062,0.006436496197355773,0.49268305744888025,0.25316455696202533
d2_timescale,random_graph_k25,meta_self,0.5,25,1,256,40000,3.6179468631744385,0.4970351247456094,1,0.00824244503977653,0.01084837328994231,0.5092470788704967,0.16455696202531644
d2_timescale,random_graph_k25,meta_self,0.5,25,2,256,40000,3.5289154052734375,0.47924876259390464,2,-0.02758645586809836,-0.0029775903431275793,0.478343476144109,0.189873417721519
d2_timescale,random_graph_k25,meta_self,0.5,25,3,256,40000,3.5161261558532715,0.5105183286852089,3,0.0020306732019661766,-0.002397701721299007,0.5098052580331061,0.16455696202531644
d2_timescale,random_graph_k25,meta_self,0.5,25,8,256,40000,3.3488454818725586,0.497901183387352,1,0.00824244503977653,0.011037232076136994,0.5112624148003896,0.43037974683544306
d2_timescale,random_graph_k25,meta_self,0.5,25,9,256,40000,3.5312366485595703,0.500140071857491,3,-0.026616484122382315,-0.0016042472834789882,0.5038902142161635,0.4430379746835443
d2_timescale,random_graph_k25,meta_self,0.5,25,6,256,40000,3.5780186653137207,0.4866262154217231,3,0.011357572360055634,0.016043146182636914,0.5040596397273612,0.3924050632911392
d2_timescale,random_graph_k25,meta_self,0.5,25,7,256,40000,3.4689464569091797,0.49483719002035126,4,-0.0611133814694769,0.00443175300119369,0.5016195228821811,0.13924050632911392
d2_timescale,random_graph_k25,meta_self,0.5,25,4,256,40000,3.509014129638672,0.49798937212632843,3,0.012625939857526093,-0.0075788561335632,0.4959177215189873,0.4810126582278481
d2_timescale,random_graph_k25,meta_self,0.5,25,5,256,40000,3.6038074493408203,0.4854229793221276,3,0.013492269554814244,-0.006549296761525224,0.4805170399221032,0.26582278481012656
d2_timescale,random_graph_k25,meta_self,0.75,37,0,256,40000,3.3244857788085938,0.4884676264415467,4,0.0036735304296513505,-0.012212276082211971,0.4793383813306853,0.24074074074074073
d2_timescale,random_graph_k25,meta_self,0.75,37,1,256,40000,3.3573386669158936,0.5022907715886537,9,0.011239842226207455,0.04104826036895454,0.5386027805362463,0.46296296296296297
d2_timescale,random_graph_k25,meta_self,0.75,37,2,256,40000,3.47688889503479,0.4957832717770911,14,-0.008693232521965187,0.03969545377491696,0.5436360476663357,0.42592592592592593
d2_timescale,random_graph_k25,meta_self,0.75,37,3,256,40000,3.2581112384796143,0.5080812039898495,21,-0.05722225612208798,0.10958033385128102,0.6175052135054618,0.3888888888888889
d2_timescale,random_graph_k25,meta_self,0.75,37,4,256,40000,3.4182400703430176,0.4968803547649556,3,-0.0634299174266561,-0.006470912584283502,0.499240317775571,0.48148148148148145
d2_timescale,random_graph_k25,meta_self,0.75,37,5,256,40000,3.4853670597076416,0.5028700283912464,4,-0.07912979078252283,0.013868329434876077,0.5125826713008937,0.46296296296296297
d2_timescale,random_graph_k25,meta_self,0.75,37,6,256,40000,3.417468309402466,0.4959850255018719,3,-0.04966342896149279,0.016268677321893063,0.5137043197616683,0.09259259259259259
d2_timescale,random_graph_k25,meta_self,0.75,37,7,256,40000,3.4279751777648926,0.49391485138564356,4,-0.07774292137359451,0.04727382426278278,0.5494644985104271,0.46296296296296297
d2_timescale,random_graph_k25,meta_self,0.75,37,8,256,40000,3.6226954460144043,0.4908693248913344,6,-0.10781559904281669,0.09105075782407196,0.5852462760675273,0.3888888888888889
d2_timescale,random_graph_k25,meta_self,0.75,37,9,256,40000,3.532639980316162,0.49817780960277375,2,-0.01283256061598274,0.01693994266988255,0.5237922045680239,0.5
d2_timescale,random_graph_k25,meta_self,1.0,50,2,256,40000,3.486560344696045,0.4856053867993266,4,-0.002783687929127948,0.015588673613111798,0.5034835897435898,0.1794871794871795
d2_timescale,random_graph_k25,meta_self,1.0,50,3,256,40000,3.4770963191986084,0.511121328609834,5,-0.06001876564097543,0.10453569288389516,0.6167261538461538,0.38461538461538464
d2_timescale,random_graph_k25,meta_self,1.0,50,0,256,40000,3.600431203842163,0.4943370769578654,3,0.009602544016236711,0.035262317295688086,0.5400820512820513,0.46153846153846156
d2_timescale,random_graph_k25,meta_self,1.0,50,1,256,40000,3.4466044902801514,0.5005003643124545,4,-0.00996330843246293,0.09097332693107973,0.5913623076923076,0.46153846153846156
d2_timescale,random_graph_k25,meta_self,1.0,50,4,256,40000,3.5026021003723145,0.49778837215145344,4,-0.008705465012518857,0.010599911328787733,0.5195769230769232,0.46153846153846156
d2_timescale,random_graph_k25,meta_self,1.0,50,5,256,40000,3.445784568786621,0.4860008542498932,5,-0.018944293933897044,0.02902253881366243,0.5185235897435897,0.23076923076923078
d2_timescale,random_graph_k25,meta_self,1.0,50,6,256,40000,3.452338695526123,0.49064897866887763,4,-0.017150901071575478,0.06483432344185151,0.5665351282051281,0.48717948717948717
d2_timescale,random_graph_k25,meta_self,1.0,50,7,256,40000,3.2394421100616455,0.49927150071606236,2,-0.02490226840498519,0.10250890809564968,0.5975833333333334,0.48717948717948717
d2_timescale,random_graph_k25,meta_self,1.0,50,8,256,40000,3.320528268814087,0.4997101831612272,5,-0.000980031503723,0.11411811709721818,0.616697435897436,0.28205128205128205
d2_timescale,random_graph_k25,meta_self,1.0,50,9,256,40000,3.5444607734680176,0.48951219818597524,4,-0.03023595212309364,0.04323463363103812,0.5438107692307692,0.46153846153846156
d2_timescale,random_graph_k25,meta_self,1.25,62,0,256,40000,3.5434303283691406,0.5272795909650511,31,0.3666883259021201,0.2662370741832525,0.7925273152965662,0.65625
d2_timescale,random_graph_k25,meta_self,1.25,62,1,256,40000,3.4734792709350586,0.5275191578101052,31,0.3666883259021201,0.2640648537436488,0.7911009365244538,0.59375
d2_timescale,random_graph_k25,meta_self,1.25,62,2,256,40000,3.5365560054779053,0.5271023341122083,31,0.3666883259021201,0.26611806678022115,0.7931534859521332,0.59375
d2_timescale,random_graph_k25,meta_self,1.25,62,3,256,40000,3.449331760406494,0.5362164267229467,31,0.3666895436205164,0.25758050521740783,0.7931808012486993,0.625
d2_timescale,random_graph_k25,meta_self,1.25,62,4,256,40000,3.5784034729003906,0.5302775055903118,31,0.3666883259021201,0.26061980745720964,0.7900972944849116,0.65625
d2_timescale,random_graph_k25,meta_self,1.25,62,5,256,40000,3.6038923263549805,0.527624431546946,31,0.3666883259021201,0.2619133524956492,0.7885515088449532,0.59375
d2_timescale,random_graph_k25,meta_self,1.25,62,6,256,40000,3.5020265579223633,0.52845632019296,31,0.3666883259021201,0.26257066391377054,0.7903283038501561,0.59375
d2_timescale,random_graph_k25,meta_self,1.25,62,7,256,40000,3.601801872253418,0.5282153714730786,31,0.3666883259021201,0.2630074782512212,0.7905489073881374,0.625
d2_timescale,random_graph_k25,meta_self,1.5,75,0,256,40000,3.535581588745117,0.5489005301374338,26,0.48808217919697616,0.2944040152417711,0.8491498754282154,0.7692307692307693
d2_timescale,random_graph_k25,meta_self,1.5,75,1,256,40000,3.586843967437744,0.5520165322479335,26,0.48808217919697616,0.2939706104396453,0.8521457879165368,0.7307692307692307
d2_timescale,random_graph_k25,meta_self,1.25,62,8,256,40000,3.6179537773132324,0.5274211703223537,31,0.3666883259021201,0.26781002817870037,0.7940946930280958,0.59375
d2_timescale,random_graph_k25,meta_self,1.25,62,9,256,40000,3.683711290359497,0.5296669681666291,31,0.3666883259021201,0.2624503973906463,0.7910718002081165,0.625
d2_timescale,random_graph_k25,meta_self,1.5,75,2,256,40000,3.495020866394043,0.5509130423858697,26,0.48808217919697616,0.29591054545038903,0.8525385783245096,0.7307692307692307
d2_timescale,random_graph_k25,meta_self,1.5,75,3,256,40000,3.7084944248199463,0.5513537348307832,26,0.48808217919697616,0.29262137463551857,0.8497889676113359,0.7692307692307693
d2_timescale,random_graph_k25,meta_self,1.5,75,4,256,40000,3.4550373554229736,0.5508051305243588,26,0.48808217919697616,0.2936272779441315,0.8501924244783556,0.7307692307692307
d2_timescale,random_graph_k25,meta_self,1.5,75,5,256,40000,3.7671115398406982,0.5502540137182483,26,0.48808217919697616,0.2936826733817497,0.849992253192152,0.7307692307692307
d2_timescale,random_graph_k25,meta_self,1.5,75,6,256,40000,3.4779505729675293,0.5520278384965202,26,0.48808217919697616,0.3000641167078914,0.858301950327001,0.7307692307692307
d2_timescale,random_graph_k25,meta_self,1.5,75,7,256,40000,3.490967035293579,0.5471076103615488,26,0.48808217919697616,0.2934089335930733,0.846486842105263,0.7307692307692307
d2_timescale,random_graph_k25,meta_self,1.5,75,8,256,40000,3.632042169570923,0.5475413934323258,26,0.48808217919697616,0.2927675254635276,0.846552787293678,0.7307692307692307
d2_timescale,random_graph_k25,meta_self,1.5,75,9,256,40000,3.49711537361145,0.5486629732921283,26,0.48808217587718083,0.2892063149013851,0.8436311118031765,0.7307692307692307
d2_timescale,random_graph_k25,meta_self,1.75,87,2,256,40000,3.56066632270813,0.5999067862616517,22,0.5542994996565138,0.3108062557029107,0.9106844368633481,1.0
d2_timescale,random_graph_k25,meta_self,1.75,87,3,256,40000,3.505833864212036,0.598664103916987,22,0.5542994996565138,0.3134196225653098,0.9108537142033444,1.0
d2_timescale,random_graph_k25,meta_self,1.75,87,0,256,40000,3.6695189476013184,0.5987233989095752,22,0.5542994996565138,0.3107590249743043,0.9087094464731886,1.0
d2_timescale,random_graph_k25,meta_self,1.75,87,1,256,40000,3.5811033248901367,0.5971434134820733,22,0.5542994996565138,0.3125232130697425,0.9087099750144148,1.0
d2_timescale,random_graph_k25,meta_self,1.75,87,4,256,40000,3.536106824874878,0.5985174995603126,22,0.5542994996565138,0.3122418021114374,0.9095243068902555,1.0
d2_timescale,random_graph_k25,meta_self,1.75,87,5,256,40000,3.6872799396514893,0.5996055375493078,22,0.5542994996565138,0.3121094985947747,0.9109570740438208,1.0
d2_timescale,random_graph_k25,meta_self,1.75,87,6,256,40000,3.471431255340576,0.5967716891535388,22,0.5542994996565138,0.3125155688109535,0.9084116975783203,1.0
d2_timescale,random_graph_k25,meta_self,1.75,87,7,256,40000,3.7569005489349365,0.598463103942112,22,0.5542994996565138,0.31007480293551487,0.907555520853354,1.0
d2_timescale,random_graph_k25,meta_self,1.75,87,8,256,40000,3.3773789405822754,0.5995250119343735,22,0.5542994996565138,0.31176090225845493,0.9100841461656736,1.0
d2_timescale,random_graph_k25,meta_self,1.75,87,9,256,40000,3.7854421138763428,0.600429511821311,22,0.5542994996565138,0.3099540905979379,0.9088665673649817,1.0
d2_timescale,random_graph_k25,meta_self,2.0,100,0,256,40000,3.380420684814453,0.5936782995402126,19,0.5542988249087674,0.33994556956661504,0.9363305263157896,1.0
d2_timescale,random_graph_k25,meta_self,2.0,100,1,256,40000,5.702613592147827,0.5958645511419312,19,0.5542988249087674,0.3391497156550454,0.9379878947368422,1.0
d2_timescale,random_graph_k25,meta_self,2.0,100,2,256,40000,3.9908905029296875,0.5931858496017688,19,0.5542988249087674,0.33811642844618484,0.9349147368421051,1.0
d2_timescale,random_graph_k25,meta_self,2.0,100,3,256,40000,6.408320665359497,0.5962434360945704,19,0.5542988249087674,0.339506579970192,0.9383073684210526,1.0
d2_timescale,random_graph_k25,meta_self,2.0,100,4,256,40000,3.9172470569610596,0.5934196376975452,19,0.5542988249087674,0.338930050264473,0.9347610526315788,1.0
d2_timescale,random_graph_k25,meta_self,2.0,100,5,256,40000,6.037976503372192,0.5965468204316474,19,0.5542988249087674,0.3394245780122154,0.9387431578947367,1.0
d2_timescale,random_graph_k25,meta_self,2.0,100,6,256,40000,5.918470859527588,0.5946385769201779,19,0.5542988249087674,0.3384826799438908,0.9359178947368422,1.0
d2_timescale,random_graph_k25,meta_self,2.0,100,7,256,40000,5.031528472900391,0.5958816361397954,19,0.5542988249087674,0.3449647195271633,0.9434049999999999,1.0
d2_timescale,random_graph_k25,meta_self,3.0,150,2,256,40000,5.845461130142212,0.6766606366674204,12,0.5542008900929825,0.24820389037645285,0.9386477777777777,0.9230769230769231
d2_timescale,random_graph_k25,meta_self,3.0,150,3,256,40000,4.746166229248047,0.674324263209467,12,0.5542008900929825,0.2453044603117934,0.9338227777777778,0.9230769230769231
d2_timescale,random_graph_k25,meta_self,2.0,100,8,256,40000,5.8582258224487305,0.5956615411673074,19,0.5542988249087674,0.339139666851749,0.9371542105263158,1.0
d2_timescale,random_graph_k25,meta_self,2.0,100,9,256,40000,5.085660457611084,0.595560287429964,19,0.5542988249087674,0.33951743315117333,0.9375689473684211,1.0
d2_timescale,random_graph_k25,meta_self,3.0,150,0,256,40000,6.482011556625366,0.6798435968945504,12,0.5542008900929825,0.2563871193323812,0.9498494444444444,0.9230769230769231
d2_timescale,random_graph_k25,meta_self,3.0,150,1,256,40000,4.611591577529907,0.6776408884198889,12,0.5542008900929825,0.2474676447895593,0.9392083333333333,0.9230769230769231
d2_timescale,random_graph_k25,meta_self,3.0,150,4,256,40000,6.380261659622192,0.6748693500163312,12,0.5542008900929825,0.24816100440318936,0.9372455555555556,0.9230769230769231
d2_timescale,random_graph_k25,meta_self,3.0,150,5,256,40000,6.302046060562134,0.676376975452878,12,0.5542008900929825,0.25125035741203533,0.9410772222222222,0.9230769230769231
d2_timescale,random_graph_k25,meta_self,3.0,150,6,256,40000,5.1758646965026855,0.6752340393457451,12,0.5542008900929825,0.2484193772065532,0.9373338888888888,0.9230769230769231
d2_timescale,random_graph_k25,meta_self,3.0,150,7,256,40000,8.860907316207886,0.6757807592774051,12,0.5542008900929825,0.24793722004046168,0.9380783333333333,0.9230769230769231
d2_timescale,random_graph_k25,meta_self,4.0,200,0,256,40000,6.197472810745239,0.7734225270721841,9,0.5535099484005158,0.16022770900932504,0.9360016666666665,1.0
d2_timescale,random_graph_k25,meta_self,4.0,200,1,256,40000,8.344889879226685,0.7775182784352153,9,0.5535099484005158,0.1597295156976234,0.94004,1.0
d2_timescale,random_graph_k25,meta_self,3.0,150,8,256,40000,6.270190238952637,0.6704631793171025,12,0.5542008900929825,0.24791943730413743,0.9329133333333334,0.9230769230769231
d2_timescale,random_graph_k25,meta_self,3.0,150,9,256,40000,8.582477569580078,0.6750216074972991,12,0.5542008900929825,0.24612065254472607,0.9352311111111109,0.9230769230769231
d2_timescale,random_graph_k25,meta_self,4.0,200,6,256,40000,9.393701791763306,0.7759405542574307,9,0.5535099484005158,0.16136526272325996,0.93992,1.0
d2_timescale,random_graph_k25,meta_self,4.0,200,7,256,40000,5.911433219909668,0.7746917162885354,9,0.5535099484005158,0.1602453295916279,0.93827,1.0
d2_timescale,random_graph_k25,meta_self,4.0,200,8,256,40000,9.402841567993164,0.7819812316273461,9,0.5535099484005158,0.16015982373059723,0.9454038888888889,1.0
d2_timescale,random_graph_k25,meta_self,4.0,200,9,256,40000,5.751520395278931,0.7745256400592949,9,0.5535099484005158,0.15873353715396538,0.9357561111111112,1.0
d2_timescale,random_graph_k25,meta_self,4.0,200,2,256,40000,9.817935705184937,0.7753672018290998,9,0.5535099484005158,0.15789749517670787,0.9365311111111111,1.0
d2_timescale,random_graph_k25,meta_self,4.0,200,3,256,40000,5.97165846824646,0.7774578528177684,9,0.5535099484005158,0.15616694356748229,0.9362238888888889,1.0
d2_timescale,random_graph_k25,meta_self,4.0,200,4,256,40000,10.236905097961426,0.7753497399562825,9,0.5535099484005158,0.16281890555117073,0.9408461111111112,1.0
d2_timescale,random_graph_k25,meta_self,4.0,200,5,256,40000,5.814650535583496,0.7771201728599783,9,0.5535099484005158,0.16307684286298926,0.9422483333333334,1.0
d2_timescale,random_graph_k25,meta_self,10.0,500,0,256,40000,8.559332847595215,0.8886370945453633,3,0.503762146542918,0.005482291666666768,0.9469620833333335,1.0
d2_timescale,random_graph_k25,meta_self,10.0,500,1,256,40000,6.355917930603027,0.8852040149744983,3,0.503762146542918,-0.002189999999999951,0.9374141666666667,1.0
d2_timescale,random_graph_k25,meta_self,10.0,500,2,256,40000,6.327787637710571,0.8890470088691237,3,0.503762146542918,0.0027124999999999697,0.9459179166666667,1.0
d2_timescale,random_graph_k25,meta_self,10.0,500,3,256,40000,6.046823978424072,0.8827567146554108,3,0.503762146542918,-0.0018754166666666479,0.935455,1.0
d2_timescale,parallel,rmhl_oracle,0.25,12,0,256,40000,2.531480550765991,0.4876656365417954,0,nan,-0.0036453803016945783,0.48547213855421695,0.3795180722891566
d2_timescale,parallel,rmhl_oracle,0.25,12,1,256,40000,2.498631477355957,0.5025852365518454,0,nan,-0.003907244832990499,0.4994339859437751,0.13253012048192772
d2_timescale,parallel,rmhl_oracle,0.25,12,2,256,40000,2.6495754718780518,0.47345506394311704,0,nan,-0.007214669654226646,0.4682291666666667,0.26506024096385544
d2_timescale,parallel,rmhl_oracle,0.25,12,3,256,40000,2.387301445007324,0.5063713223285847,0,nan,-0.008037001665197371,0.5004241967871486,0.12650602409638553
d2_timescale,parallel,rmhl_oracle,0.25,12,4,256,40000,2.7140729427337646,0.49949875631265556,0,nan,-0.0020142613135468554,0.49960818273092367,0.4457831325301205
d2_timescale,parallel,rmhl_oracle,0.25,12,5,256,40000,2.4808590412139893,0.47785972714253405,0,nan,-0.005708535360956021,0.4733893072289157,0.25301204819277107
d2_timescale,parallel,rmhl_oracle,0.25,12,6,256,40000,2.706465482711792,0.4924040853244894,0,nan,-0.005571918772651584,0.48803765060240967,0.3493975903614458
d2_timescale,parallel,rmhl_oracle,0.25,12,7,256,40000,2.486429452896118,0.495373231828346,0,nan,-0.006703420388872567,0.4908245481927711,0.29518072289156627
d2_timescale,random_graph_k25,meta_self,10.0,500,4,256,40000,6.426052570343018,0.8831359764830031,3,0.503762146542918,0.004804583333333334,0.9405508333333333,1.0
d2_timescale,random_graph_k25,meta_self,10.0,500,5,256,40000,6.271291494369507,0.8837004095374487,3,0.503762146542918,0.0008924999999999997,0.9372525,1.0
d2_timescale,random_graph_k25,meta_self,10.0,500,6,256,40000,6.168651342391968,0.8840534157433232,3,0.503762146542918,0.00413124999999992,0.9413258333333333,1.0
d2_timescale,random_graph_k25,meta_self,10.0,500,7,256,40000,6.408650159835815,0.8901707243536594,3,0.503762146542918,0.0015589583333333417,0.9471595833333334,1.0
d2_timescale,parallel,rmhl_oracle,0.25,12,8,256,40000,2.394847869873047,0.4968165372729328,0,nan,-0.0061792015623469525,0.49183559236947794,0.3192771084337349
d2_timescale,parallel,rmhl_oracle,0.25,12,9,256,40000,2.273421049118042,0.48716803597899544,0,nan,-0.002331325301204823,0.4863993473895582,0.09036144578313253
d2_timescale,parallel,rmhl_oracle,0.5,25,0,256,40000,2.449756145477295,0.4899821612522298,0,nan,-0.004722318626325111,0.4898519961051606,0.46835443037974683
d2_timescale,parallel,rmhl_oracle,0.5,25,1,256,40000,2.543269157409668,0.5031128614858923,0,nan,-0.00022649529157918019,0.5039970788704966,0.20253164556962025
d2_timescale,parallel,rmhl_oracle,0.5,25,2,256,40000,2.757411241531372,0.4954905655636793,0,nan,-0.005397383955461682,0.4951682083739046,0.45569620253164556
d2_timescale,parallel,rmhl_oracle,0.5,25,3,256,40000,2.6164112091064453,0.5146654606668174,0,nan,-0.003515249784069338,0.5126368062317428,0.05063291139240506
d2_timescale,parallel,rmhl_oracle,0.5,25,4,256,40000,2.550776958465576,0.49824941584382304,0,nan,-0.011304823066247867,0.4919822297955208,0.4936708860759494
d2_timescale,parallel,rmhl_oracle,0.5,25,5,256,40000,3.0785868167877197,0.49600839174895106,0,nan,-0.01011505915044625,0.4905825219084713,0.4936708860759494
d2_timescale,random_graph_k25,meta_self,10.0,500,8,256,40000,6.882361173629761,0.8820865053641869,3,0.503762146542918,-0.004806250000000086,0.9327941666666666,1.0
d2_timescale,random_graph_k25,meta_self,10.0,500,9,256,40000,6.198753356933594,0.88029031933871,3,0.503762146542918,-0.0013345833333333241,0.9340916666666667,1.0
d2_timescale,parallel,rmhl_oracle,0.5,25,6,256,40000,2.6460819244384766,0.49263561217054846,0,nan,-0.0036242499684595608,0.4916392405063291,0.4177215189873418
d2_timescale,parallel,rmhl_oracle,0.5,25,7,256,40000,2.5468909740448,0.4949461068817366,0,nan,0.0032871693834572993,0.5003400681596885,0.31645569620253167
d2_timescale,parallel,rmhl_oracle,0.5,25,8,256,40000,2.2937052249908447,0.5001077862365267,0,nan,0.002688201224739327,0.505965676728335,0.45569620253164556
d2_timescale,parallel,rmhl_oracle,0.5,25,9,256,40000,2.586052894592285,0.5034060701992413,0,nan,-0.0033416240574262305,0.5047624148003894,0.4810126582278481
d2_timescale,parallel,rmhl_oracle,0.75,37,2,256,40000,2.485025405883789,0.4946865656641793,0,nan,0.008225048592013558,0.5099255213505463,0.4444444444444444
d2_timescale,parallel,rmhl_oracle,0.75,37,3,256,40000,2.5199382305145264,0.5045511419311073,0,nan,0.038038419428887624,0.5441541708043695,0.2777777777777778
d2_timescale,parallel,rmhl_oracle,0.75,37,0,256,40000,3.008861541748047,0.4973717997035251,0,nan,0.010986409255707617,0.5047996524329692,0.48148148148148145
d2_timescale,parallel,rmhl_oracle,0.75,37,1,256,40000,2.9954380989074707,0.505430768071154,0,nan,0.03733777019424254,0.5392212015888779,0.46296296296296297
d2_timescale,parallel,rmhl_oracle,0.75,37,6,256,40000,2.496697425842285,0.48725119971860004,0,nan,0.008347478650098779,0.5032574478649454,0.4444444444444444
d2_timescale,parallel,rmhl_oracle,0.75,37,7,256,40000,3.1456143856048584,0.49152910730886157,0,nan,0.02743233007405473,0.52035501489573,0.2222222222222222
d2_timescale,parallel,rmhl_oracle,0.75,37,4,256,40000,3.0896623134613037,0.4979484183814477,0,nan,-0.01757139508627199,0.4886417576961271,0.48148148148148145
d2_timescale,parallel,rmhl_oracle,0.75,37,5,256,40000,3.185340166091919,0.5024469234441346,0,nan,0.012338915856477315,0.5110441906653426,0.48148148148148145
d2_timescale,parallel,rmhl_oracle,0.75,37,8,256,40000,2.8619139194488525,0.48604105424486815,0,nan,0.041489405814888546,0.5328488083416087,0.35185185185185186
d2_timescale,parallel,rmhl_oracle,0.75,37,9,256,40000,2.561807155609131,0.4979514333810709,0,nan,0.009047586785591748,0.5148063555114201,0.46296296296296297
d2_timescale,parallel,rmhl_oracle,1.0,50,2,256,40000,2.7691915035247803,0.5058861586392303,0,nan,-0.008199451646979737,0.5078653846153847,0.48717948717948717
d2_timescale,parallel,rmhl_oracle,1.0,50,3,256,40000,2.764892339706421,0.5057920655259918,0,nan,0.07714859518550532,0.593541794871795,0.5128205128205128
d2_timescale,parallel,rmhl_oracle,1.0,50,0,256,40000,3.068319320678711,0.49855958393005195,0,nan,-0.017838296200262498,0.4902164102564103,0.48717948717948717
d2_timescale,parallel,rmhl_oracle,1.0,50,1,256,40000,2.995675802230835,0.5026530740433658,0,nan,0.019360552194372414,0.5323484615384616,0.48717948717948717
d2_timescale,parallel,rmhl_oracle,1.0,50,4,256,40000,3.013768434524536,0.5039025401371825,0,nan,-0.022718282435417268,0.4914656410256411,0.48717948717948717
d2_timescale,parallel,rmhl_oracle,1.0,50,5,256,40000,2.3959646224975586,0.5001288912338885,0,nan,-0.02060971189858831,0.4897333333333332,0.48717948717948717
d2_timescale,parallel,rmhl_oracle,1.0,50,6,256,40000,2.7833962440490723,0.48788698776412653,0,nan,0.04580696597202214,0.534017435897436,0.1794871794871795
d2_timescale,parallel,rmhl_oracle,1.0,50,7,256,40000,2.742018938064575,0.5006403105449612,0,nan,0.04608506562309934,0.5453117948717949,0.48717948717948717
d2_timescale,parallel,rmhl_oracle,1.0,50,8,256,40000,2.843395709991455,0.5007909349011331,0,nan,-0.001162686545664065,0.509166923076923,0.48717948717948717
d2_timescale,parallel,rmhl_oracle,1.0,50,9,256,40000,2.42600417137146,0.4885717695535288,0,nan,0.05428212938954511,0.5439994871794873,0.1794871794871795
d2_timescale,parallel,rmhl_oracle,1.25,62,2,256,40000,2.3483474254608154,0.4759695736288034,0,nan,0.03728442482064693,0.5149815296566077,0.34375
d2_timescale,parallel,rmhl_oracle,1.25,62,3,256,40000,2.684999465942383,0.512211376598578,0,nan,0.1291286437888407,0.6486649323621227,0.5
d2_timescale,parallel,rmhl_oracle,1.25,62,0,256,40000,2.6118004322052,0.4957914374010704,0,nan,-0.01423368766624585,0.49356945889698234,0.46875
d2_timescale,parallel,rmhl_oracle,1.25,62,1,256,40000,2.4820451736450195,0.5024352403205951,0,nan,0.03173101048979359,0.5456230489073881,0.46875
d2_timescale,parallel,rmhl_oracle,1.25,62,4,256,40000,2.8387794494628906,0.5021043441119569,0,nan,-0.025584428394213966,0.4886625910509886,0.46875
d2_timescale,parallel,rmhl_oracle,1.25,62,5,256,40000,2.3783583641052246,0.49830305771211775,0,nan,-0.017977402686522724,0.4929404266389178,0.46875
d2_timescale,parallel,rmhl_oracle,1.25,62,6,256,40000,2.4954657554626465,0.4993395894575513,0,nan,-0.022026255471555903,0.4894427679500521,0.46875
d2_timescale,parallel,rmhl_oracle,1.25,62,7,256,40000,2.528317451477051,0.49894500138187486,0,nan,0.12569658941764356,0.6285897502601457,0.4375
d2_timescale,parallel,rmhl_oracle,1.25,62,8,256,40000,2.9214940071105957,0.5012424310946961,0,nan,0.014876757920074068,0.5244836108220603,0.46875
d2_timescale,parallel,rmhl_oracle,1.25,62,9,256,40000,2.5297608375549316,0.4985237808095275,0,nan,0.02703808285377565,0.5367429760665974,0.46875
d2_timescale,parallel,rmhl_oracle,1.5,75,0,256,40000,2.8527605533599854,0.5085252883093391,0,nan,-0.0037894164457815084,0.4992781649018997,0.5
d2_timescale,parallel,rmhl_oracle,1.5,75,1,256,40000,2.4090561866760254,0.5013705685786789,0,nan,0.10079763806686166,0.6061197835565244,0.5384615384615384
d2_timescale,parallel,rmhl_oracle,1.5,75,2,256,40000,2.8031535148620605,0.49954900630637417,0,nan,0.06078770376008587,0.5547545351915292,0.5
d2_timescale,parallel,rmhl_oracle,1.5,75,3,256,40000,2.442631244659424,0.5090679882415015,0,nan,0.12794641254984132,0.6434930512301464,0.4230769230769231
d2_timescale,parallel,rmhl_oracle,1.5,75,4,256,40000,2.7457385063171387,0.5075062184367226,0,nan,0.0020744052239878297,0.5033599345998131,0.5
d2_timescale,parallel,rmhl_oracle,1.5,75,5,256,40000,2.387756824493408,0.4989692470038441,0,nan,0.01603969382825484,0.5091466638118965,0.5
d2_timescale,parallel,rmhl_oracle,1.75,87,0,256,40000,2.18546724319458,0.5122816009647999,0,nan,-0.003481184880019891,0.4956866711512589,0.5
d2_timescale,parallel,rmhl_oracle,1.75,87,1,256,40000,2.296553134918213,0.5097214894098138,0,nan,0.13097247981221186,0.6271679379684797,0.45454545454545453
d2_timescale,parallel,rmhl_oracle,1.5,75,8,256,40000,2.6438169479370117,0.514369488203814,0,nan,0.03660816618895001,0.5487349540641545,0.5
d2_timescale,parallel,rmhl_oracle,1.5,75,9,256,40000,2.902458667755127,0.5103599155800105,0,nan,0.023163559649114804,0.5280294300840859,0.5
d2_timescale,parallel,rmhl_oracle,1.5,75,6,256,40000,2.867853879928589,0.4934438833195146,0,nan,0.09074162201986621,0.5775138780753659,0.4230769230769231
d2_timescale,parallel,rmhl_oracle,1.5,75,7,256,40000,2.722775459289551,0.4999389462576317,0,nan,0.11941794526194348,0.6178629126440361,0.5
d2_timescale,parallel,rmhl_oracle,1.75,87,2,256,40000,2.623948097229004,0.49502324062209485,0,nan,0.07187550254732343,0.553310505958101,0.5
d2_timescale,parallel,rmhl_oracle,1.75,87,3,256,40000,2.433634042739868,0.5211592673550917,0,nan,0.13952993594344817,0.6467985357005573,0.45454545454545453
d2_timescale,parallel,rmhl_oracle,1.75,87,6,256,40000,2.319807529449463,0.5113355192080601,0,nan,-0.00331684332639548,0.4954633624831828,0.5
d2_timescale,parallel,rmhl_oracle,1.75,87,7,256,40000,2.4131696224212646,0.5059689455038818,0,nan,0.0661641971356516,0.56797822770517,0.5
d2_timescale,parallel,rmhl_oracle,1.75,87,4,256,40000,2.642622947692871,0.514516343810457,0,nan,-0.00182223395400851,0.4992743429271575,0.5
d2_timescale,parallel,rmhl_oracle,1.75,87,5,256,40000,2.5302700996398926,0.5087081982864752,0,nan,0.010039046818823576,0.5051413247165099,0.5
d2_timescale,parallel,rmhl_oracle,1.75,87,8,256,40000,2.477494478225708,0.5133491620813547,0,nan,0.06975110410099483,0.5838987963674803,0.5909090909090909
d2_timescale,parallel,rmhl_oracle,1.75,87,9,256,40000,2.2205724716186523,0.5177486746564157,0,nan,0.019121057392607357,0.5240011351624063,0.5
d2_timescale,parallel,rmhl_oracle,2.0,100,0,256,40000,2.503021478652954,0.5015899098012613,0,nan,-0.03789596284228059,0.4838023684210526,0.47368421052631576
d2_timescale,parallel,rmhl_oracle,2.0,100,1,256,40000,2.6606552600860596,0.4906091555488556,0,nan,0.08974424888219995,0.5974576315789474,0.42105263157894735
d2_timescale,parallel,rmhl_oracle,2.0,100,2,256,40000,2.346421241760254,0.4983548152056482,0,nan,0.024224357009263852,0.5429644736842105,0.47368421052631576
d2_timescale,parallel,rmhl_oracle,2.0,100,3,256,40000,2.558464527130127,0.5184314464460691,0,nan,0.23387873374441095,0.7530992105263158,0.6842105263157895
d2_timescale,parallel,rmhl_oracle,2.0,100,4,256,40000,2.5152673721313477,0.49694065475741817,0,nan,-0.04080175648031794,0.47705210526315783,0.47368421052631576
d2_timescale,parallel,rmhl_oracle,2.0,100,5,256,40000,2.484398365020752,0.4984455164443104,0,nan,-0.044244865717876024,0.47595973684210524,0.47368421052631576
d2_timescale,parallel,rmhl_oracle,2.0,100,6,256,40000,2.6882619857788086,0.4930469083691365,0,nan,0.00777988193693562,0.521481052631579,0.47368421052631576
d2_timescale,parallel,rmhl_oracle,2.0,100,7,256,40000,2.4873578548431396,0.5010374111203236,0,nan,0.10145845882404511,0.610591052631579,0.47368421052631576
d2_timescale,parallel,rmhl_oracle,2.0,100,8,256,40000,2.4167919158935547,0.5069631416296073,0,nan,-0.026847156842689755,0.4992613157894736,0.47368421052631576
d2_timescale,parallel,rmhl_oracle,2.0,100,9,256,40000,2.5649075508117676,0.4944364463204442,0,nan,0.05594394013559719,0.5707768421052632,0.47368421052631576
d2_timescale,parallel,rmhl_oracle,3.0,150,2,256,40000,2.6502673625946045,0.520937288007839,0,nan,0.004697253312309098,0.5064641666666666,0.46153846153846156
d2_timescale,parallel,rmhl_oracle,3.0,150,3,256,40000,2.4994571208953857,0.5156415667948042,0,nan,0.19509501135507154,0.7275161111111111,0.46153846153846156
d2_timescale,parallel,rmhl_oracle,3.0,150,0,256,40000,2.8089215755462646,0.520821713022286,0,nan,-0.008257973789122944,0.49317388888888897,0.46153846153846156
d2_timescale,parallel,rmhl_oracle,3.0,150,1,256,40000,2.5370492935180664,0.5127616140297981,0,nan,0.1286340392816058,0.6377352777777778,0.46153846153846156
d2_timescale,parallel,rmhl_oracle,3.0,150,4,256,40000,2.637554407119751,0.5232621039672369,0,nan,0.0011094909060256435,0.505046388888889,0.46153846153846156
d2_timescale,parallel,rmhl_oracle,3.0,150,5,256,40000,2.6438989639282227,0.503976407627949,0,nan,0.029563569459320094,0.5310555555555555,0.46153846153846156
d2_timescale,parallel,rmhl_oracle,3.0,150,6,256,40000,2.883674383163452,0.5166277229215347,0,nan,0.0026141365187036247,0.5005791666666667,0.46153846153846156
d2_timescale,parallel,rmhl_oracle,3.0,150,7,256,40000,2.2795188426971436,0.5131862264767216,0,nan,0.06912957544924432,0.577255,0.46153846153846156
d2_timescale,parallel,rmhl_oracle,3.0,150,8,256,40000,2.536522626876831,0.5189598251300219,0,nan,0.029552961690269334,0.5393677777777778,0.46153846153846156
d2_timescale,parallel,rmhl_oracle,3.0,150,9,256,40000,2.622343063354492,0.5093137107107861,0,nan,0.07499237197032807,0.5669072222222223,0.46153846153846156
d2_timescale,parallel,rmhl_oracle,4.0,200,2,256,40000,2.6162400245666504,0.5010708273661466,0,nan,-0.0664664100821421,0.4789388888888889,0.4444444444444444
d2_timescale,parallel,rmhl_oracle,4.0,200,3,256,40000,2.2370471954345703,0.5309166855104144,0,nan,0.11720227008974247,0.6713644444444445,0.4444444444444444
d2_timescale,parallel,rmhl_oracle,4.0,200,0,256,40000,2.4357237815856934,0.5001905731011783,0,nan,-0.08885971045631268,0.455485,0.4444444444444444
d2_timescale,parallel,rmhl_oracle,4.0,200,1,256,40000,2.8389534950256348,0.5120304766211904,0,nan,0.13264162892075182,0.656753888888889,0.5555555555555556
d2_timescale,parallel,rmhl_oracle,4.0,200,4,256,40000,2.8009395599365234,0.49603615487048064,0,nan,-0.0868593631062001,0.4545552777777778,0.4444444444444444
d2_timescale,parallel,rmhl_oracle,4.0,200,5,256,40000,2.662407159805298,0.49817931710258534,0,nan,-0.08608580698792717,0.45623361111111116,0.4444444444444444
d2_timescale,parallel,rmhl_oracle,4.0,200,6,256,40000,2.3648531436920166,0.5044488831938896,0,nan,-0.07256800074541787,0.471425,0.4444444444444444
d2_timescale,parallel,rmhl_oracle,4.0,200,7,256,40000,2.4048526287078857,0.5046850581643677,0,nan,-0.04336979259843901,0.4935183333333333,0.4444444444444444
d2_timescale,parallel,rmhl_oracle,4.0,200,8,256,40000,2.8790478706359863,0.5158635461420568,0,nan,-0.051294402131018144,0.49436083333333347,0.4444444444444444
d2_timescale,parallel,rmhl_oracle,4.0,200,9,256,40000,2.4749951362609863,0.49830494208688225,0,nan,0.012425359408342848,0.5365588888888888,0.4444444444444444
d2_timescale,parallel,rmhl_oracle,10.0,500,0,256,40000,2.5906918048858643,0.4975210421848697,0,nan,-0.2716143749999999,0.3607545833333334,0.3333333333333333
d2_timescale,parallel,rmhl_oracle,10.0,500,1,256,40000,2.816723346710205,0.5115061179367353,0,nan,-0.28979583333333336,0.36714208333333337,0.3333333333333333
d2_timescale,parallel,rmhl_oracle,10.0,500,2,256,40000,2.780834674835205,0.503229064596367,0,nan,-0.2697922916666667,0.36799541666666663,0.3333333333333333
d2_timescale,parallel,rmhl_oracle,10.0,500,3,256,40000,2.998570203781128,0.5352307730961534,0,nan,-0.27928145833333334,0.37033333333333335,0.3333333333333333
d2_timescale,parallel,rmhl_oracle,10.0,500,4,256,40000,2.538092613220215,0.494654280043215,0,nan,-0.2673872916666666,0.3616004166666667,0.3333333333333333
d2_timescale,parallel,rmhl_oracle,10.0,500,5,256,40000,2.5957205295562744,0.49710622848672137,0,nan,-0.2656877083333334,0.3668308333333333,0.3333333333333333
d2_timescale,parallel,rmhl_oracle,10.0,500,8,256,40000,2.632232189178467,0.5084722745659658,0,nan,-0.25677020833333336,0.3767416666666667,0.3333333333333333
d2_timescale,parallel,rmhl_oracle,10.0,500,9,256,40000,2.5646770000457764,0.5030178889977639,0,nan,-0.26113000000000003,0.3735683333333333,0.3333333333333333
d2_timescale,parallel,rmhl_oracle,10.0,500,6,256,40000,2.5985074043273926,0.5008374161453231,0,nan,-0.2707331250000001,0.3625583333333333,0.3333333333333333
d2_timescale,parallel,rmhl_oracle,10.0,500,7,256,40000,2.8811111450195312,0.5074945353131831,0,nan,-0.27550062499999994,0.36349125,0.3333333333333333
d2_timescale,parallel,passive_fixed,0.25,12,0,256,40000,2.795773983001709,0.4761332629833421,10,nan,-0.006597438534626302,0.47099899598393574,0.3433734939759036
d2_timescale,parallel,passive_fixed,0.25,12,1,256,40000,2.632181167602539,0.4826192809225899,10,nan,-0.011377124351062778,0.473734186746988,0.3072289156626506
d2_timescale,parallel,passive_fixed,0.25,12,2,256,40000,2.453726053237915,0.46895668450541445,11,nan,-0.011654428690371232,0.4593360943775101,0.3253012048192771
d2_timescale,parallel,passive_fixed,0.25,12,3,256,40000,2.979996919631958,0.4872348684706414,8,nan,-0.013373849054755613,0.4760773092369478,0.27710843373493976
d2_timescale,parallel,passive_fixed,0.25,12,4,256,40000,2.681230306625366,0.47535413683073297,11,nan,-0.005456655891860129,0.47179718875502,0.35542168674698793
d2_timescale,parallel,passive_fixed,0.25,12,5,256,40000,2.4508650302886963,0.46571254491093184,11,nan,-0.011452762268586528,0.45625903614457836,0.29518072289156627
d2_timescale,parallel,passive_fixed,0.25,12,6,256,40000,3.080650806427002,0.46856046330494205,11,nan,-0.013052465961406605,0.456726656626506,0.22289156626506024
d2_timescale,parallel,passive_fixed,0.25,12,7,256,40000,2.8099231719970703,0.4791158513605186,9,nan,-0.00953474569007737,0.4711669176706828,0.3132530120481928
d2_timescale,parallel,passive_fixed,0.25,12,8,256,40000,2.712641477584839,0.4841962513504686,9,nan,-0.012168659393672248,0.47363780120481935,0.3132530120481928
d2_timescale,parallel,passive_fixed,0.25,12,9,256,40000,2.6794588565826416,0.4834525514434311,10,nan,-0.0079972389558233,0.4766448293172691,0.28313253012048195
d2_timescale,parallel,passive_fixed,0.5,25,0,256,40000,2.406590223312378,0.4682075827240521,18,nan,0.01258635712830003,0.4804230769230769,0.3670886075949367
d2_timescale,parallel,passive_fixed,0.5,25,1,256,40000,3.237414836883545,0.48735584533051934,13,nan,0.010806864007349723,0.502210564751704,0.4050632911392405
d2_timescale,parallel,passive_fixed,0.5,25,4,256,40000,2.7183303833007812,0.4589694982538127,15,nan,0.004933804002885539,0.4672665530671859,0.3037974683544304
d2_timescale,parallel,passive_fixed,0.5,25,5,256,40000,2.695512294769287,0.46422527072184117,17,nan,0.011857676974188592,0.48052994157741,0.26582278481012656
d2_timescale,parallel,passive_fixed,0.5,25,2,256,40000,2.5846972465515137,0.4676160146729981,17,nan,0.008112664730030068,0.4805720545277507,0.35443037974683544
d2_timescale,parallel,passive_fixed,0.5,25,3,256,40000,2.953019618988037,0.49149581668802295,12,nan,0.014033513604440908,0.5103417721518987,0.379746835443038
d2_timescale,parallel,passive_fixed,0.5,25,8,256,40000,2.4179680347442627,0.48655850355518704,13,nan,0.014948863347426788,0.5060503894839337,0.35443037974683544
d2_timescale,parallel,passive_fixed,0.5,25,9,256,40000,2.607043504714966,0.4751955981005503,13,nan,0.00970876542650755,0.48938242453748787,0.3670886075949367
d2_timescale,parallel,passive_fixed,0.5,25,6,256,40000,2.564964532852173,0.4780686414914198,14,nan,0.014077103488210372,0.4958712268743915,0.3291139240506329
d2_timescale,parallel,passive_fixed,0.5,25,7,256,40000,2.6668317317962646,0.48057900555262434,16,nan,0.005578542314323863,0.49080890944498545,0.4177215189873418
d2_timescale,parallel,passive_fixed,0.75,37,0,256,40000,3.296851634979248,0.47445805381774325,17,nan,0.05890448274130842,0.540529046673287,0.35185185185185186
d2_timescale,parallel,passive_fixed,0.75,37,1,256,40000,2.3838307857513428,0.48544232556970923,15,nan,0.07340340534279725,0.5628115690168818,0.35185185185185186
d2_timescale,parallel,passive_fixed,0.75,37,2,256,40000,2.573009729385376,0.475680008039999,16,nan,0.05331560389408826,0.5265985600794438,0.4074074074074074
d2_timescale,parallel,passive_fixed,0.75,37,3,256,40000,2.223369836807251,0.5108778673902666,9,nan,0.06962249307552337,0.580727408142999,0.3148148148148148
d2_timescale,parallel,passive_fixed,0.75,37,4,256,40000,2.4978814125061035,0.4760521092434863,18,nan,0.053097798933964706,0.5314995034756704,0.3333333333333333
d2_timescale,parallel,passive_fixed,0.75,37,5,256,40000,2.585256814956665,0.47244767719404035,17,nan,0.05475534544395954,0.5275891261171797,0.3333333333333333
d2_timescale,parallel,passive_fixed,0.75,37,6,256,40000,2.5733563899993896,0.48370191703726034,16,nan,0.09108455559795028,0.5710610724925521,0.4074074074074074
d2_timescale,parallel,passive_fixed,0.75,37,7,256,40000,2.3488643169403076,0.489191351976081,17,nan,0.06311907019053664,0.5566295928500498,0.4074074074074074
d2_timescale,parallel,passive_fixed,1.0,50,0,256,40000,2.3954055309295654,0.47685384789326896,20,nan,0.10662811405614778,0.5868194871794872,0.48717948717948717
d2_timescale,parallel,passive_fixed,1.0,50,1,256,40000,2.2963099479675293,0.500889048013869,14,nan,0.13900209065591088,0.6432720512820512,0.46153846153846156
d2_timescale,parallel,passive_fixed,0.75,37,8,256,40000,2.5161304473876953,0.4983647395794076,11,nan,0.04072097402659577,0.5422241807348561,0.14814814814814814
d2_timescale,parallel,passive_fixed,0.75,37,9,256,40000,2.292745351791382,0.4801601718549785,15,nan,0.07544210891447335,0.5548929990069513,0.37037037037037035
d2_timescale,parallel,passive_fixed,1.0,50,4,256,40000,2.392549991607666,0.4795871963016005,19,nan,0.11239248679535194,0.5952174358974358,0.4358974358974359
d2_timescale,parallel,passive_fixed,1.0,50,5,256,40000,2.4972517490386963,0.4811145448606819,17,nan,0.11459028810141167,0.6052761538461539,0.41025641025641024
d2_timescale,parallel,passive_fixed,1.0,50,2,256,40000,2.4941294193267822,0.47820368834953897,18,nan,0.09441170219917411,0.5776271794871796,0.4358974358974359
d2_timescale,parallel,passive_fixed,1.0,50,3,256,40000,2.617753267288208,0.5091426094821738,17,nan,0.12180897980088992,0.6367415384615384,0.46153846153846156
d2_timescale,parallel,passive_fixed,1.0,50,6,256,40000,2.4578986167907715,0.4881232883595889,18,nan,0.0807254275104837,0.5700246153846154,0.48717948717948717
d2_timescale,parallel,passive_fixed,1.0,50,7,256,40000,2.6551475524902344,0.4932317027210371,14,nan,0.1445925015205352,0.6445356410256411,0.46153846153846156
d2_timescale,parallel,passive_fixed,1.0,50,8,256,40000,2.83044171333313,0.4922692897163388,13,nan,0.07397064678766926,0.5687466666666666,0.2564102564102564
d2_timescale,parallel,passive_fixed,1.0,50,9,256,40000,2.5520265102386475,0.4888509082686365,15,nan,0.1528643088767246,0.636185641025641,0.41025641025641024
d2_timescale,parallel,passive_fixed,1.25,62,0,256,40000,2.555035352706909,0.4915613929298259,19,nan,0.17475876810898833,0.6727544224765869,0.5
d2_timescale,parallel,passive_fixed,1.25,62,1,256,40000,2.4861392974853516,0.5061723323534585,17,nan,0.19146592204026183,0.6943753902185222,0.40625
d2_timescale,parallel,passive_fixed,1.25,62,2,256,40000,2.827841281890869,0.4827183990352002,21,nan,0.17154027809848252,0.6606599895941727,0.375
d2_timescale,parallel,passive_fixed,1.25,62,3,256,40000,2.4237680435180664,0.5193595638300544,17,nan,0.164104190094772,0.6882970863683663,0.46875
d2_timescale,parallel,passive_fixed,1.25,62,6,256,40000,2.6382384300231934,0.4889222632597171,18,nan,0.1944823293359363,0.6881834027055151,0.34375
d2_timescale,parallel,passive_fixed,1.25,62,7,256,40000,2.368159532546997,0.5005781261777342,18,nan,0.18335371740931888,0.6863249219562955,0.4375
d2_timescale,parallel,passive_fixed,1.25,62,4,256,40000,2.8134078979492188,0.48277982965252136,20,nan,0.1862160398680129,0.6744484911550468,0.40625
d2_timescale,parallel,passive_fixed,1.25,62,5,256,40000,2.8138997554779053,0.49364664204416975,19,nan,0.20255017275572496,0.702281737773153,0.40625
d2_timescale,parallel,passive_fixed,1.5,75,0,256,40000,2.360572099685669,0.49089168613853923,21,nan,0.2079039135137326,0.7079899563998755,0.46153846153846156
d2_timescale,parallel,passive_fixed,1.5,75,1,256,40000,2.523871421813965,0.506283007964624,21,nan,0.21257423284522772,0.7291015065400187,0.5
d2_timescale,parallel,passive_fixed,1.25,62,8,256,40000,2.4841718673706055,0.5003128062108992,18,nan,0.19349044158292528,0.699299167533819,0.375
d2_timescale,parallel,passive_fixed,1.25,62,9,256,40000,2.4850714206695557,0.4948628175171479,17,nan,0.15711352510143436,0.6531904266389178,0.375
d2_timescale,parallel,passive_fixed,1.5,75,2,256,40000,2.422746419906616,0.4917821160272354,21,nan,0.18530142352547563,0.6868054344440984,0.38461538461538464
d2_timescale,parallel,passive_fixed,1.5,75,3,256,40000,2.6699209213256836,0.5207261124092359,19,nan,0.20704038664929109,0.7282852304578014,0.46153846153846156
d2_timescale,parallel,passive_fixed,1.5,75,4,256,40000,2.5752012729644775,0.48427740509032435,21,nan,0.19597911299934342,0.6901422064777326,0.38461538461538464
d2_timescale,parallel,passive_fixed,1.5,75,5,256,40000,2.303739070892334,0.48977500565312426,22,nan,0.20039617052295014,0.6998103199937714,0.38461538461538464
d2_timescale,parallel,passive_fixed,1.5,75,6,256,40000,2.4490737915039062,0.5003281324589833,19,nan,0.24833000362476604,0.7539185417315478,0.46153846153846156
d2_timescale,parallel,passive_fixed,1.5,75,7,256,40000,2.7131354808807373,0.5143355694580538,15,nan,0.1803421186762485,0.6944537527250078,0.4230769230769231
d2_timescale,parallel,passive_fixed,1.5,75,8,256,40000,2.3401923179626465,0.51580312052461,16,nan,0.1981519897641602,0.7227122391778263,0.46153846153846156
d2_timescale,parallel,passive_fixed,1.5,75,9,256,40000,2.728757858276367,0.4960175623728047,21,nan,0.19434038774005222,0.7000631812519464,0.34615384615384615
d2_timescale,parallel,passive_fixed,1.75,87,0,256,40000,2.5134763717651367,0.5011512273560965,22,nan,0.25218965033109836,0.7578974750144147,0.5454545454545454
d2_timescale,parallel,passive_fixed,1.75,87,1,256,40000,2.536621570587158,0.5149726137534233,20,nan,0.23577606661613357,0.7535391841245435,0.5
d2_timescale,parallel,passive_fixed,1.75,87,2,256,40000,2.7569479942321777,0.5023378809577649,22,nan,0.25395267357045115,0.7603611618297137,0.5
d2_timescale,parallel,passive_fixed,1.75,87,3,256,40000,2.8216240406036377,0.5287721414034824,17,nan,0.23745315007333784,0.7706517393811261,0.6363636363636364
d2_timescale,parallel,passive_fixed,1.75,87,6,256,40000,2.572045087814331,0.5133455189568101,21,nan,0.26913047666030543,0.7782283418220257,0.6363636363636364
d2_timescale,parallel,passive_fixed,1.75,87,7,256,40000,2.40901780128479,0.5109939448757569,20,nan,0.25907881494566837,0.769356795358447,0.5909090909090909
d2_timescale,parallel,passive_fixed,1.75,87,4,256,40000,2.510542392730713,0.5018282203964725,22,nan,0.2595612605374542,0.7646032397174707,0.5909090909090909
d2_timescale,parallel,passive_fixed,1.75,87,5,256,40000,2.4979498386383057,0.5079293233838346,21,nan,0.26382562724269487,0.7761776439073611,0.5909090909090909
d2_timescale,parallel,passive_fixed,1.75,87,8,256,40000,2.2700536251068115,0.5212482098439738,20,nan,0.26367965086391454,0.7803874267249664,0.5909090909090909
d2_timescale,parallel,passive_fixed,1.75,87,9,256,40000,2.4930152893066406,0.5166934247883219,20,nan,0.26132549542680955,0.7815744342206419,0.6818181818181818
d2_timescale,parallel,passive_fixed,2.0,100,0,256,40000,2.282308578491211,0.592149192231351,19,nan,0.3042932476840352,0.8986952631578948,1.0
d2_timescale,parallel,passive_fixed,2.0,100,1,256,40000,2.445270299911499,0.5968630185171228,19,nan,0.30676003835588417,0.9068155263157894,1.0
d2_timescale,parallel,passive_fixed,2.0,100,2,256,40000,2.366426706314087,0.5910894198638226,19,nan,0.30068725174610594,0.8955326315789474,1.0
d2_timescale,parallel,passive_fixed,2.0,100,3,256,40000,2.6508097648620605,0.5960928117383986,19,nan,0.3029895232180952,0.9012626315789474,1.0
d2_timescale,parallel,passive_fixed,2.0,100,4,256,40000,2.7192862033843994,0.591604607924424,19,nan,0.3036079803617873,0.897067105263158,1.0
d2_timescale,parallel,passive_fixed,2.0,100,5,256,40000,2.947427749633789,0.5963156704605411,19,nan,0.3046785553347556,0.9034094736842105,1.0
d2_timescale,parallel,passive_fixed,2.0,100,6,256,40000,2.5858898162841797,0.5938436220195472,19,nan,0.30248067141061985,0.8987344736842106,1.0
d2_timescale,parallel,passive_fixed,2.0,100,7,256,40000,3.04061222076416,0.5939998995000125,19,nan,0.30759714303457136,0.903835,1.0
d2_timescale,parallel,passive_fixed,2.0,100,8,256,40000,2.3180251121520996,0.5973439109570112,19,nan,0.3082057378941524,0.9075247368421052,1.0
d2_timescale,parallel,passive_fixed,2.0,100,9,256,40000,2.61228609085083,0.594264591341926,19,nan,0.2990760453987551,0.8953826315789473,1.0
d2_timescale,parallel,passive_fixed,3.0,150,2,256,40000,2.410771369934082,0.6671898947262632,13,nan,0.22077989220119798,0.900283888888889,0.9230769230769231
d2_timescale,parallel,passive_fixed,3.0,150,3,256,40000,2.7574985027313232,0.6621748197281475,13,nan,0.21302251135507153,0.8881380555555555,0.9230769230769231
d2_timescale,parallel,passive_fixed,3.0,150,0,256,40000,2.460822105407715,0.6672966759629155,13,nan,0.2269723039886549,0.9057755555555557,0.9230769230769231
d2_timescale,parallel,passive_fixed,3.0,150,1,256,40000,2.793088674545288,0.6706722192909726,13,nan,0.2237759837260502,0.9075533333333334,0.9230769230769231
d2_timescale,parallel,passive_fixed,3.0,150,4,256,40000,2.8096437454223633,0.6655449611818799,13,nan,0.22291421312824786,0.9015052777777779,0.9230769230769231
d2_timescale,parallel,passive_fixed,3.0,150,5,256,40000,2.4385833740234375,0.6682436370945454,13,nan,0.22547273612598673,0.9057147222222223,0.9230769230769231
d2_timescale,parallel,passive_fixed,3.0,150,6,256,40000,2.2563271522521973,0.6647461119067359,13,nan,0.2215138587409258,0.8986388888888889,0.9230769230769231
d2_timescale,parallel,passive_fixed,3.0,150,7,256,40000,2.6398086547851562,0.6644889575638803,13,nan,0.21794679767146652,0.8958222222222222,0.9230769230769231
d2_timescale,parallel,passive_fixed,3.0,150,8,256,40000,2.544121503829956,0.6581020577372428,13,nan,0.22023823946804713,0.8918863888888887,0.9230769230769231
d2_timescale,parallel,passive_fixed,3.0,150,9,256,40000,2.382197141647339,0.6592094419738197,13,nan,0.21466681641477248,0.8865077777777778,0.9230769230769231
d2_timescale,parallel,passive_fixed,4.0,200,0,256,40000,2.3398444652557373,0.7508659330167583,9,nan,0.1413966784325763,0.8940747222222222,1.0
d2_timescale,parallel,passive_fixed,4.0,200,1,256,40000,2.383974552154541,0.7581298208587723,9,nan,0.1418082955874185,0.9030594444444444,1.0
d2_timescale,parallel,passive_fixed,4.0,200,4,256,40000,2.4194300174713135,0.7555452124318484,9,nan,0.14764119244935542,0.9053336111111112,1.0
d2_timescale,parallel,passive_fixed,4.0,200,5,256,40000,2.251159906387329,0.7557844024019497,9,nan,0.14533974856762835,0.9026869444444444,1.0
d2_timescale,parallel,passive_fixed,4.0,200,2,256,40000,2.6868984699249268,0.7510474611190674,9,nan,0.14049692325119117,0.8941522222222223,1.0
d2_timescale,parallel,passive_fixed,4.0,200,3,256,40000,2.504350185394287,0.7558859073892615,9,nan,0.13728643675640917,0.8950875000000001,1.0
d2_timescale,parallel,passive_fixed,4.0,200,6,256,40000,2.1505465507507324,0.7563521017059873,9,nan,0.14670199925458213,0.9051950000000001,1.0
d2_timescale,parallel,passive_fixed,4.0,200,7,256,40000,2.30106782913208,0.7524677771915279,9,nan,0.14196742962378325,0.897938888888889,1.0
d2_timescale,parallel,passive_fixed,4.0,200,8,256,40000,2.684262275695801,0.7607317655335293,9,nan,0.14063948675787075,0.9048225000000001,1.0
d2_timescale,parallel,passive_fixed,4.0,200,9,256,40000,3.031928300857544,0.7461233386095827,9,nan,0.13629869274167616,0.8842933333333333,1.0
d2_timescale,parallel,passive_fixed,10.0,500,2,256,40000,2.3270673751831055,0.8546757619155299,3,nan,-0.0031200000000001227,0.9037337499999999,1.0
d2_timescale,parallel,passive_fixed,10.0,500,3,256,40000,2.7539291381835938,0.846629984171252,3,nan,-0.004258541666666615,0.8921008333333335,1.0
d2_timescale,parallel,passive_fixed,10.0,500,0,256,40000,2.887953996658325,0.8568074922740634,3,nan,0.0031460416666667657,0.9082704166666667,1.0
d2_timescale,parallel,passive_fixed,10.0,500,1,256,40000,2.6987311840057373,0.8533819502022563,3,nan,-0.002925416666666717,0.89894125,1.0
d2_timescale,parallel,passive_fixed,10.0,500,4,256,40000,2.5833168029785156,0.8496634506670687,3,nan,0.0068368750000000755,0.9031487500000001,1.0
d2_timescale,parallel,passive_fixed,10.0,500,5,256,40000,2.848956346511841,0.8507641767794779,3,nan,-0.0001043749999999714,0.8977366666666667,1.0
d2_timescale,parallel,passive_fixed,10.0,500,6,256,40000,2.247710943222046,0.849672872540891,3,nan,0.004819999999999973,0.9006575,1.0
d2_timescale,parallel,passive_fixed,10.0,500,7,256,40000,2.935495376586914,0.8550988668626417,3,nan,-0.00374895833333333,0.9013154166666667,1.0
d2_timescale,parallel,passive_fixed,10.0,500,8,256,40000,2.6820366382598877,0.8490667319916585,3,nan,-0.007477708333333351,0.8918425000000001,1.0
d2_timescale,parallel,passive_fixed,10.0,500,9,256,40000,2.4710631370544434,0.8371406497324189,3,nan,-0.00235916666666669,0.8826916666666665,1.0
d2_timescale,parallel,meta_self,0.25,12,2,256,40000,2.2719411849975586,0.48759943217507096,1,0.011256323147334005,-0.006148153589969622,0.4834668674698796,0.35542168674698793
d2_timescale,parallel,meta_self,0.25,12,3,256,40000,2.0966010093688965,0.5069201778849778,1,0.011525017578560948,-0.007609667327847975,0.5014937248995984,0.12048192771084337
d2_timescale,parallel,meta_self,0.25,12,0,256,40000,2.833552360534668,0.4840727619909047,9,-0.1502431545551083,-0.003936293956313049,0.4815918674698796,0.3373493975903614
d2_timescale,parallel,meta_self,0.25,12,1,256,40000,2.3499908447265625,0.4907077711615286,12,-0.019191036473885068,-0.006571652463512579,0.4864462851405622,0.3614457831325301
d2_timescale,parallel,meta_self,0.25,12,4,256,40000,2.223792552947998,0.4899763825029523,20,0.008720640984426417,-0.00040984364286413417,0.49169954819277106,0.37349397590361444
d2_timescale,parallel,meta_self,0.25,12,5,256,40000,2.5045292377471924,0.4918159091480113,3,0.00287792183067875,-0.005982631746498176,0.4870589859437752,0.3855421686746988
d2_timescale,parallel,meta_self,0.25,12,8,256,40000,2.25946044921875,0.49491708751036406,3,-0.015090713818642375,-0.009117956582427257,0.4875986445783133,0.3614457831325301
d2_timescale,parallel,meta_self,0.25,12,9,256,40000,2.5020806789398193,0.48196716162910486,4,0.017717101801182786,-0.006238704819277123,0.4772961847389558,0.07228915662650602
d2_timescale,parallel,meta_self,0.25,12,6,256,40000,2.464531898498535,0.4875047109369111,4,-0.01620066013340707,-0.0056019137525712605,0.4831307730923694,0.3313253012048193
d2_timescale,parallel,meta_self,0.25,12,7,256,40000,2.4467556476593018,0.48680686414914204,9,-0.01555473794545778,-0.004150458541483003,0.4848007028112451,0.3855421686746988
d2_timescale,parallel,meta_self,0.5,25,0,256,40000,2.7243902683258057,0.483947639506545,1,0.018510554590340393,0.0011798235353107237,0.4873395813047712,0.25316455696202533
d2_timescale,parallel,meta_self,0.5,25,1,256,40000,2.548771381378174,0.4962788623401421,1,0.018510554590340393,0.0036074871816437954,0.5009449853943525,0.189873417721519
d2_timescale,parallel,meta_self,0.5,25,2,256,40000,2.6881027221679688,0.483027687746539,1,-0.0736755689806871,-0.005365037314760588,0.47958106134371953,0.17721518987341772
d2_timescale,parallel,meta_self,0.5,25,3,256,40000,2.490314483642578,0.51094696113163,3,-0.07881261284356761,-0.002647917749015782,0.5097573028237584,0.08860759493670886
d2_timescale,parallel,meta_self,0.5,25,8,256,40000,2.384964942932129,0.49799741212532345,1,0.00824244503977653,0.003472388177027541,0.5035761927945472,0.4050632911392405
d2_timescale,parallel,meta_self,0.5,25,9,256,40000,2.3414669036865234,0.49896547825431525,2,0.01864268257614307,0.004248259097393608,0.502274829600779,0.46835443037974683
d2_timescale,parallel,meta_self,0.5,25,6,256,40000,2.616798162460327,0.4933241627094796,7,-0.06729730063872165,0.0009231210149873728,0.4935657254138267,0.4177215189873418
d2_timescale,parallel,meta_self,0.5,25,7,256,40000,2.6298744678497314,0.5004736061907992,1,-0.04195516339284808,-0.0028946709281298636,0.4997278481012658,0.13924050632911392
d2_timescale,parallel,meta_self,0.5,25,4,256,40000,2.751739263534546,0.4934002914499636,4,-0.05054152915178683,-0.006856186260016135,0.49154479065238554,0.4810126582278481
d2_timescale,parallel,meta_self,0.5,25,5,256,40000,2.6882896423339844,0.49743134594608174,3,-0.009652965850267724,0.00970216577652554,0.5062025316455697,0.43037974683544306
d2_timescale,parallel,meta_self,0.75,37,0,256,40000,2.2104201316833496,0.48666453104193363,3,-0.029127781210822518,0.004136903096122035,0.49812760675273104,0.42592592592592593
d2_timescale,parallel,meta_self,0.75,37,1,256,40000,2.80464506149292,0.502817768397779,2,-0.041260229992923204,0.04283406639113456,0.5420657894736843,0.42592592592592593
d2_timescale,parallel,meta_self,0.75,37,2,256,40000,2.524226665496826,0.4737891007763624,2,0.006522167302733736,0.018386955782222634,0.49431231380337637,0.18518518518518517
d2_timescale,parallel,meta_self,0.75,37,3,256,40000,2.4923131465911865,0.5066468179191478,4,-0.07519905259642576,0.06212188248479359,0.5690707547169811,0.48148148148148145
d2_timescale,parallel,meta_self,0.75,37,4,256,40000,2.7466061115264893,0.50228248033969,2,0.006648865410724403,0.007316987586370856,0.5054697120158888,0.48148148148148145
d2_timescale,parallel,meta_self,0.75,37,5,256,40000,2.47725248336792,0.505688048038994,3,-0.09713375449926044,0.010168198714310319,0.5121626117179742,0.46296296296296297
d2_timescale,parallel,meta_self,0.75,37,6,256,40000,2.027621269226074,0.49185673726790785,3,-0.04966342896149279,0.01851993362741969,0.5116360476663356,0.16666666666666666
d2_timescale,parallel,meta_self,0.75,37,7,256,40000,2.3620028495788574,0.4911773573528303,3,-0.05541020696309553,0.04980393827609986,0.5423696623634559,0.35185185185185186
d2_timescale,parallel,meta_self,0.75,37,8,256,40000,2.480526924133301,0.5056258636717671,3,0.018628203392235528,0.01099602837588049,0.519867924528302,0.037037037037037035
d2_timescale,parallel,meta_self,0.75,37,9,256,40000,2.5222854614257812,0.5071587397301576,7,-0.013030806504926024,0.009446671570475918,0.5128326713008937,0.46296296296296297
d2_timescale,parallel,meta_self,1.0,50,2,256,40000,2.288304567337036,0.5025445340569333,4,-0.002783687929127948,0.06700593296840489,0.5796605128205129,0.5128205128205128
d2_timescale,parallel,meta_self,1.0,50,3,256,40000,2.3737587928771973,0.5049973618753298,5,-0.049205910303247405,0.06950769774960786,0.5831230769230769,0.5128205128205128
d2_timescale,parallel,meta_self,1.0,50,0,256,40000,2.599841356277466,0.49916258385467704,5,-0.02268745687226359,0.04136349867153237,0.5500335897435897,0.46153846153846156
d2_timescale,parallel,meta_self,1.0,50,1,256,40000,2.554516553878784,0.4923273284590839,6,-0.009080809889990965,0.09453170604052623,0.5939810256410257,0.46153846153846156
d2_timescale,parallel,meta_self,1.0,50,4,256,40000,2.4805095195770264,0.49711879098515116,4,-0.018068159429016517,0.010718897051762228,0.5179797435897436,0.4358974358974359
d2_timescale,parallel,meta_self,1.0,50,5,256,40000,2.6634058952331543,0.48798510087686237,5,-0.018944293933897044,0.013249775280898896,0.5045348717948718,0.15384615384615385
d2_timescale,parallel,meta_self,1.0,50,6,256,40000,2.5998597145080566,0.48887929951508763,4,-0.014830511629931625,0.054789530074586264,0.5536015384615384,0.48717948717948717
d2_timescale,parallel,meta_self,1.0,50,7,256,40000,2.3641388416290283,0.48952124318484463,2,-0.07117834812253612,0.07536301434104804,0.5676058974358974,0.46153846153846156
d2_timescale,parallel,meta_self,1.0,50,8,256,40000,2.593410015106201,0.48012662998417127,5,-0.0076223659037997354,0.0894515442235667,0.5772512820512821,0.41025641025641024
d2_timescale,parallel,meta_self,1.0,50,9,256,40000,2.924635410308838,0.4881803221024597,5,-0.022276082062090502,0.029713411440827172,0.5277930769230769,0.46153846153846156
d2_timescale,parallel,meta_self,1.25,62,2,256,40000,2.734462022781372,0.5228681440164819,31,0.3666883259021201,0.24220208871242632,0.7657991675338188,0.5625
d2_timescale,parallel,meta_self,1.25,62,3,256,40000,2.2150421142578125,0.5357032486620938,31,0.3664053350836445,0.23559781652557327,0.7707921436004163,0.59375
d2_timescale,parallel,meta_self,1.25,62,0,256,40000,2.7943201065063477,0.5241736388532952,31,0.3666883259021201,0.2407337941235565,0.7641196670135276,0.53125
d2_timescale,parallel,meta_self,1.25,62,1,256,40000,2.782888889312744,0.5275788296776464,30,0.3666867348176132,0.23871149956367496,0.7663652445369407,0.59375
d2_timescale,parallel,meta_self,1.25,62,4,256,40000,2.679516077041626,0.5288795507650562,31,0.3666883259021201,0.23647592540391302,0.7646147242455775,0.5625
d2_timescale,parallel,meta_self,1.25,62,5,256,40000,2.6025357246398926,0.5246760131654984,31,0.3666883259021201,0.2384926805600954,0.7621316337148802,0.59375
d2_timescale,parallel,meta_self,1.25,62,6,256,40000,2.4081623554229736,0.5252673299665838,31,0.3666883259021201,0.23608638760856895,0.7607968262226847,0.59375
d2_timescale,parallel,meta_self,1.25,62,7,256,40000,2.6264443397521973,0.5252759980905003,31,0.3666883259021201,0.23352099108257587,0.758474505723205,0.59375
d2_timescale,parallel,meta_self,1.25,62,8,256,40000,2.7923200130462646,0.5218700535162434,31,0.36668832377539073,0.2409628661406776,0.7615998959417274,0.53125
d2_timescale,parallel,meta_self,1.25,62,9,256,40000,3.015348196029663,0.528138112107736,31,0.3666883259021201,0.23911638670393176,0.7661469823100936,0.5625
d2_timescale,parallel,meta_self,1.5,75,0,256,40000,2.348717212677002,0.5434490339438707,26,0.48808217919697616,0.2667088483730703,0.8153846348489567,0.7307692307692307
d2_timescale,parallel,meta_self,1.5,75,1,256,40000,3.0780751705169678,0.5476114921735635,26,0.48808217919697616,0.26136832606644644,0.8146391895048273,0.7307692307692307
d2_timescale,parallel,meta_self,1.5,75,2,256,40000,2.951439142227173,0.5464071254491094,26,0.48808217919697616,0.26885991387116237,0.820287001712862,0.7307692307692307
d2_timescale,parallel,meta_self,1.5,75,3,256,40000,2.654116630554199,0.546906359136705,26,0.48808217919697616,0.25923913029093953,0.811196025381501,0.7307692307692307
d2_timescale,parallel,meta_self,1.5,75,4,256,40000,2.5082459449768066,0.5469022135122233,26,0.48808217919697616,0.26843461076743225,0.8204924478355652,0.7307692307692307
d2_timescale,parallel,meta_self,1.5,75,5,256,40000,2.5861260890960693,0.545952991130876,26,0.48808217919697616,0.26750729244758426,0.8189983649953286,0.7307692307692307
d2_timescale,parallel,meta_self,1.5,75,8,256,40000,2.2336907386779785,0.5429114846360644,26,0.48808217919697616,0.27215818954615956,0.8210542081905948,0.7307692307692307
d2_timescale,parallel,meta_self,1.5,75,9,256,40000,2.4801270961761475,0.5445047863119017,26,0.48808217919697616,0.2545220938544506,0.8039884771099346,0.7307692307692307
d2_timescale,parallel,meta_self,1.5,75,6,256,40000,2.3872745037078857,0.547889751513781,26,0.48808217919697616,0.27098435585148667,0.8246498170351916,0.7307692307692307
d2_timescale,parallel,meta_self,1.5,75,7,256,40000,2.838921070098877,0.540824728021909,26,0.48808217919697616,0.26626068636025135,0.812500525537216,0.7307692307692307
d2_timescale,parallel,meta_self,1.75,87,2,256,40000,2.5648348331451416,0.592360744704907,22,0.5542994996565138,0.2835133556399248,0.8765728365846628,1.0
d2_timescale,parallel,meta_self,1.75,87,3,256,40000,2.4303243160247803,0.5894992588125927,22,0.5542994996565138,0.2849786422462885,0.8731929055352683,1.0
d2_timescale,parallel,meta_self,1.75,87,0,256,40000,2.825427293777466,0.5897168412853948,22,0.5542994996565138,0.28118615268053865,0.8705146670190275,1.0
d2_timescale,parallel,meta_self,1.75,87,1,256,40000,2.547597885131836,0.5870059797492525,22,0.5542994996565138,0.2856653256311581,0.8721588506630791,1.0
d2_timescale,parallel,meta_self,1.75,87,4,256,40000,2.2705578804016113,0.5905948343006457,22,0.5542994996565138,0.2884010638753825,0.8778474317701327,1.0
d2_timescale,parallel,meta_self,1.75,87,5,256,40000,2.656261444091797,0.592098062862742,22,0.5542994996565138,0.28960868916707094,0.8812188040553527,1.0
d2_timescale,parallel,meta_self,1.75,87,6,256,40000,2.725893020629883,0.5875145096856863,22,0.5542994996565138,0.28687270497796474,0.8736090236402074,1.0
d2_timescale,parallel,meta_self,1.75,87,7,256,40000,2.4458401203155518,0.5894341850707269,22,0.5542994996565138,0.2789496003540644,0.8676497333269265,1.0
d2_timescale,parallel,meta_self,1.75,87,8,256,40000,2.0622806549072266,0.5912366523454184,22,0.5542994996565138,0.28481344096842975,0.8749538187103595,1.0
d2_timescale,parallel,meta_self,1.75,87,9,256,40000,2.6903862953186035,0.5934754151905731,22,0.5542994996565138,0.2853807022344426,0.8772074884681914,1.0
d2_timescale,parallel,meta_self,2.0,100,2,256,40000,2.7027769088745117,0.5836524207934474,19,0.5542988249087674,0.30705619911452703,0.8946384210526316,1.0
d2_timescale,parallel,meta_self,2.0,100,3,256,40000,2.4325599670410156,0.5884045626994296,19,0.5542988249087674,0.30965583900756893,0.9003499999999999,1.0
d2_timescale,parallel,meta_self,2.0,100,0,256,40000,2.4201512336730957,0.5848880681389915,19,0.5542988249087674,0.31050903715771944,0.8978057894736842,1.0
d2_timescale,parallel,meta_self,2.0,100,1,256,40000,2.965913772583008,0.5890993944875755,19,0.5542988249087674,0.3139050383558841,0.9059868421052633,1.0
d2_timescale,parallel,meta_self,2.0,100,4,256,40000,2.75197434425354,0.5844188588226427,19,0.5542988249087674,0.30972429615126107,0.8961834210526317,1.0
d2_timescale,parallel,meta_self,2.0,100,5,256,40000,2.46323299407959,0.5893309213336348,19,0.5542988249087674,0.31059539744001874,0.9025368421052633,1.0
d2_timescale,parallel,meta_self,2.0,100,6,256,40000,2.489341974258423,0.5861804979774378,19,0.5542988249087674,0.30905251351588303,0.8978063157894738,1.0
d2_timescale,parallel,meta_self,2.0,100,7,256,40000,2.2431740760803223,0.5871156503605437,19,0.5542988249087674,0.31339556408720304,0.9029492105263157,1.0
d2_timescale,parallel,meta_self,2.0,100,8,256,40000,2.486377239227295,0.5892285369714328,19,0.5542988249087674,0.31530455368362603,0.9066444736842106,1.0
d2_timescale,parallel,meta_self,2.0,100,9,256,40000,3.120182752609253,0.5870788422401446,19,0.5542988249087674,0.30520341381980776,0.89451,1.0
d2_timescale,parallel,meta_self,3.0,150,2,256,40000,2.7580227851867676,0.6621146453606694,12,0.5542008900929825,0.2258354477567536,0.900283888888889,0.9230769230769231
d2_timescale,parallel,meta_self,3.0,150,3,256,40000,2.3976383209228516,0.6566975704128037,12,0.5542008900929825,0.21852251135507159,0.8881380555555555,0.9230769230769231
d2_timescale,parallel,meta_self,3.0,150,0,256,40000,3.0098071098327637,0.6627239265345092,12,0.5542008900929825,0.2314723039886549,0.9057755555555557,0.9230769230769231
d2_timescale,parallel,meta_self,3.0,150,1,256,40000,2.603151321411133,0.6659989698751287,12,0.5542008900929825,0.22844265039271686,0.9075533333333334,0.9230769230769231
d2_timescale,parallel,meta_self,3.0,150,4,256,40000,2.140749216079712,0.6606958367880204,12,0.5542008900929825,0.22771976868380342,0.9015052777777779,0.9230769230769231
d2_timescale,parallel,meta_self,3.0,150,5,256,40000,2.5234897136688232,0.6625151378106078,12,0.5542008900929825,0.23125051390376453,0.9057147222222223,0.9230769230769231
d2_timescale,parallel,meta_self,3.0,150,8,256,40000,2.2406036853790283,0.6525243084344615,12,0.5542008900929825,0.2258493505791582,0.8918863888888887,0.9230769230769231
d2_timescale,parallel,meta_self,3.0,150,9,256,40000,2.584221839904785,0.6560939423632572,12,0.5542008900929825,0.21800014974810586,0.8865077777777778,0.9230769230769231
d2_timescale,parallel,meta_self,3.0,150,6,256,40000,2.8945486545562744,0.6601733624783296,12,0.5542008900929825,0.2261249698520369,0.8986388888888889,0.9230769230769231
d2_timescale,parallel,meta_self,3.0,150,7,256,40000,2.7241716384887695,0.6595142081857239,12,0.5542008900929825,0.22300235322702208,0.8958222222222222,0.9230769230769231
d2_timescale,parallel,meta_self,4.0,200,0,256,40000,2.6857967376708984,0.7469464335066958,9,0.5535099484005158,0.14517445621035402,0.8940747222222222,1.0
d2_timescale,parallel,meta_self,4.0,200,1,256,40000,3.0280303955078125,0.7547379462827566,9,0.5535099484005158,0.1454194066985296,0.9030594444444444,1.0
d2_timescale,parallel,meta_self,4.0,200,2,256,40000,2.8101539611816406,0.7484344614456924,9,0.5535099484005158,0.14283025658452453,0.8941522222222223,1.0
d2_timescale,parallel,meta_self,4.0,200,3,256,40000,2.9241244792938232,0.7524689078163865,9,0.5535099484005158,0.1405086589786314,0.8950875000000001,1.0
d2_timescale,parallel,meta_self,4.0,200,4,256,40000,2.401893377304077,0.7515252129343484,9,0.5535099484005158,0.15153008133824433,0.9053336111111112,1.0
d2_timescale,parallel,meta_self,4.0,200,5,256,40000,2.8252952098846436,0.7520659028667621,9,0.5535099484005158,0.1488953041231839,0.9026869444444444,1.0
d2_timescale,parallel,meta_self,4.0,200,6,256,40000,2.7247729301452637,0.7535381020577372,9,0.5535099484005158,0.14959088814347105,0.9051950000000001,1.0
d2_timescale,parallel,meta_self,4.0,200,7,256,40000,2.5182197093963623,0.7491010276123716,9,0.5535099484005158,0.14552298517933882,0.897938888888889,1.0
d2_timescale,parallel,meta_self,4.0,200,8,256,40000,2.9061591625213623,0.7566112660485917,9,0.5535099484005158,0.14463948675787078,0.9048225000000001,1.0
d2_timescale,parallel,meta_self,4.0,200,9,256,40000,2.4012627601623535,0.7425053390618327,9,0.5535099484005158,0.13979869274167617,0.8842933333333333,1.0
d2_timescale,parallel,meta_self,10.0,500,0,256,40000,2.7067151069641113,0.8559532423808447,3,0.503762146542918,0.0031460416666667657,0.9082704166666667,1.0
d2_timescale,parallel,meta_self,10.0,500,1,256,40000,2.4390265941619873,0.8522764503404437,3,0.503762146542918,-0.002925416666666717,0.89894125,1.0
d2_timescale,parallel,meta_self,10.0,500,2,256,40000,2.6878232955932617,0.8535702620537173,3,0.503762146542918,-0.0031200000000001227,0.9037337499999999,1.0
d2_timescale,parallel,meta_self,10.0,500,3,256,40000,1.5874755382537842,0.8454742343157208,3,0.503762146542918,-0.004258541666666615,0.8921008333333335,1.0
d2_timescale,parallel,meta_self,10.0,500,4,256,40000,2.4395134449005127,0.8489097007612875,3,0.503762146542918,0.0068368750000000755,0.9031487500000001,1.0
d2_timescale,parallel,meta_self,10.0,500,5,256,40000,1.4696602821350098,0.8496586769176654,3,0.503762146542918,-0.0001043749999999714,0.8977366666666667,1.0
d2_timescale,parallel,meta_self,10.0,500,6,256,40000,2.2462222576141357,0.8483161227104847,3,0.503762146542918,0.004819999999999973,0.9006575,1.0
d2_timescale,parallel,meta_self,10.0,500,7,256,40000,1.2478623390197754,0.8538928670133916,3,0.503762146542918,-0.00374895833333333,0.9013154166666667,1.0
d2_timescale,parallel,meta_self,10.0,500,8,256,40000,1.8746154308319092,0.847559232180096,3,0.503762146542918,-0.007477708333333351,0.8918425000000001,1.0
d2_timescale,parallel,meta_self,10.0,500,9,256,40000,1.022085428237915,0.8356833999145751,3,0.503762146542918,-0.00235916666666669,0.8826916666666665,1.0
