config_name,topology,coupling_mode,kappa,seed_idx,n_units,cv_tau,t_total,n_washout,k_max,ftle_per_pulse,mc_total,mc_total_test,mc_k0,mc_k0_test,inter_rms,alpha_clip_frac,g_abs_mean,mean_state,runtime_s
parallel,parallel,0,0.0,0,256,0.2,1200,200,50,-0.06561883509024621,11.91612799685647,8.916901719664576,0.6410117667234492,0.6413897553938912,0.024897480230022036,0.0,0.0,0.2210756185663168,1.8558549880981445
parallel,parallel,0,0.0,1,256,0.2,1200,200,50,-0.06505190410681362,9.37582486519331,9.33453393622812,0.6632934684022247,0.6686484770846138,0.02037977799598676,0.0,0.0,0.22078234414852693,0.5117578506469727
parallel,parallel,0,0.0,2,256,0.2,1200,200,50,-0.05421175516866145,10.631981354731538,9.380334353495304,0.6740817707503965,0.6586327292055151,0.02307134460416719,0.0,0.0,0.21459848636152515,0.5621263980865479
parallel,parallel,0,0.0,3,256,0.2,1200,200,50,-0.06176788201646552,9.400431522113681,5.774866527715385,0.6606619778322211,0.6523565696111859,0.022067701383559263,0.0,0.0,0.22230321859211108,0.5789437294006348
parallel,parallel,0,0.0,4,256,0.2,1200,200,50,-0.06589233948930179,10.102878850622067,10.268152348593594,0.6432937768941048,0.6542482812988928,0.020629550963469665,0.0,0.0,0.21832279794296458,2.0393431186676025
parallel,parallel,0,0.0,5,256,0.2,1200,200,50,-0.06547129847447664,10.565883157325482,10.7876840157449,0.6639158047601202,0.6497593988585891,0.024009983523360697,0.0,0.0,0.2182454347858601,0.5309929847717285
parallel,parallel,0,0.0,6,256,0.2,1200,200,50,-0.06425406852834427,11.794825575984708,9.479327898966012,0.6758183148684968,0.6952122972451049,0.02331067467239687,0.0,0.0,0.21687024407511765,0.4058101177215576
parallel,parallel,0,0.0,7,256,0.2,1200,200,50,-0.06762181028529661,11.317197363208786,11.37255906890023,0.6535587697611224,0.6529202618389958,0.023487274419455893,0.0,0.0,0.21500651444739455,0.5789968967437744
parallel,parallel,0,0.0,8,256,0.2,1200,200,50,-0.06390240894403601,10.85780917845126,7.795573378070855,0.6711394160996519,0.6700136443693472,0.02267704765890675,0.0,0.0,0.21807667726412217,2.086010217666626
parallel,parallel,0,0.0,9,256,0.2,1200,200,50,-0.06534015843828823,11.375615735672323,7.615504655551882,0.6516986575867443,0.6541248703710517,0.01995018927213385,0.0,0.0,0.22049891771696448,0.5401961803436279
ring_bidir,ring_bidir,1,0.1,0,256,0.2,1200,200,50,-0.0686214715272233,11.963226383627495,8.938753553564439,0.6541862202623782,0.6538949941770671,0.0249286775969654,0.0,0.14417800348964765,0.22114178771905443,0.7783505916595459
ring_bidir,ring_bidir,1,0.1,1,256,0.2,1200,200,50,-0.06787918161616034,9.490853851287678,9.408996365043794,0.6802369250723617,0.6840202643360144,0.020414674954750998,0.0,0.14051150893560513,0.22084984433928453,0.8466873168945312
ring_bidir,ring_bidir,1,0.1,2,256,0.2,1200,200,50,-0.05594169031046911,10.746138876592646,9.495250622944825,0.6893979345541466,0.677110130492067,0.02310904914324674,0.0,0.15371082768419367,0.21467023882601532,2.4817967414855957
ring_bidir,ring_bidir,1,0.1,3,256,0.2,1200,200,50,-0.06438355068151286,9.479091574750557,5.868290902267445,0.6732025482995616,0.6652538131189234,0.022101585081110545,0.0,0.1415818055379085,0.2223789702250007,0.7952582836151123
ring_bidir,ring_bidir,1,0.1,4,256,0.2,1200,200,50,-0.06892361694382168,10.158775278052511,10.233845931803108,0.6563001453095793,0.6680635380982027,0.020659275811030657,0.0,0.14282560705650849,0.21838755205509006,0.7630906105041504
ring_bidir,ring_bidir,1,0.1,5,256,0.2,1200,200,50,-0.06794504064643427,10.636279566338887,10.842392183616425,0.6778795679562591,0.662440438648185,0.024039416064251827,0.0,0.12753018992466422,0.21830379005203582,1.2804663181304932
ring_bidir,ring_bidir,1,0.1,6,256,0.2,1200,200,50,-0.0670539728644856,11.885296694678875,9.55341706567837,0.6878052761327628,0.7079062991794867,0.02334125534996732,0.0,0.13335099732078745,0.21692366402481703,2.843238353729248
ring_bidir,ring_bidir,1,0.1,7,256,0.2,1200,200,50,-0.07079027352608437,11.397272289315847,11.409538042507258,0.669812866773212,0.6674811986746501,0.023517835494706745,0.0,0.13856097223397057,0.21505783361635417,0.9145519733428955
ring_bidir,ring_bidir,1,0.1,8,256,0.2,1200,200,50,-0.06676172061597886,11.021562033061116,7.889228491312956,0.6853549414514571,0.6838125671737888,0.02271312457343888,0.0,0.1500271536755152,0.21814635438670887,1.3307733535766602
ring_bidir,ring_bidir,1,0.1,9,256,0.2,1200,200,50,-0.06774053693652979,11.441453445665772,7.636493967998023,0.6639269782152487,0.6669308357247725,0.01998320709744936,0.0,0.14402410288849146,0.22056671193170194,1.2708547115325928
ring_bidir,ring_bidir,1,0.3,0,256,0.2,1200,200,50,-0.07160646539722473,12.08917907119831,9.008367334960866,0.6838760506481297,0.6813669317316778,0.02495470578968851,0.0,0.11670270956388555,0.22106264227864414,3.0065581798553467
ring_bidir,ring_bidir,1,0.3,1,256,0.2,1200,200,50,-0.07202146995984395,9.748887563929536,9.563387431328714,0.7114173818890656,0.7134990362652345,0.02044936751669442,0.0,0.11373734574652382,0.2207628782974979,1.0050787925720215
ring_bidir,ring_bidir,1,0.3,2,256,0.2,1200,200,50,-0.059227252842270275,10.950325202257753,9.705352490662538,0.7181483372289016,0.7111333349825423,0.023141274778734188,0.0,0.1250606512752278,0.21455622478250455,1.1856541633605957
ring_bidir,ring_bidir,1,0.3,3,256,0.2,1200,200,50,-0.06845705485120859,9.673732008458837,6.112887573862653,0.7007942609110052,0.6935026478698029,0.022133389931075765,0.0,0.11452510571635484,0.22230293588804578,1.469672679901123
ring_bidir,ring_bidir,1,15.0,4,256,0.2,1200,200,50,-0.007145225873210652,22.81472613170135,8.802229563522221,0.9913322117920382,0.9829007762422101,0.024414082377481786,0.22480794270833335,0.05835036211094828,0.22717826743799918,0.7630612850189209
ring_bidir,ring_bidir,1,15.0,5,256,0.2,1200,200,50,-0.016913253017154087,24.331433022236144,10.643841781466236,0.9921595735753996,0.984981868354798,0.02641318178729735,0.216630859375,0.05739179856881213,0.22636300874581042,0.8383874893188477
ring_bidir,ring_bidir,1,15.0,6,256,0.2,1200,200,50,-0.010599490349305237,24.013746917157285,9.122057314925097,0.9908550138288741,0.9777938456482226,0.026043210195030142,0.22666015625000002,0.0579127409606699,0.22510087847133803,1.5948717594146729
ring_bidir,ring_bidir,1,15.0,7,256,0.2,1200,200,50,-0.025744235025363753,25.13807641040646,5.456614485228308,0.9895388606335459,0.9832112884814461,0.026015894727655725,0.21468424479166667,0.056967900318739446,0.2233664824337338,1.7502758502960205
ring_bidir,ring_bidir,1,15.0,8,256,0.2,1200,200,50,-0.018618358831899048,24.156441260889135,10.899579427060392,0.9921007726879318,0.9878113230070342,0.023253141746305796,0.222978515625,0.05758465925430944,0.22566875717067963,0.9827556610107422
ring_bidir,ring_bidir,1,15.0,9,256,0.2,1200,200,50,-0.00968282067787212,23.809018391945983,7.945327675653801,0.9915029826563597,0.9914146166886105,0.024122973523459167,0.19777669270833334,0.055541665678150186,0.22751195194044613,1.531604290008545
ring_bidir,ring_bidir,1,20.0,0,256,0.2,1200,200,50,-0.056484027412139086,25.721591730412097,12.855336779944505,0.9925144904032939,0.9917978249406708,0.029496118435644383,0.4448958333333334,0.08297065544083868,0.28608995680800126,1.4421002864837646
ring_bidir,ring_bidir,1,20.0,1,256,0.2,1200,200,50,-0.07571812596095291,26.013783957377868,10.424662603950283,0.9930176711185056,0.9810059688365719,0.02516905476980743,0.4427799479166667,0.08205008142830782,0.284144136996123,1.3315768241882324
ring_bidir,ring_bidir,1,0.3,4,256,0.2,1200,200,50,-0.07283403423476636,10.31380528704163,10.239951029627978,0.6867384196395176,0.7008666482615012,0.02068710465602107,0.0,0.11626978796717317,0.21831016381101914,3.9338526725769043
ring_bidir,ring_bidir,1,0.3,5,256,0.2,1200,200,50,-0.07267024516866502,10.79626618166591,10.96068246416324,0.7065422382855179,0.6893753165358326,0.024064787587670562,0.0,0.10430549510689377,0.2182319344697797,0.9828188419342041
ring_bidir,ring_bidir,1,0.3,6,256,0.2,1200,200,50,-0.07131814005225244,12.051424296099956,9.701316722081906,0.7116640182809932,0.7315435849515378,0.023370329700090734,0.0,0.10920935131953173,0.2168382307833767,1.6189868450164795
ring_bidir,ring_bidir,1,0.3,7,256,0.2,1200,200,50,-0.07486545154730533,11.623368086955038,11.534798411164916,0.7029704480310357,0.6971011399828005,0.02354552477539102,0.0,0.11318755716750947,0.2149699591614454,1.3113327026367188
ring_bidir,ring_bidir,1,0.3,8,256,0.2,1200,200,50,-0.07003718264432358,11.341048191089786,8.079650193586401,0.7136619262853889,0.7125098997525001,0.022745678087677405,0.0,0.12292168226010601,0.21804588392888505,3.8618788719177246
ring_bidir,ring_bidir,1,0.3,9,256,0.2,1200,200,50,-0.07203559735844536,11.609639296694771,7.732460995339389,0.6916604535321482,0.6951062229955732,0.02001573647656164,0.0,0.11684844556989649,0.22047893594647808,1.5501954555511475
ring_bidir,ring_bidir,1,1.0,0,256,0.2,1200,200,50,-0.07568876016670124,12.79503316460358,9.463253655382012,0.7905372446120211,0.7844213377061997,0.02495877940901054,0.0,0.07128799631628492,0.22040991559850956,1.382295846939087
ring_bidir,ring_bidir,1,1.0,1,256,0.2,1200,200,50,-0.07894064128708733,10.53774199205597,9.920765206745978,0.806852236523078,0.809808429496769,0.020470988317202635,0.0,0.06982703710085555,0.22006219084029469,1.3972861766815186
ring_bidir,ring_bidir,1,1.0,2,256,0.2,1200,200,50,-0.06845981291490336,11.408108282121704,10.064713466842859,0.806784865042138,0.809230234579539,0.02314790843076764,0.0,0.07687091936790555,0.2137114084652422,3.918344020843506
ring_bidir,ring_bidir,1,1.0,3,256,0.2,1200,200,50,-0.07526453148868985,10.360481345572861,6.869166641659345,0.8010726881639453,0.795482926720341,0.022149885379662865,0.0,0.06970314673895556,0.2216308255286731,1.4770424365997314
ring_bidir,ring_bidir,1,1.0,4,256,0.2,1200,200,50,-0.07719848751101982,11.016007485222975,10.579116621974151,0.7994493326825467,0.8093256726274801,0.020701079639118287,0.0,0.07184933499967447,0.2176609500664729,1.655731439590454
ring_bidir,ring_bidir,1,1.0,5,256,0.2,1200,200,50,-0.07677657673168502,11.383562396867438,11.393790679563594,0.8042639460903542,0.7924808679266384,0.024071350365200642,0.0,0.06493300948858945,0.2176334583905112,1.1640303134918213
ring_bidir,ring_bidir,1,1.0,6,256,0.2,1200,200,50,-0.07941474525691446,12.520985514285304,10.13089994432595,0.8016100447568244,0.8091767492952275,0.0233879495074526,0.0,0.06811700990140755,0.21620021550196067,4.246159791946411
ring_bidir,ring_bidir,1,1.0,7,256,0.2,1200,200,50,-0.08170311349154857,12.522638809457185,12.09460832189783,0.8043019523137953,0.7952544348490008,0.023555857137647927,0.0,0.0700072956940125,0.21432121069972088,1.5049152374267578
ring_bidir,ring_bidir,1,1.0,8,256,0.2,1200,200,50,-0.07389141885676526,11.940953282297473,8.45203191286979,0.8058600304453214,0.8083912270557077,0.02275607391217962,0.0,0.07641442318139657,0.21725047208464085,1.3672358989715576
ring_bidir,ring_bidir,1,1.0,9,256,0.2,1200,200,50,-0.07941476850082822,12.326452761644783,8.173965850737472,0.7982332360095389,0.7968392297708229,0.02003626916351481,0.0,0.07163988273803784,0.21977867133354037,1.3379850387573242
ring_bidir,ring_bidir,1,3.0,0,256,0.2,1200,200,50,-0.0799067598145777,13.377375113329885,9.664677820257356,0.9344895386942765,0.9338843136262424,0.02494432750406407,6.510416666666667e-06,0.034804580961030174,0.21924066816535756,4.250598907470703
ring_bidir,ring_bidir,1,3.0,1,256,0.2,1200,200,50,-0.08415753116216818,11.140824022324031,10.2228865592795,0.9420006969931176,0.9397121027203162,0.02046378279665661,9.765625e-06,0.03430637571501429,0.2188106227222617,1.3856518268585205
ring_bidir,ring_bidir,1,3.0,2,256,0.2,1200,200,50,-0.07927331718200159,11.938335849756283,10.204464922186606,0.9428718374422438,0.944368629066763,0.02313391558434846,4.557291666666667e-05,0.03769833183667892,0.21224601837718038,1.5280978679656982
ring_bidir,ring_bidir,1,3.0,3,256,0.2,1200,200,50,-0.07809614014946463,11.083502696315305,7.642009303789198,0.9442022643440925,0.9448782771246683,0.0221433552155746,6.510416666666667e-06,0.03419309911476355,0.22042368080594624,1.5595917701721191
ring_bidir,ring_bidir,1,10.0,2,256,0.2,1200,200,50,-0.08741977297672354,13.40459814383397,10.88564863851451,0.991155402491239,0.992002159671548,0.023165291299159695,0.000654296875,0.014576628773856022,0.2107965041664893,4.138700008392334
ring_bidir,ring_bidir,1,10.0,3,256,0.2,1200,200,50,-0.081931899563921,12.547753983458517,8.904040181268815,0.992595827620111,0.9956226891133699,0.022162024151815028,0.000380859375,0.013443129662707201,0.21914241196925882,1.5887463092803955
ring_bidir,ring_bidir,1,10.0,4,256,0.2,1200,200,50,-0.0875710444614941,13.080924509275174,11.240829817515433,0.9907661167226085,0.9866090202396093,0.020719389994582407,0.0004850260416666667,0.013817341701021415,0.21517111514321216,1.4567363262176514
ring_bidir,ring_bidir,1,10.0,5,256,0.2,1200,200,50,-0.08405773299194154,13.626150204510537,12.385876008594062,0.9914979670447779,0.9856064575549107,0.02407492426436743,0.0004361979166666667,0.012680941230305841,0.21538990827449347,1.3518049716949463
ring_bidir,ring_bidir,1,3.0,4,256,0.2,1200,200,50,-0.08205565687602848,11.740307277365845,10.685708162675654,0.9400489904670254,0.9374593391527009,0.020696247685597764,6.510416666666667e-06,0.03541397725321861,0.21646130675075628,4.303844928741455
ring_bidir,ring_bidir,1,3.0,5,256,0.2,1200,200,50,-0.07947150986871472,12.069615322364061,11.670864694468237,0.9413811453834042,0.9378401527533551,0.024059716945286885,1.3020833333333334e-05,0.032335431136629886,0.216538893785486,1.5676476955413818
ring_bidir,ring_bidir,1,3.0,6,256,0.2,1200,200,50,-0.08530780668344286,13.00541622633284,10.380201224679658,0.9396818738638375,0.9396571980347899,0.02338984791986018,3.2552083333333335e-06,0.034106166958128056,0.2150365127962491,1.4991979598999023
ring_bidir,ring_bidir,1,3.0,7,256,0.2,1200,200,50,-0.08598532903076203,12.974616283555713,12.225089593238565,0.9405659930330268,0.9383072515192123,0.023549600122644856,6.510416666666667e-06,0.034440474674415814,0.21316621148826326,1.4007046222686768
ring_bidir,ring_bidir,1,20.0,2,256,0.2,1200,200,50,-0.05877269843543618,27.133830515694058,10.749732356746113,0.9940788852470279,0.9891351341237157,0.030253588768487775,0.43510091145833335,0.08343146189664677,0.2784956239724329,1.3504128456115723
ring_bidir,ring_bidir,1,20.0,3,256,0.2,1200,200,50,-0.07437328653325923,25.742941704045485,11.441403025560904,0.9946845524061386,0.9925754439178954,0.030195415147846606,0.4348893229166667,0.08134208114094264,0.28534713479605817,1.5652904510498047
ring_bidir,ring_bidir,1,20.0,4,256,0.2,1200,200,50,-0.06571080179768009,26.36240649050879,12.43862886468261,0.9937845797866817,0.9870921848318558,0.03226353631529245,0.43496419270833336,0.08153484811305205,0.28093544224516614,1.528721809387207
ring_bidir,ring_bidir,1,20.0,5,256,0.2,1200,200,50,-0.06754070211560385,26.502903282916126,12.247499131452113,0.9946509392078714,0.9895092308909614,0.028568369480036705,0.437919921875,0.08156684628885837,0.2811361917551965,1.5736467838287354
ring_bidir,ring_bidir,1,10.0,6,256,0.2,1200,200,50,-0.0888264658468288,14.071465953499967,10.938674863139676,0.9904824354837436,0.99093817856508,0.023418489373558015,0.00035481770833333334,0.0133584243151895,0.21377224823417276,4.7327351570129395
ring_bidir,ring_bidir,1,10.0,7,256,0.2,1200,200,50,-0.08879517012257741,13.996743504804055,12.421335777988167,0.9891174167037194,0.9889562696530008,0.023572774926157804,0.0004069010416666667,0.013289965034789988,0.2119791484956994,1.370270013809204
ring_bidir,ring_bidir,1,10.0,8,256,0.2,1200,200,50,-0.08700499779332548,13.655717669158177,9.717867677770826,0.9902878106445024,0.991574631725841,0.02276634227344382,0.0005794270833333334,0.014631929861940646,0.2143123156235777,1.1827607154846191
ring_bidir,ring_bidir,1,10.0,9,256,0.2,1200,200,50,-0.08653796727220917,14.211879135526742,9.264123661188721,0.9906643938160121,0.9938929823939762,0.020064889530820296,0.00047200520833333334,0.013785592717861478,0.21721413488625096,1.280364990234375
ring_bidir,ring_bidir,1,3.0,8,256,0.2,1200,200,50,-0.07971665053978538,12.39050516080198,8.760710300051578,0.9413401030134232,0.944409844665446,0.02274258791676004,2.2786458333333334e-05,0.03789214431058747,0.2158150799463652,4.411518573760986
ring_bidir,ring_bidir,1,3.0,9,256,0.2,1200,200,50,-0.08335602485889113,12.993245616493978,8.491626851803897,0.9423441479550112,0.9426531956033033,0.020035775600381205,1.6276041666666666e-05,0.03530304637284611,0.21852873220891536,1.5155200958251953
ring_bidir,ring_bidir,1,10.0,0,256,0.2,1200,200,50,-0.08378354090246577,14.457754205448072,10.082461926835801,0.987860837177759,0.9899316022813575,0.024956005962607008,0.0004947916666666667,0.013529283066556812,0.21802002960332312,1.5756266117095947
ring_bidir,ring_bidir,1,10.0,1,256,0.2,1200,200,50,-0.08708978353844721,12.503975086568575,10.432886675801045,0.9920159057425417,0.9856989977004984,0.02047859140662849,0.00046875000000000004,0.013281926494530208,0.21754122157641573,1.621333360671997
ring_bidir,ring_bidir,1,15.0,0,256,0.2,1200,200,50,-0.016222648884888922,22.953448135544704,9.35183344749377,0.9892908870301714,0.9885664171960282,0.02770608060082953,0.19480794270833335,0.05591121057198903,0.22871686366378097,4.6401660442352295
ring_bidir,ring_bidir,1,15.0,1,256,0.2,1200,200,50,-0.011905684364804225,23.428116574771654,10.005762203040861,0.9926407472815438,0.9830472717871521,0.023518294632011917,0.21348958333333334,0.05716325508680818,0.22857309546784987,1.2681667804718018
ring_bidir,ring_bidir,1,15.0,2,256,0.2,1200,200,50,-0.018843088580110533,22.550266765235236,8.74764445519008,0.9922447423746007,0.9866881214803412,0.02392363620323284,0.23738606770833334,0.0593210387502847,0.22279092262899064,1.551710605621338
ring_bidir,ring_bidir,1,15.0,3,256,0.2,1200,200,50,-0.019959232448587442,22.553608075304666,6.533424487505793,0.9928963313404126,0.988245795402471,0.025727593803748394,0.20742513020833334,0.05697852884487089,0.2299519041488267,1.2102265357971191
ring_bidir,ring_bidir,1,20.0,6,256,0.2,1200,200,50,-0.100566168897382,26.125904887714093,12.611075194480193,0.9931443954952153,0.9912525190364854,0.029208135708709986,0.4406640625,0.08274777447158846,0.2806746299907356,1.3486812114715576
ring_bidir,ring_bidir,1,20.0,7,256,0.2,1200,200,50,-0.0841331382131864,26.55192122434236,12.590240594833247,0.9916690795622288,0.9905745842920217,0.031185229015567344,0.4590592447916667,0.08697689682024123,0.28448178794761586,1.2891185283660889
ring_bidir,ring_bidir,1,20.0,8,256,0.2,1200,200,50,-0.05269680443257096,27.252338346871042,12.083482081938973,0.9933476689433008,0.9906091252833721,0.032648891429628325,0.4347330729166667,0.0815515426505316,0.2798565842226812,1.4170887470245361
ring_bidir,ring_bidir,1,20.0,9,256,0.2,1200,200,50,-0.045106092572854695,25.45937835289604,11.342899582277147,0.9931134835840244,0.9872005896453835,0.028901904526459073,0.4442936197916667,0.0834437893290019,0.28525769175798577,1.5388975143432617
ring_bidir,ring_bidir,1,25.0,0,256,0.2,1200,200,50,-0.11337743334859703,31.852827421413078,9.671398331440935,0.9940710479193485,0.9795998455237258,0.03485967058434856,0.5086165364583334,0.10228229560516879,0.3467276102986277,1.735595703125
ring_bidir,ring_bidir,1,25.0,1,256,0.2,1200,200,50,-0.07231255524708959,31.96715320117728,13.67200356839912,0.9944593014287508,0.9834540825860484,0.03145491102797118,0.48784505208333334,0.0990562919237196,0.34203167961973613,1.3056180477142334
ring_bidir,ring_bidir,1,25.0,2,256,0.2,1200,200,50,-0.044144490280725195,32.28791349019385,10.6141846453644,0.9953099563863164,0.9884639966381192,0.03508506884081579,0.5032421875,0.10148978839842791,0.3353766446895188,1.3406035900115967
ring_bidir,ring_bidir,1,25.0,3,256,0.2,1200,200,50,-0.08457320520062281,32.42629232199836,12.131511164056741,0.9959192339055734,0.9909296007467927,0.03486012865526769,0.476982421875,0.09594353625017714,0.3394367830968524,1.2117295265197754
ring_bidir,ring_bidir,1,25.0,4,256,0.2,1200,200,50,-0.08753112544643418,31.78185231323942,13.357765636386125,0.9959515569984161,0.9887604146404155,0.03692344374213853,0.5009147135416667,0.10128501330035117,0.34177908911295574,1.42659330368042
ring_bidir,ring_bidir,1,25.0,5,256,0.2,1200,200,50,-0.037535527920693944,31.88589161147942,8.82426034626055,0.9956860550761358,0.9469969418199853,0.033357708172284346,0.4874674479166667,0.09956066963598244,0.33969761451155883,1.4821372032165527
ring_bidir,ring_bidir,1,25.0,6,256,0.2,1200,200,50,0.006095612601089715,32.37486633539919,8.537235119425185,0.9949959905798048,0.9604512742043292,0.035319780202938224,0.5011002604166667,0.10230227934418222,0.34143641725916657,1.0824120044708252
ring_bidir,ring_bidir,1,25.0,7,256,0.2,1200,200,50,-0.09311595423287045,32.042911770182485,14.036921604706214,0.9937604304048429,0.9909403750176394,0.035478563973289017,0.5112825520833334,0.1039840558903105,0.34132482455563934,1.5243542194366455
ring_bidir,ring_bidir,1,25.0,8,256,0.2,1200,200,50,-0.07024960774888918,32.31948391386252,12.252240077996602,0.9946324322581036,0.987388648633763,0.03612235816835682,0.50072265625,0.10069393206565472,0.3385744682646492,1.2663280963897705
ring_bidir,ring_bidir,1,25.0,9,256,0.2,1200,200,50,-0.10125489557566059,31.869840537454643,10.554133146815115,0.994924791059395,0.9855635858518174,0.03395158526713342,0.510205078125,0.10296662087548754,0.34567665668255754,1.4722416400909424
ring_bidir,ring_bidir,1,30.0,0,256,0.2,1200,200,50,0.05511963733194937,33.13484952439577,9.788068122743777,0.9898099300163683,0.9800831738672461,0.0388623612519517,0.5982649739583333,0.10851270398108119,0.37350087170778806,1.0646204948425293
ring_bidir,ring_bidir,1,30.0,1,256,0.2,1200,200,50,0.11536138692428376,33.31299641594862,11.518786698978133,0.989581910582102,0.973022636175835,0.034316104553292634,0.6015104166666667,0.10889503466600012,0.374895275291022,1.4922339916229248
ring_bidir,ring_bidir,1,30.0,6,256,0.2,1200,200,50,0.12986952695706355,33.4378820109193,12.058534474496062,0.9896751134449675,0.9790768514105168,0.039039600690096134,0.6119303385416667,0.11092947012644568,0.3704121093174507,1.3848450183868408
ring_bidir,ring_bidir,1,30.0,7,256,0.2,1200,200,50,0.06584229632508075,32.786583038116746,8.476914407440912,0.9876941763724219,0.8851247969818409,0.03800866863335193,0.6234147135416667,0.11217736108675011,0.3693080528964717,1.2218647003173828
ring_bidir,ring_bidir,1,30.0,8,256,0.2,1200,200,50,0.08796467415000836,33.69912328527068,9.524203584146862,0.9903150732014926,0.9691343960179758,0.03780722767275458,0.5906705729166667,0.10739935667236024,0.3668466030024413,1.427170991897583
ring_bidir,ring_bidir,1,30.0,9,256,0.2,1200,200,50,0.046193688531588076,33.65062463445206,9.950375892717888,0.9889521490857763,0.9703694836827131,0.036499708963149455,0.6047786458333334,0.11072498874978733,0.37425969413539384,0.9564955234527588
ring_bidir,ring_bidir,1,30.0,2,256,0.2,1200,200,50,0.12508089806381362,33.552720300682346,11.273849671606365,0.989244057165738,0.9757292973914107,0.03790702541586709,0.60791015625,0.1101610217826131,0.3641999145120849,1.4894378185272217
ring_bidir,ring_bidir,1,30.0,3,256,0.2,1200,200,50,0.08392102850052167,32.93516611936792,10.192475722020653,0.9914870546833313,0.9729440087195808,0.037390221070478694,0.57603515625,0.10477131392583545,0.37165306315663654,1.3976595401763916
ring_bidir,ring_bidir,1,30.0,4,256,0.2,1200,200,50,0.027988346106774305,33.7892792801739,10.117002327145523,0.9908751640682746,0.9696730104966209,0.039118423601406674,0.606689453125,0.10982483971767162,0.37074998956912875,1.5149390697479248
ring_bidir,ring_bidir,1,30.0,5,256,0.2,1200,200,50,0.12679832321566553,34.005788053295284,10.549946791040776,0.9905037275538434,0.9151917375031702,0.03652009798560097,0.6115494791666667,0.11178284329983666,0.3749060338655014,0.8837587833404541
ring_bidir,ring_bidir,1,50.0,4,256,0.2,1200,200,50,0.40980033772745456,31.115212911540755,4.914455715594866,0.9482261142373413,0.8031777700270352,0.038916056627486185,0.7831705729166667,0.11214388536442933,0.3956797485566349,1.6746132373809814
ring_bidir,ring_bidir,1,50.0,5,256,0.2,1200,200,50,0.39182437397839776,30.598418651982968,4.512339349168906,0.9501165524109263,0.8378008969523151,0.04169381361974565,0.8060579427083334,0.11458775952312418,0.40030415432836447,1.4117674827575684
ring_bidir,ring_bidir,1,50.0,6,256,0.2,1200,200,50,0.39228593971737424,31.09721308301825,5.277895417710185,0.9554870199183058,0.8549370002079746,0.04194304709177387,0.7920670572916667,0.11414614901374358,0.39559321189619806,1.1122710704803467
ring_bidir,ring_bidir,1,50.0,7,256,0.2,1200,200,50,0.3906789300002263,31.43875576364727,5.31896230091964,0.9504219421602145,0.8736464816338687,0.04198954039080216,0.7892382812500001,0.11414537282858628,0.3923138506292045,1.1449108123779297
ring_bidir,ring_bidir,1,100.0,6,256,0.2,1200,200,50,0.5017345109174981,30.919901895480592,3.9257315761464864,0.927455444911458,0.8254186958657261,0.04464636801355033,0.8928515625000001,0.1141350113711516,0.40567886062611686,1.2293047904968262
ring_bidir,ring_bidir,1,100.0,7,256,0.2,1200,200,50,0.46662669302907434,31.573531655979032,2.3923010042549637,0.930288429176564,0.789177086082799,0.044249687222495636,0.8890820312500001,0.11303895974475157,0.4026126147196675,1.276303768157959
ring_bidir,ring_bidir,1,100.0,8,256,0.2,1200,200,50,0.47007398513193227,31.35572062685875,2.53107856416346,0.9434477900299899,0.822700223858186,0.043850964855196954,0.8853906250000001,0.11164259376369337,0.4047995483676472,1.0084266662597656
ring_bidir,ring_bidir,1,100.0,9,256,0.2,1200,200,50,0.463705288821016,30.912525587060934,2.61257394023997,0.9414406721864091,0.6586840611824093,0.040333071164566525,0.8854557291666667,0.11078984851204196,0.4100112278693207,1.3007893562316895
ring_bidir,ring_bidir,1,50.0,0,256,0.2,1200,200,50,0.35305489486423347,30.74695323114857,5.2526656464436305,0.9467686388469594,0.8179111381750938,0.04308555608380496,0.7852213541666667,0.11225702054249416,0.4007625942084788,1.5956172943115234
ring_bidir,ring_bidir,1,50.0,1,256,0.2,1200,200,50,0.37797496184868823,30.92069980695472,3.774515375736538,0.9508812441393797,0.8263162495443678,0.03823652027153695,0.7895638020833334,0.11228009855367811,0.4005226090844324,1.3145387172698975
ring_bidir,ring_bidir,1,50.0,2,256,0.2,1200,200,50,0.3718488838585663,31.083832231766603,4.423401054353414,0.9614903096595726,0.8797598500709957,0.041553264975135125,0.7794173177083333,0.11256643926316907,0.39135798212595296,1.3099381923675537
ring_bidir,ring_bidir,1,50.0,3,256,0.2,1200,200,50,0.39291049056385274,30.5974422894578,3.192841786584655,0.9550854222108178,0.8244125051648992,0.040052890977120684,0.7850325520833333,0.1116649796818342,0.4037870764089627,1.2811098098754883
ring_bidir,ring_bidir,1,50.0,8,256,0.2,1200,200,50,0.38356411630223924,30.661363767949233,4.041677448130591,0.9554373103280254,0.8741052224535998,0.040139598654157886,0.7921940104166667,0.11447045386838095,0.39461706743399955,1.5179085731506348
ring_bidir,ring_bidir,1,50.0,9,256,0.2,1200,200,50,0.36494154947899965,31.107273717779563,3.0377382554546157,0.9526121161652102,0.8305021853713301,0.038270226508259376,0.7838639322916667,0.11102862937097847,0.40082059098103484,1.314974069595337
ring_bidir,ring_bidir,1,100.0,0,256,0.2,1200,200,50,0.47912140537062925,31.492231903148927,2.4152409220402173,0.934123006539315,0.7742555687996657,0.04574450430469361,0.8846809895833334,0.11109787767592558,0.41101759455891956,1.1876280307769775
ring_bidir,ring_bidir,1,100.0,1,256,0.2,1200,200,50,0.4622705637402159,31.32764802691828,2.7947839410664645,0.9389885214567817,0.7858101889196961,0.041485881329619,0.8889876302083334,0.11208555401476519,0.4103908722641266,1.3453052043914795
ring_bidir,ring_bidir,1,100.0,2,256,0.2,1200,200,50,0.46374505402799326,30.909692498049928,2.865728470652872,0.9495373265732612,0.8035172045680199,0.04370601328662722,0.8828645833333334,0.11179141939954636,0.401951830196801,1.3913748264312744
ring_bidir,ring_bidir,1,100.0,3,256,0.2,1200,200,50,0.4887697203271088,31.070161474817507,1.8604834153088348,0.948821015758008,0.766912159778108,0.042861157122156116,0.8884765625000001,0.1111853870482576,0.4136813265291071,1.4895806312561035
ring_bidir,ring_bidir,1,100.0,4,256,0.2,1200,200,50,0.46226118613132144,31.684690957960214,1.3432068646328283,0.9381207616474724,0.6979848301386897,0.0414306053940438,0.88142578125,0.11072043923092359,0.4057760513415278,1.09580397605896
ring_bidir,ring_bidir,1,100.0,5,256,0.2,1200,200,50,0.44381642858637027,30.77725698202944,2.076376963789284,0.934663678116161,0.7863071234491138,0.04417971627849035,0.9000585937500001,0.11375681114589309,0.40769615732362374,1.310746669769287
lateral_ring,lateral_ring,1,0.3,2,256,0.2,1200,200,50,-0.06030267930559495,10.869637700332788,9.64107869371305,0.7113568241816082,0.701973033278734,0.023149621357138543,0.0,0.11420870174208915,0.21462737880568136,2.4349350929260254
lateral_ring,lateral_ring,1,0.3,3,256,0.2,1200,200,50,-0.07024188135590731,9.608647048581371,6.062939532349297,0.6980086659859304,0.6906228496262858,0.022143159468973286,0.0,0.10792610212336878,0.222355167385471,2.027292490005493
lateral_ring,lateral_ring,1,0.3,4,256,0.2,1200,200,50,-0.07487647255141144,10.244086143372055,10.156821562400177,0.6813590394768456,0.693924790289855,0.020696517276021363,0.0,0.1114548938159608,0.2183566827676451,1.627027988433838
lateral_ring,lateral_ring,1,0.3,5,256,0.2,1200,200,50,-0.07457457187379482,10.720538220025121,10.881480655391162,0.7021117138699643,0.6850965892901412,0.024073575838359437,0.0,0.10159600608673099,0.2182715076772393,1.6934916973114014
lateral_ring,lateral_ring,1,0.1,0,256,0.2,1200,200,50,-0.06900022576670917,11.950057321981296,8.928603578212655,0.6538180301932057,0.6537264468412669,0.02493077610637689,0.0,0.1276884162830682,0.2211553896475035,2.2551002502441406
lateral_ring,lateral_ring,1,0.1,1,256,0.2,1200,200,50,-0.06820276159955761,9.457769848501764,9.390495008305244,0.6786029940918634,0.6827074628305819,0.02041568592917269,0.0,0.12573254738338185,0.22086122528180652,2.128605842590332
lateral_ring,lateral_ring,1,0.1,2,256,0.2,1200,200,50,-0.056085712466149205,10.716404251791708,9.472935101652798,0.6871573361439154,0.673925965202412,0.023110328883576083,0.0,0.13415392860057937,0.2146871903417358,2.162529945373535
lateral_ring,lateral_ring,1,0.1,3,256,0.2,1200,200,50,-0.06469678134990281,9.463697493641266,5.8756348544481956,0.6733522566126828,0.6654066164347013,0.022103926520685185,0.0,0.12660969838083788,0.22239236385286956,1.6989264488220215
lateral_ring,lateral_ring,1,0.1,4,256,0.2,1200,200,50,-0.06923508945263089,10.14763541418696,10.228244730255872,0.6561350264464934,0.6676673075335032,0.02066204742754921,0.0,0.1309071265835892,0.2184023985962465,2.2032151222229004
lateral_ring,lateral_ring,1,0.1,5,256,0.2,1200,200,50,-0.06864309873258741,10.615073048991285,10.821766658146638,0.6773366326102133,0.6620027372404652,0.024041850919741717,0.0,0.11919718679094846,0.21831506326512204,2.101440906524658
lateral_ring,lateral_ring,1,0.1,6,256,0.2,1200,200,50,-0.0673639342045013,11.863181300112226,9.539220163379179,0.6871845763208585,0.7072520958002091,0.023343476986204835,0.0,0.12484313154404952,0.21693470686134755,1.7198553085327148
lateral_ring,lateral_ring,1,0.1,7,256,0.2,1200,200,50,-0.0709885871196406,11.360385850134458,11.385692193137102,0.6680471559757489,0.665796722384564,0.02351908666160829,0.0,0.12369470286925204,0.21506776327008842,2.2560794353485107
lateral_ring,lateral_ring,1,1.0,0,256,0.2,1200,200,50,-0.07918833475990937,12.417763073897838,9.208037248468797,0.7564401890612166,0.7529331982982357,0.02497014850816361,0.0,0.07153181661964739,0.220428440720882,2.2465646266937256
lateral_ring,lateral_ring,1,1.0,1,256,0.2,1200,200,50,-0.08262187923806547,10.18917348654419,9.814282098703162,0.7789306030984774,0.7826171704431362,0.020483539191108333,0.0,0.07066194799685947,0.22009154357981128,1.963789701461792
lateral_ring,lateral_ring,1,1.0,2,256,0.2,1200,200,50,-0.07417898378075753,11.20010600475103,9.923255425541562,0.7794842908825114,0.7791396374531212,0.02316087206299092,0.0,0.07557423764596861,0.21377970298101262,1.6471636295318604
lateral_ring,lateral_ring,1,1.0,3,256,0.2,1200,200,50,-0.07726044408177407,10.100456999284354,6.551130760088543,0.7743280597943346,0.7673826709074392,0.0221659899911119,0.0,0.07138698000528326,0.22164157587516325,2.240915298461914
lateral_ring,lateral_ring,1,0.1,8,256,0.2,1200,200,50,-0.06698052029253042,10.968709556642263,7.857743241485815,0.6834611613533635,0.6819990200933853,0.022715218314980086,0.0,0.13731169194438644,0.21816038558669956,2.2651970386505127
lateral_ring,lateral_ring,1,0.1,9,256,0.2,1200,200,50,-0.06817297300515568,11.42247486953623,7.633536155854233,0.664559483042887,0.6674783015082227,0.019984965150958378,0.0,0.13065556470327536,0.22057875132221097,2.1604111194610596
lateral_ring,lateral_ring,1,0.3,0,256,0.2,1200,200,50,-0.07391085577289504,12.028278237824159,8.95772995558796,0.6785740173786573,0.6773853258870485,0.024963389676703314,0.0,0.10848276341492513,0.2211132908759069,2.097200632095337
lateral_ring,lateral_ring,1,0.3,1,256,0.2,1200,200,50,-0.07367357839732319,9.624542477706093,9.505696789066612,0.7057675438634877,0.7086043051497966,0.02045592356294637,0.0,0.10707049521190343,0.22081200949289406,2.0410563945770264
lateral_ring,lateral_ring,1,0.3,6,256,0.2,1200,200,50,-0.07306560159929056,11.98284262183587,9.649193260417084,0.7085905096589168,0.7288494405054999,0.02337907665175052,0.0,0.10655437038623507,0.21688002340766344,2.414717197418213
lateral_ring,lateral_ring,1,0.3,7,256,0.2,1200,200,50,-0.07655803944380055,11.437329736456398,11.39855705155153,0.6945956630878373,0.6893477691113504,0.023552319437749745,0.0,0.10543537941847766,0.21501263957155248,2.0890045166015625
lateral_ring,lateral_ring,1,0.3,8,256,0.2,1200,200,50,-0.07169180866125022,11.170962588746855,7.969725515746088,0.7067621810578459,0.7054698173167855,0.022754923563945102,0.0,0.11706776344759318,0.21810101731481807,1.733565330505371
lateral_ring,lateral_ring,1,0.3,9,256,0.2,1200,200,50,-0.07383579453286677,11.520171708744499,7.672658298277977,0.6890332270375452,0.6922795151624639,0.02002420519253893,0.0,0.11124861644663342,0.2205297880897513,2.209578037261963
lateral_ring,lateral_ring,1,1.0,4,256,0.2,1200,200,50,-0.08135901834598842,10.639541680635597,10.100295610842819,0.7613737215340886,0.7724834499924244,0.02071358632240366,0.0,0.07359340979258902,0.21764441974293924,1.9781486988067627
lateral_ring,lateral_ring,1,1.0,5,256,0.2,1200,200,50,-0.07985982265458505,11.100937054044486,11.086558001932241,0.7735627996412634,0.7563737854888888,0.024083005260672186,0.0,0.0673404359782886,0.21763052294813348,1.833815336227417
lateral_ring,lateral_ring,1,1.0,6,256,0.2,1200,200,50,-0.08280404354558833,12.180288249119082,9.891300183374057,0.7748506320061596,0.7893743803379152,0.02340121614109119,0.0,0.07068997372951594,0.21619719143884983,2.2922773361206055
lateral_ring,lateral_ring,1,1.0,7,256,0.2,1200,200,50,-0.08490465053991123,11.841750217282248,11.527676394155968,0.7690491639130447,0.7590944153617613,0.02356687873066001,0.0,0.0697215386597018,0.21434667610908803,1.9696197509765625
lateral_ring,lateral_ring,1,1.0,8,256,0.2,1200,200,50,-0.07907270953104144,11.625323269723449,8.175847860918498,0.7759752782196572,0.777415933603413,0.02277106050298943,0.0,0.07757302250182237,0.2172793807481828,2.126197576522827
lateral_ring,lateral_ring,1,1.0,9,256,0.2,1200,200,50,-0.08252994514365897,11.883357860982148,7.844974476954404,0.7635437878988499,0.7646676187788023,0.020052033068712963,0.0,0.073530036599407,0.2197966097318769,1.8788440227508545
lateral_ring,lateral_ring,1,3.0,0,256,0.2,1200,200,50,-0.083353667556964,12.83982321713187,9.246300620085165,0.8894396437364708,0.8872423010222572,0.024941166883392263,0.0,0.03667795802981764,0.21899701612413194,1.684394359588623
lateral_ring,lateral_ring,1,3.0,1,256,0.2,1200,200,50,-0.08650236261441405,10.519120137077772,9.835433672617274,0.8975946441282987,0.9001427355960445,0.02046620615043451,0.0,0.03612102611847069,0.2186118518803047,1.828601360321045
lateral_ring,lateral_ring,1,3.0,2,256,0.2,1200,200,50,-0.08641201515195623,11.421541461571197,9.70740318867971,0.8982686012531803,0.9023515312075979,0.02313182601102769,2.604166666666667e-05,0.03898716718496524,0.21204472568840432,1.8983540534973145
lateral_ring,lateral_ring,1,3.0,3,256,0.2,1200,200,50,-0.08179058625015494,10.604479257706068,7.070914303594051,0.9018978908667246,0.900512447841984,0.022144887416228422,0.0,0.03661832338446399,0.22012344987000165,1.8085260391235352
lateral_ring,lateral_ring,1,3.0,4,256,0.2,1200,200,50,-0.0871552665184391,11.125390235932342,9.866970693462653,0.8943123371513876,0.8945753812304897,0.020695642403592077,0.0,0.03760966268943774,0.2161491603664652,2.030662775039673
lateral_ring,lateral_ring,1,3.0,5,256,0.2,1200,200,50,-0.08479965949219243,11.531793585940527,11.22202382995471,0.8945943763114121,0.8865388137177793,0.024060264569126074,0.0,0.0346803479892868,0.21629160013721654,1.8088881969451904
lateral_ring,lateral_ring,1,3.0,6,256,0.2,1200,200,50,-0.08791500550353847,12.495230596406289,9.98454633085888,0.899082095035124,0.8995785240262592,0.023391421267957787,0.0,0.03654394895720403,0.21475771588526282,1.7368850708007812
lateral_ring,lateral_ring,1,3.0,7,256,0.2,1200,200,50,-0.08837563982980257,12.171051959109057,11.545463484805778,0.8949537969539715,0.8884643999162649,0.023548579952015588,0.0,0.03583576214732783,0.21296556216312768,1.8984649181365967
lateral_ring,lateral_ring,1,3.0,8,256,0.2,1200,200,50,-0.08645357813065889,11.799186574152225,8.252216941848069,0.8982834398598016,0.9025744597983655,0.022741250659726774,0.0,0.04014953447342318,0.2155326867476113,1.93544602394104
lateral_ring,lateral_ring,1,3.0,9,256,0.2,1200,200,50,-0.08627425568120818,12.35696958133053,7.953380530080957,0.8948400361472754,0.893739316330358,0.020039740078121496,1.3020833333333334e-05,0.03785179564580585,0.21825087804010054,1.8788297176361084
lateral_ring,lateral_ring,1,10.0,0,256,0.2,1200,200,50,-0.08639557683314364,13.345850962362306,9.25692199444823,0.9874537593195876,0.9899491584742645,0.0249467750444254,0.0005436197916666668,0.013872126542244331,0.2175791120440936,1.777101755142212
lateral_ring,lateral_ring,1,10.0,1,256,0.2,1200,200,50,-0.08878271503708932,11.227881842896801,9.901334864051625,0.9915693172552293,0.9853833006083272,0.02047038636883272,0.000498046875,0.013605295705436154,0.21716761216461306,1.946988821029663
lateral_ring,lateral_ring,1,10.0,2,256,0.2,1200,200,50,-0.09032223115215707,12.119781108395747,9.837570993671717,0.9909913555411719,0.9912822883106188,0.023148219867391014,0.0006673177083333333,0.01489231834245286,0.21034358168542655,1.8929505348205566
lateral_ring,lateral_ring,1,10.0,3,256,0.2,1200,200,50,-0.08572330370688176,11.330739734344835,7.662951862206608,0.9923634915188809,0.9950931123890914,0.02214848024193663,0.00044921875,0.013888057811863853,0.21858260447563568,1.8787105083465576
lateral_ring,lateral_ring,1,10.0,8,256,0.2,1200,200,50,-0.08958735204381159,12.309232415284114,8.557920400449804,0.9899397455049365,0.9910840338457254,0.02274985186834876,0.000634765625,0.015269162403780514,0.21374749675924615,1.486264705657959
lateral_ring,lateral_ring,1,10.0,9,256,0.2,1200,200,50,-0.08875981783113214,13.017537507234254,8.312281870274166,0.9902953061582243,0.9938468122839984,0.020056440859322157,0.00048177083333333335,0.014442316901492721,0.21666317301643195,1.810042142868042
lateral_ring,lateral_ring,1,15.0,0,256,0.2,1200,200,50,-0.08715258362629233,13.800971429280908,9.398952250730334,0.987736236510395,0.9898691036611967,0.024969798311343428,0.00078125,0.009937829468228217,0.21729114844535266,1.8814234733581543
lateral_ring,lateral_ring,1,15.0,1,256,0.2,1200,200,50,-0.08924727997092018,11.827192477672934,9.736078968196066,0.991836012135896,0.9854610216555866,0.020494278299637188,0.0006673177083333333,0.009686367362819944,0.21687198830471807,1.9944210052490234
lateral_ring,lateral_ring,1,20.0,0,256,0.2,1200,200,50,-0.08778199250479721,16.393361496040846,10.810611285862676,0.9872829640566242,0.9892028541793417,0.025042313778186772,0.002584635416666667,0.009568370030313312,0.2173479459286523,1.7605345249176025
lateral_ring,lateral_ring,1,20.0,1,256,0.2,1200,200,50,-0.0895636826628118,14.786061352206831,9.984948415940567,0.9916626212003861,0.9852752918079031,0.020568771429725265,0.0029296875,0.009010102123703415,0.21691800585841675,1.8328559398651123
lateral_ring,lateral_ring,1,20.0,2,256,0.2,1200,200,50,-0.09127770059779039,15.631852641124361,11.263102410089392,0.9908126757021737,0.9917211572823551,0.023313791621573484,0.004869791666666667,0.010177394663548767,0.2101325171160397,1.7762389183044434
lateral_ring,lateral_ring,1,20.0,3,256,0.2,1200,200,50,-0.08719550545648008,15.154142880997249,11.511859459128367,0.992311133081715,0.994892532010543,0.02232698470759433,0.0034472656250000002,0.009859168362827388,0.21840030824524756,1.973567247390747
lateral_ring,lateral_ring,1,10.0,4,256,0.2,1200,200,50,-0.09001048733944138,11.63757349408008,9.463500229000724,0.9900854865786785,0.9859320514793308,0.02070965353755664,0.0005664062500000001,0.01417672235841264,0.21464634738854907,2.0095603466033936
lateral_ring,lateral_ring,1,10.0,5,256,0.2,1200,200,50,-0.08966278699520314,12.30691090576333,11.305915292122709,0.9909908387754265,0.9860454977908872,0.02406643927018374,0.00047851562500000005,0.013286989516436011,0.21490969092763573,2.2778704166412354
lateral_ring,lateral_ring,1,10.0,6,256,0.2,1200,200,50,-0.09049024796788735,12.879222367902297,9.887422898546,0.9899734127995199,0.9908655306603064,0.023412876044095414,0.00047200520833333334,0.013890005131333984,0.21326800748885869,1.8390414714813232
lateral_ring,lateral_ring,1,10.0,7,256,0.2,1200,200,50,-0.09055845126799421,12.587686457009196,11.43387354956157,0.9886330240971675,0.9885419402103248,0.023564491438655077,0.0004361979166666667,0.013580163511295358,0.21158231755488635,1.6951165199279785
lateral_ring,lateral_ring,1,15.0,6,256,0.2,1200,200,50,-0.09095603622016522,13.288348298459892,10.090410731111525,0.9903085831258931,0.9907944406028684,0.023443111645318374,0.0006705729166666668,0.009961065932528526,0.21295339332021368,1.6233611106872559
lateral_ring,lateral_ring,1,15.0,7,256,0.2,1200,200,50,-0.09108549345384262,13.21923102621365,11.48083845178258,0.9888027680800008,0.9886612939944043,0.023591471748101826,0.0006640625,0.0097174320234127,0.21130213915418802,2.277266263961792
lateral_ring,lateral_ring,1,15.0,8,256,0.2,1200,200,50,-0.09020172922829735,12.949856255052412,9.064370516053488,0.9901226459916244,0.9914360797984653,0.02278906489449207,0.0008561197916666667,0.010931419097561939,0.21338200373941482,1.650559902191162
lateral_ring,lateral_ring,1,15.0,9,256,0.2,1200,200,50,-0.08925558841879361,13.463449589627524,8.52072902076457,0.990550337945234,0.9937979949359467,0.0200888306070332,0.0008138020833333334,0.010357798709684925,0.21632799198260552,2.1062216758728027
lateral_ring,lateral_ring,1,15.0,2,256,0.2,1200,200,50,-0.09095871615154281,12.775732904046436,10.139676648896513,0.991047490660002,0.9920770818371427,0.023189377784245565,0.0010807291666666667,0.010694524318878683,0.21000087541202245,2.036550521850586
lateral_ring,lateral_ring,1,15.0,3,256,0.2,1200,200,50,-0.08659389224056052,12.043957382542061,8.279485638717954,0.9923594462287011,0.9953826706131143,0.022179832663266473,0.0007291666666666667,0.009998059663534876,0.21827307136557003,1.7344317436218262
lateral_ring,lateral_ring,1,15.0,4,256,0.2,1200,200,50,-0.09042493578566756,12.233993783471258,9.782736534297142,0.9906478674406174,0.986502880569718,0.020740366419318965,0.0008170572916666667,0.010167428722362594,0.21433614945631832,2.2588531970977783
lateral_ring,lateral_ring,1,15.0,5,256,0.2,1200,200,50,-0.09028777228318584,13.002094408306226,11.569693816854224,0.9914137959796288,0.9852238341961278,0.024089287144620473,0.0007421875,0.009563545861386908,0.21460490815385458,1.9096202850341797
lateral_ring,lateral_ring,1,20.0,4,256,0.2,1200,200,50,-0.09082401081205926,15.459351135954186,11.885650485409734,0.9904390779082877,0.9862890371436188,0.02090208837051732,0.0025748697916666667,0.009991516329521527,0.21442722565028446,1.901554822921753
lateral_ring,lateral_ring,1,20.0,5,256,0.2,1200,200,50,-0.09080923851337722,16.218321013319912,12.000209492105638,0.9911602225400011,0.9846421049139572,0.024151460527677294,0.0028776041666666668,0.009245170196729885,0.2146461946797288,1.6167576313018799
lateral_ring,lateral_ring,1,20.0,6,256,0.2,1200,200,50,-0.09139641966125969,16.26899544613042,11.531601307610128,0.9900321739680088,0.9901550710804539,0.02356178122655971,0.0025423177083333335,0.009699370181597175,0.2130039033523413,1.7645161151885986
lateral_ring,lateral_ring,1,20.0,7,256,0.2,1200,200,50,-0.0915227037999696,15.839167746686336,12.301408740583655,0.9883438223113966,0.9881630262984039,0.023681200016331446,0.002431640625,0.009350577025427562,0.21137739345748136,1.6409883499145508
lateral_ring,lateral_ring,1,25.0,2,256,0.2,1200,200,50,-0.0009907715560938223,32.72241006029189,9.268068888969184,0.9925174230158554,0.9809314705802964,0.02625250215602366,0.29866536458333337,0.04116336798181094,0.2336659713849083,2.2051570415496826
lateral_ring,lateral_ring,1,25.0,3,256,0.2,1200,200,50,-0.0024916834756217926,32.28148927925604,7.915531657322458,0.9924066050030489,0.9712690984937615,0.0263145204366205,0.29110677083333336,0.040588802595772494,0.24128048252626336,2.1297643184661865
lateral_ring,lateral_ring,1,25.0,4,256,0.2,1200,200,50,-0.005511009260778287,32.49098407438753,8.387158170745561,0.9917424725787267,0.9709115805115218,0.02445123097021019,0.29577799479166667,0.04096326696313633,0.23771985886803923,1.5788304805755615
lateral_ring,lateral_ring,1,25.0,5,256,0.2,1200,200,50,-0.013460865144463314,32.2259907268645,7.656109290042658,0.9922593755525005,0.9671501693477996,0.025307283209377748,0.304189453125,0.041389559784228334,0.2384615919695148,1.6000113487243652
lateral_ring,lateral_ring,1,20.0,8,256,0.2,1200,200,50,-0.09072038207811872,16.360554959806908,10.97583602959848,0.990066726002147,0.9911071934538773,0.022982520492883622,0.004270833333333334,0.010503630014953826,0.2134957258883691,1.969327688217163
lateral_ring,lateral_ring,1,20.0,9,256,0.2,1200,200,50,-0.08963410695852433,15.704294113047364,10.620356329960783,0.9904696013380462,0.9936575666019115,0.020181424759538595,0.003408203125,0.009809131380159215,0.21638110651125467,1.7303390502929688
lateral_ring,lateral_ring,1,25.0,0,256,0.2,1200,200,50,-0.009585777990443283,31.486584614564403,5.762078653593719,0.9888752627108977,0.960821145695322,0.026107643060611734,0.29013997395833335,0.04030182082104681,0.24037582002290941,2.2163009643554688
lateral_ring,lateral_ring,1,25.0,1,256,0.2,1200,200,50,-0.0068657578073841015,31.422843514302137,10.333461112926411,0.991273803579836,0.9744152070800056,0.02250777784919461,0.2996875,0.04075786358448124,0.23978155824246275,1.861114501953125
lateral_ring,lateral_ring,1,30.0,0,256,0.2,1200,200,50,0.12012644713510437,34.14390011013983,4.6790638901049455,0.984090729419649,0.7092846886697879,0.029164691850802327,0.346787109375,0.04831025429454371,0.2749504627747475,1.827099084854126
lateral_ring,lateral_ring,1,30.0,1,256,0.2,1200,200,50,0.12225733075863097,33.796575808700055,4.625945823309899,0.9835581415675423,0.8401095563513722,0.026417070866070567,0.35405924479166667,0.04894354671013557,0.2746309560416264,1.8350410461425781
lateral_ring,lateral_ring,1,30.0,2,256,0.2,1200,200,50,0.129875955608531,34.80101803650388,4.475052050087222,0.9859787504445495,0.9506641379849032,0.02833663377266737,0.35347656250000004,0.04960346162746422,0.26853734458528294,1.5089373588562012
lateral_ring,lateral_ring,1,30.0,3,256,0.2,1200,200,50,0.12337032815309527,34.51232356610618,3.237349525702986,0.985488746082985,0.7901907478553388,0.027531785485120648,0.34734375,0.04832329738939383,0.27631020566154324,2.109271287918091
lateral_ring,lateral_ring,1,30.0,4,256,0.2,1200,200,50,0.11434145242694467,34.87262734906951,5.243464946371513,0.9874195427952902,0.92664363941023,0.02699292117228339,0.353974609375,0.049376860748138546,0.27344410082650766,1.886491298675537
lateral_ring,lateral_ring,1,30.0,5,256,0.2,1200,200,50,0.11560467268365614,35.20773724080547,6.3910665767815695,0.9849391086074997,0.9178817190672104,0.027436323476999848,0.35436848958333333,0.049914407592680995,0.27438853464049795,1.8553392887115479
lateral_ring,lateral_ring,1,30.0,6,256,0.2,1200,200,50,0.1278791994612846,34.17616432634137,4.433203789782278,0.9819292389826726,0.829709254188319,0.02953302730210881,0.35121093750000004,0.04900812645827702,0.27067358829552063,1.661573886871338
lateral_ring,lateral_ring,1,30.0,7,256,0.2,1200,200,50,0.13123174484550928,34.63106594607314,5.127929486961916,0.9793559842671258,0.8871059609686072,0.029415446771494037,0.34952473958333335,0.04906080255664767,0.2696871356355152,1.7903602123260498
lateral_ring,lateral_ring,1,25.0,6,256,0.2,1200,200,50,-0.0008645055727777647,31.763453467346093,10.848904942472343,0.9898944193925995,0.982979282627015,0.02541860739302393,0.3009928385416667,0.04116372562034275,0.2367510041523528,2.027268648147583
lateral_ring,lateral_ring,1,25.0,7,256,0.2,1200,200,50,-0.014231485429773656,32.33869275979256,8.360261475920838,0.9892948517529603,0.9739928931144523,0.025266264258959704,0.29974934895833333,0.04105307891510953,0.23509631658437696,1.9171748161315918
lateral_ring,lateral_ring,1,25.0,8,256,0.2,1200,200,50,-0.0029727030251862204,32.95685428115435,9.033711692421665,0.9909722738237112,0.9806617818581876,0.026003426370842013,0.2921451822916667,0.040700379845660106,0.23652854317487138,1.6820955276489258
lateral_ring,lateral_ring,1,25.0,9,256,0.2,1200,200,50,-0.01216334925428587,31.8122176059522,9.712877366468687,0.9904785024165395,0.9848257989351769,0.025029642458708267,0.2971549479166667,0.04063246719723544,0.23978650560861,1.8327744007110596
lateral_ring,lateral_ring,1,30.0,8,256,0.2,1200,200,50,0.12354627691107276,34.85104876622974,4.223045098775776,0.9855296781385552,0.9355073392248316,0.027785265059739453,0.352041015625,0.049380262749152845,0.27230619133861966,1.752786636352539
lateral_ring,lateral_ring,1,30.0,9,256,0.2,1200,200,50,0.11803017066668917,34.07401664983659,3.167296784246927,0.9857155919669235,0.9171829748702419,0.026320509291065407,0.34857747395833333,0.04879240794843998,0.27410318452064447,2.192537307739258
lateral_ring,lateral_ring,1,50.0,0,256,0.2,1200,200,50,0.42704464051708024,33.39735007688534,2.363199940079578,0.9622852884198977,0.8497938554582608,0.042147365538661045,0.6018587239583334,0.06737671439036333,0.3694131232379958,1.9263808727264404
lateral_ring,lateral_ring,1,50.0,1,256,0.2,1200,200,50,0.43426589301331336,32.868881836546954,2.48634293977058,0.9597364091136771,0.7664003146545432,0.03817162690349899,0.6085742187500001,0.0680978766391394,0.3708998443324989,1.816133737564087
lateral_ring,lateral_ring,1,50.0,2,256,0.2,1200,200,50,0.4404273148664573,33.16669527934229,2.396725146236247,0.9611223644336556,0.6501753578794723,0.040004222618609434,0.5974088541666667,0.06798369734959638,0.3594344162565226,2.2705633640289307
lateral_ring,lateral_ring,1,50.0,3,256,0.2,1200,200,50,0.43364381858366774,33.195178007114784,2.255593468883743,0.9653464756730277,0.715928683778621,0.03963991294334239,0.6053808593750001,0.06782846001921632,0.37345677015379647,1.9302477836608887
lateral_ring,lateral_ring,1,50.0,4,256,0.2,1200,200,50,0.440079577070372,33.38378585318446,1.7263827618086653,0.96322996495594,0.7851941250190282,0.03801496805621899,0.607001953125,0.06807371569506042,0.3658892914933456,1.775571346282959
lateral_ring,lateral_ring,1,50.0,5,256,0.2,1200,200,50,0.4459534571195144,33.81856699613236,3.1652201550144574,0.9618847200806835,0.8185309639048564,0.040640658503405126,0.6216927083333333,0.06943734340985035,0.36948463278885063,1.80043363571167
lateral_ring,lateral_ring,1,50.0,6,256,0.2,1200,200,50,0.4393760421767403,33.35844483801675,2.970386877222601,0.9624786436730484,0.7595586575472792,0.04138418716742223,0.6136946614583334,0.06895611968402729,0.366337711313272,1.8856511116027832
lateral_ring,lateral_ring,1,50.0,7,256,0.2,1200,200,50,0.43894164582762263,33.9334866857635,3.79316391614302,0.9500385061755803,0.8293092901014435,0.041134113448004696,0.6055891927083333,0.06826788984227887,0.36235465466870664,1.8044114112854004
lateral_ring,lateral_ring,1,50.0,8,256,0.2,1200,200,50,0.4446388686767543,33.80446478082593,2.663734558764218,0.9656352536504428,0.7973934471222469,0.03966047563420918,0.59994140625,0.067852659822438,0.36361285048592434,1.8359580039978027
lateral_ring,lateral_ring,1,50.0,9,256,0.2,1200,200,50,0.4320331327413806,33.00320286655011,1.8427311842601348,0.9646910768513001,0.8211261745793258,0.03777369585402667,0.5972526041666667,0.06731687704995681,0.36747204480305357,1.7551486492156982
lateral_ring,lateral_ring,1,100.0,0,256,0.2,1200,200,50,0.6130047706867371,33.03397624829896,1.7015396923169346,0.9191434275219482,0.5969769404239309,0.04529628067160305,0.8129361979166667,0.07294430101153906,0.40196911342721625,1.8544814586639404
lateral_ring,lateral_ring,1,100.0,1,256,0.2,1200,200,50,0.601516326490554,32.61915145210034,1.9419185381686654,0.9264704886135167,0.5379713604956722,0.041061503496207706,0.8210774739583334,0.07354365756256119,0.4027093382016412,1.6793932914733887
lateral_ring,lateral_ring,1,100.0,2,256,0.2,1200,200,50,0.6146953285663479,32.15494775086815,2.019404848040237,0.926667182475616,0.6946929232316537,0.04341256163117608,0.8138541666666668,0.07438140931154756,0.3932809954130236,1.7870969772338867
lateral_ring,lateral_ring,1,100.0,3,256,0.2,1200,200,50,0.6156191639619029,32.65948476843805,1.7256254063470133,0.9294003044059175,0.604872061209576,0.042270619727297135,0.8216666666666668,0.0731082318108063,0.4040162032349849,1.7043135166168213
lateral_ring,lateral_ring,1,100.0,4,256,0.2,1200,200,50,0.6090275091062917,32.536233750997376,1.7266603492916526,0.9160529043196658,0.7185619505143299,0.04080567821493153,0.8230924479166667,0.07400081355114131,0.39851179380825263,1.8835928440093994
lateral_ring,lateral_ring,1,100.0,5,256,0.2,1200,200,50,0.5984809667174145,32.74317944394907,1.4156866054965358,0.9288068710698829,0.566532406824622,0.04388369101793686,0.8235970052083333,0.07421406604093184,0.3996001217750904,1.7763099670410156
lateral_ring,lateral_ring,1,100.0,6,256,0.2,1200,200,50,0.6153721490231644,32.493145821750666,1.7779960710076004,0.935216235909631,0.7309922192806292,0.044517683098094334,0.821357421875,0.07428241884720697,0.39662743237843356,1.8549177646636963
lateral_ring,lateral_ring,1,100.0,7,256,0.2,1200,200,50,0.6156409116419492,33.32558868535877,2.5002305920368704,0.9035960930736289,0.6665638522075805,0.044469375290027834,0.821884765625,0.07420531680380424,0.3949644847775764,1.7934088706970215
random_graph,random_graph,1,0.3,0,256,0.2,1200,200,50,-0.07550634129052369,11.968703206653801,8.906398701796817,0.679265833870874,0.6778956962492965,0.02495580505786386,0.0,0.10997601365018209,0.22101889411729583,1.5696570873260498
random_graph,random_graph,1,0.3,1,256,0.2,1200,200,50,-0.07470548947246118,9.572183923262953,9.468951712488083,0.7045807535053521,0.707362421752075,0.020444066643760774,0.0,0.10934056339625585,0.2206530535492655,1.6386055946350098
random_graph,random_graph,1,0.3,2,256,0.2,1200,200,50,-0.06062803757046459,10.826451123258023,9.599281570316663,0.7075176188914382,0.6972261085977779,0.023136049812599143,0.0,0.10743383636764675,0.21453785543137263,1.8878247737884521
random_graph,random_graph,1,0.3,3,256,0.2,1200,200,50,-0.0709886337209234,9.571353496119551,6.0611239112760105,0.697574897529926,0.6903224651803144,0.02215118269400116,0.0,0.11031674584696798,0.22242346792074938,1.5188782215118408
random_graph,random_graph,1,0.1,6,256,0.2,1200,200,50,-0.06732865713423913,11.861445656488378,9.542200986174715,0.6877011956951978,0.7078449532059286,0.023339182690878833,0.0,0.12245716718089385,0.21688647093575855,1.721825122833252
random_graph,random_graph,1,0.1,7,256,0.2,1200,200,50,-0.07098990601088448,11.352789823080926,11.381458454589023,0.6665828748247837,0.6644459901203021,0.02351415408515201,0.0,0.12253366692337102,0.21501542143855445,1.8635663986206055
random_graph,random_graph,1,0.1,8,256,0.2,1200,200,50,-0.067045326206251,10.95321357816714,7.8426672714546575,0.6830186246486706,0.6815580728501784,0.02271520697987875,0.0,0.13150310628490722,0.21817518667768387,1.828174352645874
random_graph,random_graph,1,0.1,9,256,0.2,1200,200,50,-0.0687093022625511,11.424959678037009,7.636821648080843,0.6651691069599426,0.6680750058345711,0.01998346576150005,0.0,0.1301781970527612,0.22056446703251778,1.5960793495178223
random_graph,random_graph,1,0.1,2,256,0.2,1200,200,50,-0.05599136417128188,10.700815326408438,9.459868502610487,0.6856513933497943,0.6717551761364975,0.02310341754790917,0.0,0.12575637653461938,0.2146434443047102,1.763049840927124
random_graph,random_graph,1,0.1,3,256,0.2,1200,200,50,-0.06473573299207178,9.463484433118554,5.879855167003003,0.6733177633410296,0.6653600771260826,0.02210725967586013,0.0,0.12968250947686966,0.22242150581237968,1.6423530578613281
random_graph,random_graph,1,0.1,4,256,0.2,1200,200,50,-0.06934602544812665,10.14580293570073,10.229396658769693,0.6564240321011949,0.6680950629345203,0.020652835276772714,0.0,0.12496749424611381,0.21830037460305216,1.8223803043365479
random_graph,random_graph,1,0.1,5,256,0.2,1200,200,50,-0.06877625811814761,10.60555186838748,10.811289567724346,0.6761807324636291,0.6610252385360503,0.024057232020225423,0.0,0.12504238502158188,0.21845794471673086,1.860046625137329
lateral_ring,lateral_ring,1,100.0,8,256,0.2,1200,200,50,0.6305398812476447,32.391167076560194,1.8528642914248823,0.9317225151056063,0.7418082036344197,0.04276550563965799,0.8143131510416667,0.07393572752850504,0.39755847696277485,1.8566868305206299
lateral_ring,lateral_ring,1,100.0,9,256,0.2,1200,200,50,0.6072589548308108,32.21383457962766,1.8000214636359622,0.9364208790418305,0.7053728786911194,0.040184677414693365,0.8184602864583334,0.0733972418831902,0.4014855859780349,2.224926233291626
random_graph,random_graph,1,0.1,0,256,0.2,1200,200,50,-0.06907101079756289,11.94202465375709,8.921955943662757,0.653835299586816,0.6537714660661789,0.024928422767454987,0.0,0.1295390011820309,0.22112598395599475,1.896028757095337
random_graph,random_graph,1,0.1,1,256,0.2,1200,200,50,-0.06813588429633906,9.447503417395495,9.385145780349697,0.6780408286990265,0.6822406912746153,0.02041108857677552,0.0,0.12886091980056927,0.22080340766778167,1.8064918518066406
random_graph,random_graph,1,0.3,4,256,0.2,1200,200,50,-0.07604467036181616,10.205421461587928,10.12201912886416,0.6815793901927044,0.6946267791896278,0.020674799305433977,0.0,0.10668269886104847,0.2180960842253984,1.4324936866760254
random_graph,random_graph,1,0.3,5,256,0.2,1200,200,50,-0.07511858477298956,10.660999355114033,10.826945159413613,0.6991617789515252,0.6823588021597972,0.024112401724931003,0.0,0.10664331754435595,0.2186470111340217,1.5226337909698486
random_graph,random_graph,1,0.3,6,256,0.2,1200,200,50,-0.07392239788458577,11.94967155737723,9.632736160948557,0.7096867581544579,0.7300369070343778,0.023370752216330587,0.0,0.10468580807267405,0.21676951916265202,1.99983549118042
random_graph,random_graph,1,0.3,7,256,0.2,1200,200,50,-0.0779384020101014,11.386997622501593,11.363752869136693,0.6919421921772261,0.6870124199611534,0.023542376158921883,0.0,0.10477249844248433,0.21488993290835162,2.0375418663024902
random_graph,random_graph,1,0.3,8,256,0.2,1200,200,50,-0.07301835846104895,11.089501979243122,7.893267317797921,0.7053774684002952,0.7042494974450195,0.022756281552965493,0.0,0.11234143089326509,0.21814715513739943,1.7337195873260498
random_graph,random_graph,1,0.3,9,256,0.2,1200,200,50,-0.07502150368912225,11.514216043858822,7.6792702097919525,0.6908858431444042,0.6940975968329838,0.02002130353711668,0.0,0.11154523868356386,0.22049399187987867,1.7161071300506592
random_graph,random_graph,1,1.0,0,256,0.2,1200,200,50,-0.08406054475053482,11.91757967871175,8.683390079569545,0.7618239183418001,0.7571814524069277,0.024946840022819532,0.0,0.07291111102120997,0.22011149199601157,1.7176496982574463
random_graph,random_graph,1,1.0,1,256,0.2,1200,200,50,-0.08500509273779483,9.762073507661825,9.560734148116191,0.7817054031084567,0.7841568747765093,0.020458166029902,0.0,0.07206619358336581,0.21968086089073813,1.7577614784240723
random_graph,random_graph,1,3.0,4,256,0.2,1200,200,50,-0.08926762287402538,10.153324297350379,8.10883616436264,0.9086516620718453,0.9080953415929841,0.020644032772717567,0.0,0.03740031384861591,0.2150969701945293,1.6473402976989746
random_graph,random_graph,1,3.0,5,256,0.2,1200,200,50,-0.08837940052823161,10.2098461133338,9.555979679518062,0.9060698937771581,0.8987873950301417,0.024150557335661772,0.0,0.03710455459723531,0.21753769527434147,1.3376951217651367
random_graph,random_graph,1,3.0,6,256,0.2,1200,200,50,-0.08961197640940716,11.341009424582758,8.876315952045768,0.9143706903485814,0.9152348264217203,0.023397456731002658,0.0,0.03681416284685027,0.21457056384339807,2.0198655128479004
random_graph,random_graph,1,3.0,7,256,0.2,1200,200,50,-0.0901717713698063,10.72244811020831,9.488652890559267,0.9053844553260089,0.8999008583664713,0.023539407379358918,0.0,0.036540609042168305,0.2126038511006683,1.554105281829834
random_graph,random_graph,1,3.0,8,256,0.2,1200,200,50,-0.08835228840283725,10.758515605285227,7.298030250832846,0.9179686946274999,0.9214499960353799,0.02274089031719172,0.0,0.039629680934759416,0.2155461021922194,1.7143855094909668
random_graph,random_graph,1,3.0,9,256,0.2,1200,200,50,-0.08801544630577256,11.014843547755037,6.473508191979156,0.9130685494508168,0.9129549691457985,0.020029559544307025,0.0,0.03956599257925336,0.21789708820082837,1.8135838508605957
random_graph,random_graph,1,10.0,0,256,0.2,1200,200,50,-0.08953608170803125,9.854906874812663,5.837387912331925,0.9878034449503621,0.9902228243859446,0.024889963350038975,0.0006640625,0.014658164756644738,0.21626298514457637,1.5192046165466309
random_graph,random_graph,1,10.0,1,256,0.2,1200,200,50,-0.09027517969028222,9.045530297200822,6.8879183782527225,0.9919407593392032,0.9856222323948075,0.02043403392935401,0.000546875,0.014196029722525469,0.21588241981260467,1.686840534210205
random_graph,random_graph,1,1.0,6,256,0.2,1200,200,50,-0.08619910894941982,11.887532608336967,9.63280920180136,0.7801921384185753,0.7932726473227082,0.02339556318511111,0.0,0.07023559008669111,0.21601682821779009,1.5199973583221436
random_graph,random_graph,1,1.0,7,256,0.2,1200,200,50,-0.08700053089437831,11.287315744706401,10.914541650577261,0.7704239472800564,0.7605410968686097,0.023555325616021246,0.0,0.0700312176549671,0.21411208800664389,1.7974612712860107
random_graph,random_graph,1,1.0,8,256,0.2,1200,200,50,-0.08406487095939878,11.175629551429616,7.770206972154859,0.7794419213578356,0.7817121597027702,0.022776682519895917,0.0,0.0752288467175152,0.21738176518181665,1.9357364177703857
random_graph,random_graph,1,1.0,9,256,0.2,1200,200,50,-0.08435373672784562,11.619363134446981,7.634498114385284,0.7723768407520702,0.7731064397564794,0.020048110566504185,0.0,0.07513041463865641,0.2196876596420253,1.9132044315338135
random_graph,random_graph,1,3.0,0,256,0.2,1200,200,50,-0.08767162654902019,11.232841342124129,7.648250162098891,0.9060673434766539,0.9041148764762021,0.02489370639900667,0.0,0.037967712092716224,0.2182261907988023,1.7225492000579834
random_graph,random_graph,1,3.0,1,256,0.2,1200,200,50,-0.08847410416990083,9.498760382449301,8.770712426346043,0.9170950846832624,0.917343497416441,0.02042818617094855,3.2552083333333335e-06,0.03714787390963278,0.21779555562146904,1.3497378826141357
random_graph,random_graph,1,3.0,2,256,0.2,1200,200,50,-0.09019363027692258,10.3006957984377,8.13573950727686,0.9118395852337225,0.9160885840263588,0.023107011483393954,3.90625e-05,0.03837798760512224,0.21170248564498076,2.180589437484741
random_graph,random_graph,1,3.0,3,256,0.2,1200,200,50,-0.08665917728546317,9.35783127026199,6.12462271260461,0.9200334761786902,0.9203128032755168,0.02215124220758567,0.0,0.03811475454217254,0.22006608633672034,1.8717920780181885
random_graph,random_graph,1,1.0,2,256,0.2,1200,200,50,-0.0823855987895933,10.952602120566866,9.638802006240903,0.7778809798228694,0.7787471699841919,0.023143621957162925,0.0,0.07199021133627051,0.21363059294729203,1.8803014755249023
random_graph,random_graph,1,1.0,3,256,0.2,1200,200,50,-0.08283791193549629,9.761364818987175,6.336811775644579,0.776166455182784,0.7709960589507457,0.022179389999565365,0.0,0.07327091114027992,0.22173547769928595,1.9463248252868652
random_graph,random_graph,1,1.0,4,256,0.2,1200,200,50,-0.08548246191503682,10.293203308484038,9.616687200630361,0.7633637790806784,0.7753529990703929,0.020673515253170953,0.0,0.07142586125487528,0.2170461758462385,1.9187448024749756
random_graph,random_graph,1,1.0,5,256,0.2,1200,200,50,-0.08486580342810426,10.621170532875805,10.596443142829989,0.7706455395951403,0.754523659989403,0.024161454607118188,0.0,0.07109769515580609,0.2184838279589462,1.8110580444335938
random_graph,random_graph,1,10.0,2,256,0.2,1200,200,50,-0.09241634464964928,9.74539002683683,6.182000708312492,0.9911637454604104,0.9919442989595824,0.023114781142861737,0.0007063802083333334,0.015072904163637406,0.20963953381045197,1.5501136779785156
random_graph,random_graph,1,10.0,3,256,0.2,1200,200,50,-0.08861662466695062,8.75502721502448,5.147370948697954,0.9924246764891673,0.9954212137244317,0.022145748615237004,0.0004947916666666667,0.01461854952919653,0.2182568277043967,1.4670658111572266
random_graph,random_graph,1,10.0,4,256,0.2,1200,200,50,-0.0911307284017266,9.36868191160093,6.130191573029089,0.9906688323044894,0.9865313580676509,0.020663601755421427,0.0006835937500000001,0.014368570569840299,0.2131753661377627,1.6981933116912842
random_graph,random_graph,1,10.0,5,256,0.2,1200,200,50,-0.09018646609393857,9.79784666275973,7.7473897589831555,0.9915117049474403,0.9862287006803696,0.024140832487646733,0.0004524739583333334,0.01424374810617733,0.21634349817475992,1.605604887008667
random_graph,random_graph,1,15.0,4,256,0.2,1200,200,50,-0.09142362954984051,10.522437711981054,7.2831962076277135,0.9905495896508468,0.9864861025067635,0.02070542765843557,0.000908203125,0.010567642180124006,0.21280452999398325,1.5907108783721924
random_graph,random_graph,1,15.0,5,256,0.2,1200,200,50,-0.09048934188759593,11.02001698367792,7.9113991131512735,0.9913866289537645,0.985769767446413,0.024160968255472353,0.0006640625,0.010420005163624273,0.2160975759538219,1.6231870651245117
random_graph,random_graph,1,15.0,6,256,0.2,1200,200,50,-0.09160382551090668,10.906613125356916,7.564681624632021,0.9899895665463087,0.990780367828463,0.023456308108843117,0.0007975260416666668,0.010429320250261958,0.2128336387454923,1.4866125583648682
random_graph,random_graph,1,15.0,7,256,0.2,1200,200,50,-0.09215229746427327,10.52229818847103,6.888168322413527,0.9886278396261944,0.9887607459843429,0.023584883298301572,0.0006803385416666667,0.010159341865646196,0.21077583955098417,1.537285566329956
random_graph,random_graph,1,10.0,6,256,0.2,1200,200,50,-0.09131743099169659,10.078296789431972,7.162975025855521,0.9902592455580241,0.9911014227120557,0.02342287341244571,0.0004850260416666667,0.014162646051994885,0.21311629661689,1.757577896118164
random_graph,random_graph,1,10.0,7,256,0.2,1200,200,50,-0.09186066914088997,9.703184744136019,7.155702511905485,0.9888576059711908,0.9888847086435889,0.023555995222377103,0.00046875000000000004,0.01401453050698779,0.2110789716377109,1.6779718399047852
random_graph,random_graph,1,10.0,8,256,0.2,1200,200,50,-0.0906682129878726,9.753995999326186,6.554226839274409,0.9901309093368527,0.9914722070619493,0.022737725082511213,0.0006412760416666667,0.015502710780507942,0.21347496206124503,1.9101076126098633
random_graph,random_graph,1,10.0,9,256,0.2,1200,200,50,-0.09000563921779713,9.756986502097378,4.840522325267045,0.9906354734837938,0.9941482567392753,0.020044006636864547,0.000517578125,0.015248737791757129,0.21598054508734957,1.6840639114379883
random_graph,random_graph,1,15.0,0,256,0.2,1200,200,50,-0.08982921138079102,10.415219024843578,5.854338397657343,0.9875442226340168,0.9898753123218956,0.024919131658168333,0.0009277343750000001,0.01075447423362043,0.2158670255021403,1.6642482280731201
random_graph,random_graph,1,15.0,1,256,0.2,1200,200,50,-0.09056937410507636,10.445039057776837,7.065427196904667,0.9918478511071843,0.9855001004056739,0.020469391451225828,0.0009244791666666668,0.010431120568250516,0.21550101115152967,1.9297356605529785
random_graph,random_graph,1,15.0,2,256,0.2,1200,200,50,-0.09275267270254285,10.829426952139558,6.894316045478285,0.9910626205335342,0.9918843294854935,0.023152746101751408,0.00099609375,0.011014360034828696,0.20920399595424707,1.9154200553894043
random_graph,random_graph,1,15.0,3,256,0.2,1200,200,50,-0.08893951227800588,9.837255217536022,6.7060308130146815,0.9923915128482134,0.9950941009523169,0.022185097261252767,0.0007845052083333333,0.01089275402724619,0.21790866644521475,1.6933085918426514
random_graph,random_graph,1,15.0,8,256,0.2,1200,200,50,-0.09107103229608939,10.79084411385955,7.857214082887769,0.9900520461044198,0.991329224520706,0.02278261322086797,0.0008951822916666667,0.011464880461945569,0.21304208785041112,1.680311679840088
random_graph,random_graph,1,15.0,9,256,0.2,1200,200,50,-0.09034137948658949,10.218431969054585,5.628645128844185,0.9904545394339724,0.9939782193795091,0.020082360389004777,0.0007649739583333334,0.01110510058794361,0.21559590470470966,1.723090648651123
random_graph,random_graph,1,20.0,0,256,0.2,1200,200,50,-0.0283547911150956,24.39521062495042,10.902359229411134,0.9900118383444874,0.9906174032536771,0.025424358847032574,0.21972981770833336,0.04232279206703607,0.23158639071455894,1.8182554244995117
random_graph,random_graph,1,20.0,1,256,0.2,1200,200,50,-0.013992769449831428,24.920649875639047,11.923746068916122,0.9927809733829145,0.9831518197697648,0.02132110900913013,0.23019205729166667,0.04207704015787081,0.2311429751158942,1.7627687454223633
random_graph,random_graph,1,20.0,2,256,0.2,1200,200,50,-0.012446220410666533,26.117736962723022,7.355317059236146,0.9933565731140919,0.9823415396177361,0.02380257418660319,0.23294921875000002,0.04330989959840355,0.22577896879679746,1.4895851612091064
random_graph,random_graph,1,20.0,3,256,0.2,1200,200,50,-0.02774130095830603,25.225418870567133,10.377814143417394,0.9938363768013884,0.9939355079298738,0.024151473134524214,0.22749023437500002,0.04304708540132302,0.23353618345652877,1.920516014099121
random_graph,random_graph,1,20.0,4,256,0.2,1200,200,50,-0.022000706494330793,24.74001863290556,12.874804872892929,0.9926396648305241,0.9866745591168322,0.023152609919763145,0.23538085937500003,0.04370758228303726,0.22963106397526392,1.7905986309051514
random_graph,random_graph,1,20.0,5,256,0.2,1200,200,50,-0.01984579058998748,24.91424674107928,11.408946215999407,0.9930520168836926,0.9878927839773176,0.02418268556792344,0.239033203125,0.04346931407811616,0.23206334947654572,2.0078470706939697
random_graph,random_graph,1,20.0,6,256,0.2,1200,200,50,-0.032236910519432296,24.585597734112902,12.308020124340755,0.9915746155828206,0.9913949548163823,0.024082568271785013,0.23833658854166667,0.0442700863323379,0.22957456584342534,1.8664426803588867
random_graph,random_graph,1,20.0,7,256,0.2,1200,200,50,-0.039002809678629305,24.309737162664668,12.920898538204861,0.9898999406271872,0.9897483520969808,0.024048816611851695,0.24025065104166668,0.04349868425590432,0.2275203689704128,1.9982686042785645
random_graph,random_graph,1,20.0,8,256,0.2,1200,200,50,-0.020932242703046593,25.735442256393792,11.79014991507759,0.9923753835727863,0.9907969910753022,0.024712893436305578,0.22746419270833335,0.04337237378341005,0.22893575221982246,1.4033229351043701
random_graph,random_graph,1,20.0,9,256,0.2,1200,200,50,-0.016923089935988057,24.55496799977656,12.784015062074339,0.9921214979220426,0.9941769267617532,0.02454495610991202,0.232509765625,0.043251449073320104,0.2318089806470321,2.238530158996582
random_graph,random_graph,1,25.0,4,256,0.2,1200,200,50,-0.03036227413364001,33.20764148013234,11.033937211093258,0.9927111009754223,0.9646165966386625,0.02649843272316547,0.38760091145833336,0.06037224001463324,0.2720722745103151,1.5657963752746582
random_graph,random_graph,1,25.0,5,256,0.2,1200,200,50,-0.05335302292792592,32.64956225426803,13.642190471265373,0.9933216839054221,0.9870289072878837,0.027058522659964324,0.40038411458333334,0.06213043413722798,0.27558228476420943,2.113067150115967
random_graph,random_graph,1,25.0,6,256,0.2,1200,200,50,-0.04224445497397856,31.44295943574712,14.986435434106188,0.9924716174538494,0.9902877677483461,0.028368852184519032,0.39736653645833336,0.06133264433863349,0.2715749517386186,1.9659066200256348
random_graph,random_graph,1,25.0,7,256,0.2,1200,200,50,-0.04920287443922806,32.27832836929713,13.230451829472917,0.9914065989862276,0.9873912153331175,0.02712070453340819,0.3926529947916667,0.060985055722383705,0.26886313940201956,1.9911928176879883
random_graph,random_graph,1,25.0,8,256,0.2,1200,200,50,-0.04891089351229075,32.9920697792771,14.394436490170134,0.9925573741022448,0.9892042383186543,0.026882572641768857,0.39678059895833334,0.061821995791202004,0.2723200548669537,1.9232478141784668
random_graph,random_graph,1,25.0,9,256,0.2,1200,200,50,-0.06307068371171423,31.775768248316584,14.355771986421741,0.99204242489475,0.9910479035065022,0.02818683778531023,0.39548177083333336,0.06106122429304192,0.2736185269423974,1.8319611549377441
random_graph,random_graph,1,30.0,0,256,0.2,1200,200,50,0.04972059806325785,35.112787325096576,8.887256156544112,0.985482607497973,0.9269477701290598,0.033380829712965555,0.436435546875,0.07059178171434337,0.31908791129034886,1.8931760787963867
random_graph,random_graph,1,30.0,1,256,0.2,1200,200,50,0.04668161394081684,34.92462114634181,13.062465933635545,0.9881819358871264,0.949334694894004,0.028825390534292023,0.44269531250000005,0.072091802161075,0.32005350474213673,2.089092969894409
random_graph,random_graph,1,25.0,0,256,0.2,1200,200,50,-0.06650945651130222,31.650566394914712,15.248204822564384,0.9915453547680969,0.9889376524009136,0.027826360955226868,0.3841080729166667,0.05881325937923126,0.27148619283490155,2.0939695835113525
random_graph,random_graph,1,25.0,1,256,0.2,1200,200,50,-0.06605883084712111,31.486118073708855,14.94968535030478,0.9926949996052188,0.9827151526567861,0.024715152636082996,0.395693359375,0.06007934973224441,0.27288550197977657,1.8687095642089844
random_graph,random_graph,1,25.0,2,256,0.2,1200,200,50,-0.049456556928703495,32.847675782313225,13.661712215880177,0.9937925191146155,0.9897339149426002,0.027500602462381955,0.3945084635416667,0.06166273769963327,0.2680789565015808,1.8127222061157227
random_graph,random_graph,1,25.0,3,256,0.2,1200,200,50,-0.04873774276543591,32.50396085054332,13.620963010543266,0.9940133110857768,0.9836043503736379,0.026889700884826586,0.3846940104166667,0.0589885599729702,0.2739254761380013,2.095980167388916
ring_unidir,ring_unidir,2,0.1,0,256,0.2,1200,200,50,-0.056867906589908264,12.076254639310479,9.079851949829676,0.6377102588319796,0.6370305099972239,0.024987618897271215,0.0,0.21279667535794355,0.22195617109545088,1.0801596641540527
ring_unidir,ring_unidir,2,0.1,1,256,0.2,1200,200,50,-0.05522887380111501,9.540447262897525,9.456989784383383,0.6586440725073405,0.663376407481035,0.020440262236716685,0.0,0.21049380686720545,0.22171425211202267,0.5742883682250977
ring_unidir,ring_unidir,2,0.1,2,256,0.2,1200,200,50,-0.044501522297211035,10.760644401215279,9.462389105121101,0.6739477866923959,0.6576296929490272,0.023172112268894176,0.0,0.2294686907768501,0.21572683751451058,1.2523248195648193
ring_unidir,ring_unidir,2,0.1,3,256,0.2,1200,200,50,-0.051964839779168444,9.600985292058038,5.8545186549602075,0.6590286995711447,0.6491152386535086,0.022136649943517668,0.0,0.2148014626624908,0.22321130334139258,0.8975353240966797
ring_unidir,ring_unidir,2,0.1,8,256,0.2,1200,200,50,-0.05359078061389172,11.169300002659082,7.979096235976816,0.6709009904441899,0.668925979070353,0.02277070703969419,0.0,0.22601367694340568,0.21911439240040834,0.6244487762451172
ring_unidir,ring_unidir,2,0.1,9,256,0.2,1200,200,50,-0.055609849022607565,11.624702396026649,7.7372121871865165,0.651768481809864,0.6530980620914414,0.019999758529032168,0.0,0.21278679602953313,0.22141805066017634,0.9100909233093262
ring_unidir,ring_unidir,2,0.3,0,256,0.2,1200,200,50,-0.03207916839990789,12.561043116298903,9.477179273057482,0.6506443144968758,0.6451914399340895,0.02567361239572154,0.0,0.32612496662520896,0.22567474107029503,1.1680655479431152
ring_unidir,ring_unidir,2,0.3,1,256,0.2,1200,200,50,-0.022662711497371684,10.098195322289785,9.626023653183218,0.6684483781097904,0.6729910089870514,0.0211090521003428,0.0,0.3260094198977322,0.22596681268493224,0.9419145584106445
ring_unidir,ring_unidir,2,0.1,4,256,0.2,1200,200,50,-0.057250780990294105,10.218572489567041,10.4601444162377,0.639434075039613,0.6505069335736601,0.020691814988122007,0.0,0.21395169672465297,0.21919543572306455,0.8010776042938232
ring_unidir,ring_unidir,2,0.1,5,256,0.2,1200,200,50,-0.05529593255650705,10.734905505879173,10.95253913823499,0.6607880149036062,0.646696558941537,0.024087020967134797,0.0,0.193538075884792,0.21903810735861226,0.8612735271453857
ring_unidir,ring_unidir,2,0.1,6,256,0.2,1200,200,50,-0.05483682435791015,12.01679460645194,9.6357541988779,0.6770498270651246,0.6948487139727646,0.02336909383711714,0.0,0.2051583552309318,0.21772535522633588,1.4237010478973389
ring_unidir,ring_unidir,2,0.1,7,256,0.2,1200,200,50,-0.05838663620690152,11.554683228622222,11.509158198112054,0.6481036245989552,0.649150343453638,0.02355606538428372,0.0,0.20622805049819073,0.21584120663241743,0.8484079837799072
ring_unidir,ring_unidir,2,0.3,2,256,0.2,1200,200,50,-0.021820092429522275,11.004068452786068,9.630112088787152,0.6801553123845354,0.6606418621251529,0.024085556600171185,0.00040039062500000003,0.3891148896122981,0.22144301047311096,0.6876387596130371
ring_unidir,ring_unidir,2,0.3,3,256,0.2,1200,200,50,-0.0226197892405439,10.111233512029608,6.226164401071076,0.6692615221457016,0.6569092269051351,0.02268770464440077,0.0,0.32006470524631214,0.2270644681717769,1.2621138095855713
ring_unidir,ring_unidir,2,0.3,4,256,0.2,1200,200,50,-0.031163786036450012,10.665977822402384,11.03774074352923,0.651867349721914,0.665006050329227,0.02121203056925195,0.0,0.3173254836605643,0.22284824176099963,1.1456217765808105
ring_unidir,ring_unidir,2,0.3,5,256,0.2,1200,200,50,-0.027338434674514273,11.067229822648036,11.139495792008473,0.6657364696129361,0.6565882497867527,0.024745857340229355,0.0,0.28843124125485153,0.22241195326858754,1.3020730018615723
random_graph,random_graph,1,30.0,2,256,0.2,1200,200,50,0.04797360608176816,35.626841903049545,13.061127077980986,0.9886399880394338,0.9710595731047771,0.03193521026900066,0.457861328125,0.07363382794772928,0.31320001969939115,1.8344371318817139
random_graph,random_graph,1,30.0,3,256,0.2,1200,200,50,0.056617499416163675,35.252566499704706,4.7365163710393325,0.9892816696611226,0.9108758366806449,0.030578236777996745,0.4397037760416667,0.0709434160752808,0.32035254203584324,2.024528741836548
random_graph,random_graph,1,30.0,4,256,0.2,1200,200,50,0.043522611200734154,36.0077067938342,10.65851914845149,0.9886834384142807,0.9182169746048445,0.028627060929879756,0.44629882812500005,0.07355226289988205,0.3204915809303866,2.1008198261260986
random_graph,random_graph,1,30.0,5,256,0.2,1200,200,50,0.03385174231686999,35.9064596210304,13.774498153705663,0.9870200271378674,0.9664957705243995,0.030068233518625115,0.4559928385416667,0.07420494549377304,0.3216772782015228,2.530616044998169
random_graph,random_graph,1,30.0,6,256,0.2,1200,200,50,0.04248515737088439,34.52357667176216,13.8626787716916,0.9871831651145544,0.9707323358134461,0.032722745075235045,0.4555794270833334,0.07452083373654787,0.32034100950935307,1.724027156829834
random_graph,random_graph,1,30.0,7,256,0.2,1200,200,50,0.05834324866774678,35.37590113681917,10.66339208363041,0.9852033337449948,0.9358159271622744,0.03163227809506501,0.45376953125,0.07369898613884521,0.31636469669846906,1.9780652523040771
random_graph,random_graph,1,30.0,8,256,0.2,1200,200,50,0.05905437947168231,36.06525413281756,13.828624886417238,0.9884995309831796,0.9741721290819116,0.0311292025033797,0.45137695312500004,0.07233350944454868,0.31578179447524246,2.2670810222625732
random_graph,random_graph,1,30.0,9,256,0.2,1200,200,50,0.046285420495464726,34.95676819565369,11.187491616777882,0.9851438267117297,0.9747577903684223,0.03265199795951576,0.4412662760416667,0.07103809693327473,0.3178416436251324,2.335170030593872
ring_unidir,ring_unidir,2,0.3,6,256,0.2,1200,200,50,-0.02578531276884505,12.340159720709698,9.770240244436406,0.684136565031466,0.6929373436223651,0.023895200994546787,0.0,0.3120588535578824,0.2215734734306816,1.3769779205322266
ring_unidir,ring_unidir,2,0.3,7,256,0.2,1200,200,50,-0.02950264539745363,12.395204961581145,11.791318174955489,0.6657743945442637,0.6597878819544423,0.02408656435798783,0.0,0.30309745021936246,0.21922226053594535,0.8322873115539551
ring_unidir,ring_unidir,2,0.3,8,256,0.2,1200,200,50,-0.0193396884930961,11.655782380832186,7.96777674125764,0.6794092069533452,0.6744444283354316,0.023641633949928048,0.0,0.3486907261822228,0.2237200022442093,1.272636890411377
ring_unidir,ring_unidir,2,0.3,9,256,0.2,1200,200,50,-0.02750537394751973,12.057430807025042,7.83391819608082,0.6635720216135428,0.6615797880477008,0.02043015255738083,0.0,0.31808238735927086,0.22533266426558685,1.104417324066162
ring_unidir,ring_unidir,2,0.5,0,256,0.2,1200,200,50,-0.006691811471827046,14.280628328038404,9.541274667428853,0.7188155525046139,0.6993193049995401,0.038297884820022124,0.038564453125,1.1894197937259776,0.25754732754322507,1.0401124954223633
ring_unidir,ring_unidir,2,0.5,1,256,0.2,1200,200,50,-0.010265902582996414,11.898960617679437,6.707715178010861,0.7293967920272844,0.678240347968973,0.03153272883906041,0.05737955729166667,1.2519626561830004,0.2590486924538293,1.109205961227417
ring_unidir,ring_unidir,2,0.5,2,256,0.2,1200,200,50,-0.016574338973727242,12.305064093287235,9.598756404432695,0.7325369398210625,0.7040474327058648,0.03055672815555089,0.07268229166666668,1.2879870538598706,0.2511372466388903,1.2721047401428223
ring_unidir,ring_unidir,2,0.5,3,256,0.2,1200,200,50,-0.010442438178651309,11.234737194268785,6.5490399811798605,0.7193581286571309,0.7052991671310116,0.03007393428556979,0.039078776041666666,1.0032156591333865,0.2512730796564052,1.161900520324707
ring_unidir,ring_unidir,2,0.7,2,256,0.2,1200,200,50,-0.00943462797482598,15.059126345059429,4.513321631906584,0.7652274095932227,0.6460734550889943,0.06218512499198358,0.32438802083333335,3.724592618731741,0.3159822419076846,0.9283473491668701
ring_unidir,ring_unidir,2,0.7,3,256,0.2,1200,200,50,-0.0032670395789424524,15.344562897190114,0.13614831916743753,0.7674853898060926,0.013410277288716741,0.07565052050818816,0.3351334635416667,3.7885710696796093,0.32266419157900167,1.0498783588409424
ring_unidir,ring_unidir,2,0.7,4,256,0.2,1200,200,50,-0.006492089307015541,15.764913704167174,0.43489920646569413,0.7760478318894856,-0.046880100400163716,0.08800509386402745,0.31242513020833335,3.5334792687190113,0.3140641499204857,1.2646598815917969
ring_unidir,ring_unidir,2,0.7,5,256,0.2,1200,200,50,-0.003642723264040521,15.920434207457188,0.3265153207115084,0.7665164006192327,0.035596228553587975,0.06671593455232497,0.346103515625,3.795102553913987,0.322832691461094,1.0701251029968262
ring_unidir,ring_unidir,2,0.5,8,256,0.2,1200,200,50,-0.01139593071810674,12.97733607127699,7.854110279821451,0.7187111282893491,0.7015525627894421,0.027166885799109274,0.05123046875,1.0229959902198267,0.24566371246426302,0.9578802585601807
ring_unidir,ring_unidir,2,0.5,9,256,0.2,1200,200,50,-0.008013932091596678,13.405310596500403,7.3899277820060885,0.7116146111697818,0.7063597237500238,0.026993303696532356,0.05083658854166667,1.1089111990702736,0.25219354163518665,1.160660982131958
ring_unidir,ring_unidir,2,0.7,0,256,0.2,1200,200,50,-0.005600000803549036,17.02380927506768,3.55379653024656,0.760029825378057,0.48334302771304344,0.047843132596005054,0.33965494791666667,3.855646834977691,0.32097550725051116,1.1146197319030762
ring_unidir,ring_unidir,2,0.7,1,256,0.2,1200,200,50,-0.0032164177148051257,16.44589648123729,0.4198918996239948,0.7686352727205247,0.20691250078339601,0.05672817963995341,0.34728515625,3.8961902287045143,0.32316913920707985,1.2657272815704346
ring_unidir,ring_unidir,2,0.5,4,256,0.2,1200,200,50,-0.012487355382672736,12.162129860473408,10.314960413623497,0.7164747354097836,0.6950543599580492,0.02939235225151908,0.048665364583333336,1.1397722989612231,0.2515524927068865,1.1058833599090576
ring_unidir,ring_unidir,2,0.5,5,256,0.2,1200,200,50,-0.009962536855855002,12.149220516227878,8.079684967237986,0.7151252216762446,0.6871977216338652,0.03057683414499809,0.03679036458333334,0.9067147398087996,0.24357724883203394,1.255868673324585
ring_unidir,ring_unidir,2,0.5,6,256,0.2,1200,200,50,-0.01092987740684781,13.327727833498118,9.974241065962858,0.7132831817768741,0.7128354749716965,0.02710745515092,0.05413736979166667,1.036373383072362,0.24516940965300296,1.0768442153930664
ring_unidir,ring_unidir,2,0.5,7,256,0.2,1200,200,50,-0.01270528034943437,14.23679861726789,9.939365523148144,0.7271041928180524,0.6609393155971975,0.029571129130830244,0.03738606770833334,0.9617366252058925,0.24216516522714693,1.1989612579345703
random_graph,random_graph,1,50.0,4,256,0.2,1200,200,50,0.3942872561039172,33.363814052568344,3.840305658128913,0.9658370813918776,0.8319256310005979,0.03901858274347155,0.6954231770833333,0.08508886928806872,0.3773746656551517,1.845905065536499
random_graph,random_graph,1,50.0,5,256,0.2,1200,200,50,0.38710375964655336,33.04980930473552,3.992140287831409,0.9552574990835438,0.8756989328201881,0.04010390066449165,0.7086490885416667,0.08647854811014613,0.38587871048043526,2.4048664569854736
random_graph,random_graph,1,50.0,6,256,0.2,1200,200,50,0.37673375066254805,32.54921034140532,3.36951524792771,0.963793720767197,0.8686146801502067,0.04026770767060828,0.7113313802083334,0.08688251897725321,0.38115879369688616,2.3447391986846924
random_graph,random_graph,1,50.0,7,256,0.2,1200,200,50,0.3856109238537362,33.18779223297158,2.7242625380500924,0.9511961966291712,0.8851696117561781,0.040272821716181156,0.6971484375,0.08665745957892433,0.37826265691171324,2.3459670543670654
random_graph,random_graph,1,50.0,8,256,0.2,1200,200,50,0.40706604388270484,33.271196053538134,3.2527749890392554,0.9649562040095334,0.873916979970104,0.03943426618908087,0.672958984375,0.08291262739543992,0.3748195463446894,2.00230073928833
random_graph,random_graph,1,50.0,9,256,0.2,1200,200,50,0.4009111123315455,32.81991180911288,3.6803186615939256,0.9639185638856475,0.9056756433506555,0.03819893792704922,0.68810546875,0.08271063821596632,0.3812270500903661,2.1589391231536865
random_graph,random_graph,1,100.0,0,256,0.2,1200,200,50,0.6476743282245109,32.41154110714338,1.9615467388431758,0.9301354544058515,0.7613788768870668,0.044922686869099344,0.8271451822916667,0.08101123283222945,0.39952521483310605,2.3696508407592773
random_graph,random_graph,1,100.0,1,256,0.2,1200,200,50,0.6425746544267655,32.222444880046666,1.7022689340257144,0.9327048415863631,0.7306972977233929,0.041078286354581994,0.8328059895833334,0.08316587254608934,0.4036487316043614,2.5031802654266357
random_graph,random_graph,1,50.0,0,256,0.2,1200,200,50,0.38348716350298784,33.07150884572204,4.308013502900407,0.9655195803249728,0.8747466440842935,0.042630087266181615,0.6938736979166668,0.0840256613726497,0.38252324437973984,2.1405632495880127
random_graph,random_graph,1,50.0,1,256,0.2,1200,200,50,0.3918432220161178,33.36040587185321,3.14484226988851,0.9569677661063523,0.8589180357600326,0.038266685856579045,0.6854720052083334,0.08386248903393981,0.38257971849076067,2.213360548019409
random_graph,random_graph,1,50.0,2,256,0.2,1200,200,50,0.4031356184498799,32.793863287351016,2.937221190669236,0.9630834153732706,0.8837494290977681,0.03977819989122701,0.6780696614583334,0.08382946903755674,0.37175408654592973,2.469754219055176
random_graph,random_graph,1,50.0,3,256,0.2,1200,200,50,0.38135610344513854,32.48868761897814,3.2567341703866077,0.9695044289619381,0.8997863021112336,0.04013165785735974,0.6999837239583334,0.0848151439922423,0.38727817268450176,2.6324028968811035
random_graph,random_graph,1,100.0,2,256,0.2,1200,200,50,0.6353986825694888,31.94000934457892,2.507455260235688,0.9425163010501144,0.7730175302640443,0.043747534585680606,0.8298730468750001,0.08252407895842462,0.3940419702459533,1.928464412689209
random_graph,random_graph,1,100.0,3,256,0.2,1200,200,50,0.6369879909276256,32.00736401057287,2.1036234649839143,0.9447156151888341,0.8476982399682284,0.04142931966358916,0.8370377604166667,0.08298100497788309,0.4037581565438063,2.108792543411255
random_graph,random_graph,1,100.0,4,256,0.2,1200,200,50,0.6467748495156072,32.353800500028406,2.455160552705924,0.9388533427235192,0.5852376736375109,0.04070589593942153,0.8315364583333333,0.08233999796942738,0.3980213133962508,2.5733067989349365
random_graph,random_graph,1,100.0,5,256,0.2,1200,200,50,0.6472810251869325,32.114880254865895,1.7592313148415109,0.9405245527521947,0.7501697662434973,0.045006340383438995,0.8375911458333334,0.08388861935664939,0.40165392982049014,3.043595314025879
ring_unidir,ring_unidir,2,0.7,6,256,0.2,1200,200,50,-0.004500647423163146,17.37032373797962,1.043991684199281,0.7619976284933365,0.43237004559262565,0.040626781369823,0.3176725260416667,3.5067655739718546,0.31635465054633927,1.0971565246582031
ring_unidir,ring_unidir,2,0.7,7,256,0.2,1200,200,50,-0.004672328837787584,18.080583020114076,4.508671527021556,0.7668425472183586,0.1521237212710927,0.04530823090411897,0.3440983072916667,3.848149846564659,0.3192083711020683,1.26546311378479
ring_unidir,ring_unidir,2,0.7,8,256,0.2,1200,200,50,-0.004608210038905535,15.915832127773614,0.005727926293483787,0.7574102078545718,-0.030715652791656316,0.042491281178780656,0.33404947916666666,3.704047930632916,0.31767038030526373,1.3211073875427246
ring_unidir,ring_unidir,2,0.7,9,256,0.2,1200,200,50,-0.003906743647270524,17.107333300826532,2.0053518486517588,0.7640392471678792,0.27852493560036345,0.03918622517046541,0.340751953125,3.855839555136964,0.32235129466201584,1.3025619983673096
ring_unidir,ring_unidir,2,1.0,0,256,0.2,1200,200,50,-0.00192046976979004,19.86084445772562,0.5020419283689389,0.8224207712459246,-0.0982657043766578,0.0480243451040204,0.48247721354166667,6.044723062266118,0.30297385145416056,1.1158981323242188
ring_unidir,ring_unidir,2,1.0,1,256,0.2,1200,200,50,-0.0017935093379071272,19.573307682590283,-0.013737191935022363,0.8172479272538968,-0.020569559280797487,0.06259423075882284,0.4713802083333334,5.9241527043038875,0.30205351987712276,1.1513371467590332
ring_unidir,ring_unidir,2,1.0,2,256,0.2,1200,200,50,-0.0025620886395485297,17.694242683864395,0.03737963505558163,0.8220881597294091,0.12356986080188576,0.06538349775455321,0.47870117187500005,5.893388013397388,0.2990182332642531,1.2856812477111816
ring_unidir,ring_unidir,2,1.0,3,256,0.2,1200,200,50,-0.0011383922339438849,18.66319699609422,-0.0054858208196035575,0.8019259152894226,-0.0712796129834061,0.06842777106777953,0.45958984375,5.765722646134199,0.30301304035489346,1.5143635272979736
ring_unidir,ring_unidir,2,1.0,4,256,0.2,1200,200,50,-0.002061540655364673,18.427815281222127,1.135647267289518,0.8057397082654812,0.11715492725000125,0.05366903349168083,0.4685221354166667,5.776983993203475,0.30032435586502876,1.076801061630249
ring_unidir,ring_unidir,2,1.0,5,256,0.2,1200,200,50,-0.0023112895699957075,18.19281718366092,0.42211406167936955,0.8190149882841756,0.0029816512126209192,0.04704193495817244,0.4650358072916667,5.824416547496137,0.30070968070403875,1.233393669128418
ring_unidir,ring_unidir,2,1.0,6,256,0.2,1200,200,50,-0.0016938794211606592,20.371437936828766,0.37457185157704115,0.8121677897919869,-0.024367931741318447,0.04999812467169446,0.43525390625000004,5.266242983185207,0.29823681767755167,1.4525561332702637
ring_unidir,ring_unidir,2,1.0,7,256,0.2,1200,200,50,-0.0020898040855893136,21.31246700607484,-0.6460449674623665,0.8172113900072391,0.43677032601699917,0.05807486017758308,0.4733756510416667,5.899014524902782,0.2990534408968647,1.4221234321594238
random_graph,random_graph,1,100.0,6,256,0.2,1200,200,50,0.654492549904947,31.954907288357923,2.4751817771472657,0.9445899714839668,0.8361231306656876,0.044098993192562774,0.8360709635416668,0.08345779513307036,0.3973507707027005,2.0168802738189697
random_graph,random_graph,1,100.0,7,256,0.2,1200,200,50,0.6350296258426905,32.79998151644374,2.473827195196093,0.9219260398534694,0.6420472858419574,0.043619338346938555,0.8340559895833334,0.0831791986110595,0.3975930110618881,2.6356377601623535
random_graph,random_graph,1,100.0,8,256,0.2,1200,200,50,0.6354239649730948,32.162757312482825,3.208453245702283,0.9444785966872027,0.8029709596690341,0.04318689064472491,0.8267317708333334,0.08269438669006801,0.39873648639332154,2.6843128204345703
random_graph,random_graph,1,100.0,9,256,0.2,1200,200,50,0.6454103287830956,32.17357591898752,2.83126080112467,0.9413926749844506,0.8158680600687046,0.039779113521099356,0.82978515625,0.0823987992705713,0.3993791939877648,2.7374260425567627
ring_unidir,ring_unidir,2,1.0,8,256,0.2,1200,200,50,-0.0021821178482289995,19.286495536029694,-0.003971689365776068,0.8257214532353181,0.019643836972449164,0.04243676067660112,0.46955078125000005,5.726034364611773,0.29951896322747357,1.0552208423614502
ring_unidir,ring_unidir,2,1.0,9,256,0.2,1200,200,50,-0.0013293645303026336,19.857433283655144,-0.6192547323691634,0.8076956228268798,0.05421627627638291,0.04281427563858704,0.46718750000000003,5.811933550315657,0.3011319889130042,1.4155702590942383
ring_unidir,ring_unidir,2,2.0,0,256,0.2,1200,200,50,-0.0015452376604498225,20.878092800856283,-0.10935552025990372,0.7604179642457498,-0.01764127079506234,0.08696307614041768,0.9373404947916667,6.244722744626534,0.2966120775470249,1.1867320537567139
ring_unidir,ring_unidir,2,2.0,1,256,0.2,1200,200,50,-0.0005580642578894943,20.832132310098025,0.7876480882479228,0.7495946022279582,-0.12534189222295403,0.07477380906537458,0.9417447916666667,6.2296988899416155,0.2961074112509884,1.5645489692687988
ring_unidir,ring_unidir,2,2.0,2,256,0.2,1200,200,50,-0.0022970292528485727,18.21927504579389,0.5013015925775449,0.7609318920585671,-0.39855033762256614,0.048820000270173435,0.9482356770833333,6.268929630277467,0.29491669101276,1.0806670188903809
ring_unidir,ring_unidir,2,2.0,3,256,0.2,1200,200,50,-0.0005734615488357293,19.666530300479664,-0.4733140134910215,0.7759100052822017,-0.06803743671974516,0.10476412629568178,0.9306868489583334,6.121760992807178,0.29663037039202433,1.3534438610076904
ring_unidir,ring_unidir,2,2.0,4,256,0.2,1200,200,50,-0.00044933557933192025,20.58834958226157,0.30462597576080463,0.7669978053462725,0.10964063382899533,0.08280069984157727,0.9324869791666667,6.00698658425489,0.2939395559183588,1.25468111038208
ring_unidir,ring_unidir,2,2.0,5,256,0.2,1200,200,50,-0.0011755380881638,19.17791840350956,0.4200241260566121,0.7556407714576782,-0.07644661729154953,0.0875895605755113,0.9428743489583334,6.141758519867605,0.2950232057630776,1.5068292617797852
ring_unidir,ring_unidir,2,2.0,6,256,0.2,1200,200,50,-0.0006432623213501619,21.744523023784343,0.6639346238480301,0.7635383453335876,-0.15329152526316644,0.049213501106793914,0.9194824218750001,5.722434340885281,0.2912964225218179,1.105417251586914
ring_unidir,ring_unidir,2,2.0,7,256,0.2,1200,200,50,-0.0008481487476136877,22.724491421088896,0.20946822128190695,0.7717634794471611,-0.04184187162421304,0.052927201811725534,0.9420182291666668,6.164986325998749,0.2933502597584137,1.2291243076324463
ring_unidir,ring_unidir,2,2.0,8,256,0.2,1200,200,50,-0.0014769424667535258,20.33633402042479,0.13588208804144164,0.7625283706202768,-0.1810424599787894,0.07749837876837333,0.9395279947916667,6.0887508999433635,0.2936593681733183,1.182281494140625
ring_unidir,ring_unidir,2,2.0,9,256,0.2,1200,200,50,-0.0012744495194622373,20.20117363932507,-0.5121410956079843,0.7529020530569818,-0.19763277423422063,0.05062390746865459,0.9451529947916667,6.255538832322652,0.2957976408731786,1.208461046218872
ring_unidir,ring_unidir,2,3.0,0,256,0.2,1200,200,50,-0.002051371111045665,21.129173078494418,0.08851737360117222,0.7647873057488855,-0.059667688296952015,0.08912148552769514,0.9549055989583334,6.267677272758111,0.2956339004044497,1.3451876640319824
ring_unidir,ring_unidir,2,3.0,1,256,0.2,1200,200,50,-0.0007745558873784892,20.68164799458308,0.6047321746654021,0.7599498487372192,-0.10218717705984391,0.07590650466699081,0.9630013020833333,6.3227524574778995,0.29730846148003365,1.52073073387146
ring_unidir,ring_unidir,2,3.0,2,256,0.2,1200,200,50,-0.002715680782608487,18.048498894730223,1.36560602905529,0.7545654512964158,-0.392418972614896,0.10717896726502896,0.9642415364583334,6.30763258455592,0.2948756101527074,1.2499077320098877
ring_unidir,ring_unidir,2,3.0,3,256,0.2,1200,200,50,-0.0006946867523125501,19.83213127516246,0.35409515003919917,0.780127311107892,-0.1566076097919259,0.16921771830372956,0.952578125,6.2124049676502775,0.29574986217027266,1.3556146621704102
ring_unidir,ring_unidir,2,5.0,2,256,0.2,1200,200,50,-0.021560892218709358,16.960659570407554,0.4871980980260458,0.7620108100410645,0.018634672461834544,0.11875499260351682,0.9801334635416667,6.310340964946365,0.3001377468926884,1.2303476333618164
ring_unidir,ring_unidir,2,5.0,3,256,0.2,1200,200,50,-8.373620394830417e-05,18.62112895517624,-0.5284306954845824,0.761155475330151,0.032994445567692425,0.09065683761426603,0.9739518229166667,6.3039617392164216,0.2999963639400976,1.295745611190796
ring_unidir,ring_unidir,2,5.0,4,256,0.2,1200,200,50,-0.0031211790517739492,17.927657461248003,-0.4812899893527519,0.7573090129471233,-0.07744174462080604,0.05691981119642955,0.9800748697916667,6.303978613998168,0.30074288383126907,1.307723045349121
ring_unidir,ring_unidir,2,5.0,5,256,0.2,1200,200,50,-0.003399417802739732,19.22118944233386,-1.1009724450770597,0.768561963150983,0.02750853354890703,0.10755866957481913,0.9764615885416668,6.277954182697778,0.2962330083719124,1.3457589149475098
ring_unidir,ring_unidir,2,5.0,6,256,0.2,1200,200,50,-0.0012342889727406804,20.642317336397653,1.330859998637087,0.7527151025266522,0.2796061324991786,0.09250397764569586,0.9749804687500001,6.064205668923782,0.29690231994039107,1.1931612491607666
ring_unidir,ring_unidir,2,5.0,7,256,0.2,1200,200,50,-0.002920757465425452,21.965467881557156,-0.16188954558903274,0.7638702088211811,-0.1350074826139976,0.05941675731842556,0.9769824218750001,6.348721997199626,0.2946512210436839,1.435173749923706
ring_unidir,ring_unidir,2,5.0,8,256,0.2,1200,200,50,-0.0026551053130045585,18.776989594530036,-0.19055437788383803,0.7590604162231241,0.09659652218454266,0.07092683673677919,0.9785026041666667,6.269063445683817,0.29803076227311504,1.4119946956634521
ring_unidir,ring_unidir,2,5.0,9,256,0.2,1200,200,50,-0.0029689704031059154,19.616633785713578,-0.7462328268604727,0.759346013380997,-0.2754826211443984,0.058839668667744656,0.9787467447916667,6.36993869430312,0.29988068400253676,1.204965591430664
ring_unidir,ring_unidir,2,3.0,4,256,0.2,1200,200,50,-0.0010658885018761278,20.73899773384297,0.6801352089017854,0.7692102278350103,-0.4251926507447489,0.08983562514590152,0.9532714843750001,6.080972935574176,0.2932742427203932,1.4366161823272705
ring_unidir,ring_unidir,2,3.0,5,256,0.2,1200,200,50,-0.000981376258002501,19.44452740224209,0.28973030895350493,0.768823434436839,-0.0628476864823229,0.05979352051561254,0.9599739583333334,6.178619612722741,0.2942025685069006,1.4337692260742188
ring_unidir,ring_unidir,2,3.0,6,256,0.2,1200,200,50,-0.0008424239155506447,21.426971721488965,0.7615342395983485,0.7645439655760318,-0.07367999157121674,0.04656813393776823,0.9495930989583334,5.8301408582787735,0.2909112387767918,1.3646867275238037
ring_unidir,ring_unidir,2,3.0,7,256,0.2,1200,200,50,-0.0019852748006251525,22.36940522964453,0.11357999276275493,0.7705558968902281,-0.032307409893464936,0.053694624966854954,0.9613671875,6.233926736071706,0.29308121882234683,1.340393304824829
ring_unidir,ring_unidir,2,10.0,0,256,0.2,1200,200,50,-0.04752652511681137,14.85805722960568,0.25635732375436615,0.7195773943803394,0.6077802502038969,0.057558908635152485,0.9950325520833334,6.4490057921689035,0.3221883339988712,1.208254337310791
ring_unidir,ring_unidir,2,10.0,1,256,0.2,1200,200,50,-0.02390937810309894,14.59266429979896,7.716271208957972,0.7415626259002005,0.6683883160841155,0.08699547962554453,0.9936848958333334,6.44113073834235,0.3172404255053839,1.3357701301574707
ring_unidir,ring_unidir,2,10.0,2,256,0.2,1200,200,50,-0.038395962885871195,12.920485760389223,9.806035215910716,0.7490529324554113,0.7296996040795769,0.0778287665219287,0.9928125000000001,5.987109673768172,0.3170261054381104,1.2793231010437012
ring_unidir,ring_unidir,2,10.0,3,256,0.2,1200,200,50,-0.019822057392269277,13.61856758198688,4.474283238655565,0.7388719947347181,0.6909512700744631,0.05279738705040271,0.9929459635416668,6.510826786385247,0.31762480720032243,1.449173927307129
ring_unidir,ring_unidir,2,3.0,8,256,0.2,1200,200,50,-0.0017732937510779882,19.727011490715753,-0.12287013130101715,0.7566412822023243,0.20924541387792703,0.09463773675099735,0.9628678385416667,6.2307565325034995,0.29571602912193246,1.4096307754516602
ring_unidir,ring_unidir,2,3.0,9,256,0.2,1200,200,50,-0.0006120361696081192,20.853634330624423,-0.18945093078726954,0.7532686744588354,-0.04968402072913928,0.05897911225538981,0.9613183593750001,6.288693889347766,0.2952124861288661,1.5009396076202393
ring_unidir,ring_unidir,2,5.0,0,256,0.2,1200,200,50,-0.018340838525003,19.640212512515696,1.9423138951944132,0.7428363966494531,0.5416436282600166,0.07698571065542262,0.9805631510416667,6.494372163994034,0.3037100226026855,1.4643454551696777
ring_unidir,ring_unidir,2,5.0,1,256,0.2,1200,200,50,-0.0033750336399581546,19.275455342661143,-0.2898879824941525,0.7524168325942545,0.10200219004783864,0.06012789769144344,0.9809147135416667,6.437637720830224,0.3017902115875052,1.5155212879180908
ring_unidir,ring_unidir,2,10.0,4,256,0.2,1200,200,50,-0.041679058455185,13.170086280417014,10.826041106109734,0.7216586195057726,0.7136036773397034,0.16967414995300933,0.9939160156250001,6.318803627491004,0.3165904478150912,1.2033216953277588
ring_unidir,ring_unidir,2,10.0,5,256,0.2,1200,200,50,-0.013281603791721764,14.191667608783044,5.528846715984938,0.7383150263360188,0.638400381156445,0.07552696481121364,0.9917415364583334,6.278267754901191,0.3122333151021389,1.5540497303009033
ring_unidir,ring_unidir,2,10.0,6,256,0.2,1200,200,50,-0.024205081568636534,16.562407109654377,0.37528420700373977,0.7629812978546197,0.49150333663468054,0.06235057016675401,0.9927897135416668,6.176397826737136,0.31168580597449724,1.5261952877044678
ring_unidir,ring_unidir,2,10.0,7,256,0.2,1200,200,50,-0.014330974418275971,17.792174334841818,6.421990542357471,0.7473535664736496,0.710609059943712,0.06887675699299683,0.9929720052083334,6.253137876586794,0.3103239551238332,1.426079511642456
hub_star,hub_star,2,0.3,2,256,0.2,1200,200,50,-0.02318763781949987,10.704891984723801,9.358039249190714,0.659263049545044,0.6421982061400925,0.024069298451107893,0.0,0.2553357857892622,0.22418635032233594,1.2285454273223877
hub_star,hub_star,2,0.3,3,256,0.2,1200,200,50,-0.04082760496644297,9.578929253961347,5.941622323597327,0.6501613049035437,0.6391930918766012,0.020539682597359502,0.0,0.30956296064009853,0.20751134329262516,1.3716320991516113
hub_star,hub_star,2,0.3,4,256,0.2,1200,200,50,-0.03735492416966852,10.203879957394543,10.583313829027464,0.6336303809670522,0.6432812424112865,0.0209292304618771,0.0,0.1845329681786205,0.22204333448268943,1.1059684753417969
hub_star,hub_star,2,0.3,5,256,0.2,1200,200,50,-0.03887365221544547,10.799812905007228,11.044678765693103,0.6546476569221314,0.6431939747710942,0.023787767001164258,0.0,0.17189837199649421,0.21688525869855718,1.4261093139648438
ring_unidir,ring_unidir,2,10.0,8,256,0.2,1200,200,50,-0.036072884310214506,14.974788137870117,7.673600104722085,0.7323066172858128,0.713253827351873,0.06434696108537352,0.9934049479166668,6.267311715923455,0.3159762002303405,1.4742846488952637
ring_unidir,ring_unidir,2,10.0,9,256,0.2,1200,200,50,-0.003943878525999344,18.09458494094872,-1.097146744068138,0.7500472559960092,0.20725170639108753,0.09308071536049096,0.9905794270833334,6.3951877423162955,0.31405343430570654,1.5369062423706055
hub_star,hub_star,2,0.3,0,256,0.2,1200,200,50,-0.045869735769569896,12.06118964052105,9.127025850941925,0.6272743185557406,0.6260041810146945,0.0232231330730693,0.0,0.30167953803544617,0.20668676968189345,1.3793680667877197
hub_star,hub_star,2,0.3,1,256,0.2,1200,200,50,-0.04402905830673146,9.595047799773317,9.510358276669137,0.6513511242121084,0.657078355419463,0.01911036721944889,0.0,0.27803344867191904,0.2078289677149954,1.4959003925323486
hub_star,hub_star,2,0.3,6,256,0.2,1200,200,50,-0.03251120554715006,11.951393454087965,9.609465256158943,0.6691430281841693,0.6861607876883569,0.023981851254412812,0.0,0.20275715714955322,0.2242775895852789,1.4497623443603516
hub_star,hub_star,2,0.3,7,256,0.2,1200,200,50,-0.04775402545555443,11.52237345533546,11.521694407119485,0.6355186565328129,0.6379284205407969,0.02194383514613115,0.0,0.2934916395286898,0.20104431637902928,1.402977466583252
hub_star,hub_star,2,0.3,8,256,0.2,1200,200,50,-0.03492208395560034,11.188469866423011,7.861664225497215,0.6619295091041124,0.6602599922100388,0.02293078684267881,0.0,0.19182189887906517,0.22111177926702155,1.4123380184173584
hub_star,hub_star,2,0.3,9,256,0.2,1200,200,50,-0.03676121022632564,11.607968076146891,7.788383991547453,0.6425308048075175,0.6431038762576132,0.020235393934418207,0.0,0.19443795342214765,0.22484773394026264,1.6833429336547852
hub_star,hub_star,2,0.5,0,256,0.2,1200,200,50,-0.03141811210543796,12.187714528685163,9.299897866087676,0.6253487213052669,0.6222495839277316,0.021538463487936657,0.0,0.34418382671686654,0.19329053688444947,1.1969285011291504
hub_star,hub_star,2,0.5,1,256,0.2,1200,200,50,-0.028127510674299454,9.701648274050521,9.607784460631825,0.6494939108372514,0.6563807921306648,0.017868435110098942,0.0,0.31979928812838265,0.19578677556308968,1.1959869861602783
hub_star,hub_star,2,0.5,2,256,0.2,1200,200,50,-0.015516088543790385,10.890116146876121,9.338445415363536,0.6866873755550315,0.6624710619926768,0.02642202952370994,0.018320261437908495,0.5215824486557203,0.24252560592046307,1.221282720565796
hub_star,hub_star,2,0.5,3,256,0.2,1200,200,50,-0.024488437366105894,9.66890205161615,6.0616793654969765,0.6435767508697177,0.6320911033503541,0.01903506852914956,0.0,0.3538728011456489,0.19382302545074562,1.8071174621582031
hub_star,hub_star,2,0.5,4,256,0.2,1200,200,50,-0.01235131276185684,10.249251279210199,10.676865068101323,0.62308010341569,0.6284827611050755,0.02279024194417875,0.0003594771241830065,0.3144936481972934,0.23229440666086998,1.4315862655639648
hub_star,hub_star,2,0.5,5,256,0.2,1200,200,50,-0.012152203691186761,10.820140530159987,10.949755857699397,0.6457146184213316,0.632827558941594,0.024339818945867276,0.0,0.23929113245251793,0.21858177514237082,1.226914882659912
hub_star,hub_star,2,0.5,6,256,0.2,1200,200,50,-0.011066384235874286,12.156156279841184,9.709982976469421,0.6820146605544771,0.6903959282293071,0.02571696084460734,0.010225490196078432,0.40736808069499875,0.24031897541751687,1.326493501663208
hub_star,hub_star,2,0.5,7,256,0.2,1200,200,50,-0.03337556481833468,11.71102829244404,11.624403073141291,0.6328067866517825,0.6343931463810408,0.020387405791853584,0.0,0.3341672423926295,0.18802777266360776,1.2766592502593994
hub_star,hub_star,2,0.5,8,256,0.2,1200,200,50,-0.012418465616606032,11.516578030078477,7.447059092379085,0.6610052094122811,0.6518897700597858,0.024303644224538352,0.003973856209150327,0.3871883438868417,0.23278193848773773,1.4200809001922607
hub_star,hub_star,2,0.5,9,256,0.2,1200,200,50,-0.01622927726369952,11.694559230515882,7.767760721227204,0.6315885511430237,0.6320351137957313,0.021520839372144822,0.0012026143790849673,0.34336960742046974,0.23614520885120502,1.449390172958374
hub_star,hub_star,2,1.0,0,256,0.2,1200,200,50,-0.0104135043221739,13.04183937817306,9.708211091710586,0.6694085661119491,0.6614508598505677,0.01731377857001932,0.04522222222222222,0.7399692450132388,0.14899704122951749,1.6395807266235352
hub_star,hub_star,2,1.0,1,256,0.2,1200,200,50,-0.010118296535500799,10.38604545569058,9.873099136670561,0.6871175173245333,0.6818227467063227,0.016265468153503135,0.04764052287581699,0.7269669674442151,0.1552031249557132,1.9202778339385986
hub_star,hub_star,2,1.0,2,256,0.2,1200,200,50,-0.009234829887464303,11.628610145214193,9.431981419810008,0.7004849296013883,0.6787012023048584,0.038488332992728726,0.4458921568627451,2.8078637202581933,0.3908064911206865,1.4327714443206787
hub_star,hub_star,2,1.0,3,256,0.2,1200,200,50,-0.01305255019494912,10.22587928778594,6.900473936558386,0.6692191189327413,0.6605567610127907,0.016327345560354513,0.037673202614379085,0.7133829034942368,0.1433849611249138,1.453467607498169
hub_star,hub_star,2,1.0,4,256,0.2,1200,200,50,-0.011663139736496818,11.485293867679278,11.392085666728816,0.6835941127861144,0.6861160650990874,0.04312695294875671,0.32449673202614376,2.087769022643184,0.33580207257625366,1.5913074016571045
hub_star,hub_star,2,1.0,5,256,0.2,1200,200,50,-0.006252706720602776,11.627437119353461,3.637253406883541,0.691767556738433,0.3907620035396306,0.0308294486880109,0.21626470588235294,1.4754223812211953,0.27908549862441034,1.6147384643554688
hub_star,hub_star,2,3.0,0,256,0.2,1200,200,50,-0.05257476427392605,12.349777226952568,9.316439598681882,0.6481972616420217,0.6550121525309809,0.010372902707796103,0.9950686274509803,0.975631203569907,0.056158823907155125,1.2607920169830322
hub_star,hub_star,2,3.0,1,256,0.2,1200,200,50,-0.05342327006426584,9.891929394178444,9.41923852228714,0.6781788270784723,0.6683681681863396,0.009504107836554223,0.994016339869281,0.9890017563339465,0.058503698158408016,1.4639263153076172
hub_star,hub_star,2,3.0,2,256,0.2,1200,200,50,-0.07942071883797333,10.367906320543007,9.123473554963144,0.7050030890404372,0.6908295458865313,0.0361582961487901,0.9870588235294117,3.791238735609524,0.40394969707314976,1.4236457347869873
hub_star,hub_star,2,3.0,3,256,0.2,1200,200,50,-0.050716254357468314,9.851655653731076,6.050645601916196,0.6652400810891097,0.6557942673316135,0.008175651035403993,0.9944771241830065,0.9184011291830394,0.046370867203825696,1.4347913265228271
add_ring_bidir,ring_bidir,3,0.01,2,256,0.2,1200,200,50,-0.052183418269139574,10.664430551679093,9.36413903509648,0.6690533743350966,0.6531607582438721,0.027434077950465173,0.0,0.0,0.2425242687813556,1.2595126628875732
add_ring_bidir,ring_bidir,3,0.01,3,256,0.2,1200,200,50,-0.05927886125294446,9.4944395263416,5.709938180876421,0.6540348222752832,0.64483435169175,0.026241056419245134,0.0,0.0,0.2523828194109738,1.2161133289337158
add_ring_bidir,ring_bidir,3,0.01,4,256,0.2,1200,200,50,-0.06261057909322346,10.149975828203907,10.352780117847091,0.6362773356363038,0.6478715795992298,0.02439545275103191,0.0,0.0,0.2473065805811933,1.1379477977752686
add_ring_bidir,ring_bidir,3,0.01,5,256,0.2,1200,200,50,-0.06338045478920179,10.620617803521604,10.830497667828597,0.6569280772209845,0.6413750700200025,0.02880187426528682,0.0,0.0,0.24719511598477387,1.0499203205108643
hub_star,hub_star,2,1.0,6,256,0.2,1200,200,50,-0.009035044459428746,12.747110197567542,2.272143407388828,0.6764484877184417,0.012817585958285293,0.03610527367277411,0.4207254901960784,2.6278755291858054,0.38466452173513244,1.423644781112671
hub_star,hub_star,2,1.0,7,256,0.2,1200,200,50,-0.005111506940350602,12.834578268725416,10.454348997101004,0.6769124774005078,0.6689764456821811,0.015663646682996014,0.021545751633986927,0.606277845827016,0.1360189972647215,1.5730178356170654
hub_star,hub_star,2,1.0,8,256,0.2,1200,200,50,-0.005876351519658258,12.485957348845744,5.579821003590929,0.6944345722566596,0.6734730447514521,0.031187462673230363,0.30252614379084963,1.9863280319132905,0.3251402875787979,1.586136817932129
hub_star,hub_star,2,1.0,9,256,0.2,1200,200,50,-0.010300134816595594,12.617865929779427,2.364976649306606,0.6738851748702245,0.43399572380588053,0.035721648749374516,0.3691993464052287,2.3375543449345675,0.35659431103017364,1.8959689140319824
add_ring_bidir,ring_bidir,3,0.01,6,256,0.2,1200,200,50,-0.061834015099861105,11.884417124925971,9.515394339800885,0.6704906748599212,0.6895316578295381,0.027516185870707033,0.0,0.0,0.24540908842749792,1.170675277709961
add_ring_bidir,ring_bidir,3,0.01,7,256,0.2,1200,200,50,-0.0645883724385668,11.418003316919128,11.40639962053072,0.6456277720115124,0.6471713331581613,0.02784005365056449,0.0,0.0,0.24308718339046348,1.2934889793395996
add_ring_bidir,ring_bidir,3,0.01,8,256,0.2,1200,200,50,-0.0602642899381839,10.990801401514636,7.86412878220603,0.6664671354159589,0.6647021379383459,0.02706399323162592,0.0,0.0,0.24696266286057778,1.265399694442749
add_ring_bidir,ring_bidir,3,0.01,9,256,0.2,1200,200,50,-0.06325630341480774,11.435168824411553,7.5965066360839515,0.6432191913916401,0.6454025466302656,0.023389276360196713,0.0,0.0,0.250067609470264,1.2263364791870117
add_ring_bidir,ring_bidir,3,0.03,4,256,0.2,1200,200,50,-0.04553083098237712,10.355048096611698,10.496376608571516,0.6459377186601265,0.6610930657377713,0.037463318632359084,0.0,0.0,0.3372630813913301,1.3811368942260742
add_ring_bidir,ring_bidir,3,0.03,5,256,0.2,1200,200,50,-0.04493239435606564,10.8483906462931,10.879100946386561,0.6610828272472735,0.6478505184775699,0.0457393140610524,0.0,0.0,0.3369572478817976,0.995497465133667
add_ring_bidir,ring_bidir,3,0.03,6,256,0.2,1200,200,50,-0.04803865581713365,11.94518119998963,9.542378364368167,0.6680194588279729,0.6849319342734467,0.0414874275294779,0.0,0.0,0.33353660398630613,1.094628095626831
add_ring_bidir,ring_bidir,3,0.03,7,256,0.2,1200,200,50,-0.04987765451698571,11.820124349729912,11.39404960540537,0.6563214283075144,0.6577346110299731,0.0425465929550662,0.0,0.0,0.32952066866294627,1.2562854290008545
add_ring_bidir,ring_bidir,3,0.03,0,256,0.2,1200,200,50,-0.044010658226707064,12.1900760292307,9.215855674233199,0.6346847847731949,0.6339076935493044,0.047114207179958914,0.0,0.0,0.3436756240014771,1.309669017791748
add_ring_bidir,ring_bidir,3,0.03,1,256,0.2,1200,200,50,-0.04735313444145093,9.774478228540527,9.480543493523438,0.6663955952039718,0.6662294312240679,0.03630820117108627,0.0,0.0,0.3423281656669583,1.2070086002349854
add_ring_bidir,ring_bidir,3,0.03,2,256,0.2,1200,200,50,-0.04021724659291281,10.705023829403492,9.27261269996555,0.6706002618294733,0.650926787778385,0.042435776806407484,0.0,0.0,0.3284855133432054,1.2965946197509766
add_ring_bidir,ring_bidir,3,0.03,3,256,0.2,1200,200,50,-0.04386948399098103,9.752381702615274,5.745846664727673,0.6561800603835345,0.6436935015363799,0.04077538324699416,0.0,0.0,0.34668366535005257,1.3222424983978271
hub_star,hub_star,2,3.0,8,256,0.2,1200,200,50,-0.07102714786879563,10.95251223583832,7.735177588642329,0.6821979536095925,0.6784108630493515,0.028532367282291686,0.9876797385620915,2.8135658747534746,0.2943035652313571,1.4060559272766113
hub_star,hub_star,2,3.0,9,256,0.2,1200,200,50,-0.07121681142401165,11.56571530693961,7.477202481089606,0.6677774159869909,0.670955213890292,0.02793875841774727,0.9876013071895424,3.0194549496328866,0.3159057805073717,1.459357738494873
add_ring_bidir,ring_bidir,3,0.01,0,256,0.2,1200,200,50,-0.06112861091281394,11.980668349880528,8.997775536013148,0.6320369650595973,0.6325569646569601,0.029847807859785327,0.0,0.0,0.25080256520037736,1.2871978282928467
add_ring_bidir,ring_bidir,3,0.01,1,256,0.2,1200,200,50,-0.06231934162973501,9.46170354638725,9.374253393718607,0.6576321937958916,0.6613942710673054,0.02395107124246764,0.0,0.0,0.2503295126121312,1.309856653213501
hub_star,hub_star,2,3.0,4,256,0.2,1200,200,50,-0.0715280184690595,10.387773336290566,9.82839946800351,0.6766312503646781,0.6902610124090633,0.02754835174463505,0.9869836601307189,2.8884433555630857,0.302347318974272,1.5853829383850098
hub_star,hub_star,2,3.0,5,256,0.2,1200,200,50,-0.06776581145250034,10.885529266353117,10.665742739132341,0.6815019069973585,0.657267566322239,0.02509093669631679,0.9884052287581698,2.2049466191348053,0.22566279749494464,1.529242753982544
hub_star,hub_star,2,3.0,6,256,0.2,1200,200,50,-0.07660875474641321,11.638872971817783,9.141099118532031,0.6802184212193265,0.6983564260882482,0.035537674480260247,0.9862875816993464,3.535642087146941,0.3773729398932627,1.515409231185913
hub_star,hub_star,2,3.0,7,256,0.2,1200,200,50,-0.05422050225945519,12.190604354441692,11.493381938902301,0.6688355316148256,0.6620431348572032,0.00888719451738485,0.9944803921568627,0.8946408420555931,0.044954754454630444,1.7982563972473145
add_ring_bidir,ring_bidir,3,0.06,2,256,0.2,1200,200,50,-0.02942249965913428,13.17706049403693,7.692959305565909,0.746753154832463,0.7364850593360058,0.11179979915359242,0.0,0.0,0.684842367612075,1.2193877696990967
add_ring_bidir,ring_bidir,3,0.06,3,256,0.2,1200,200,50,-0.028212740543619875,14.851651847003904,4.22232021397362,0.7798732059152418,0.760888878506539,0.10269546797264126,0.0,0.0,0.7480102670286859,1.3383917808532715
add_ring_bidir,ring_bidir,3,0.06,4,256,0.2,1200,200,50,-0.030599009567985506,15.187019358462127,5.69085077873981,0.7688411115126281,0.6735676032118167,0.09638555035629923,0.0,0.0,0.7138728017380678,1.016969919204712
add_ring_bidir,ring_bidir,3,0.06,5,256,0.2,1200,200,50,-0.03025815912793274,14.221514752222989,5.834993277017534,0.7661436280556648,0.5203548599854219,0.11662503844213523,0.0,0.0,0.7144540544031124,1.3115029335021973
add_ring_bidir,ring_bidir,3,0.06,6,256,0.2,1200,200,50,-0.029411025560158257,15.445659432780388,7.997638042513632,0.7422478996161798,0.7234630031214199,0.09944335951113256,0.0,0.0,0.7060812920356377,1.0077886581420898
add_ring_bidir,ring_bidir,3,0.06,7,256,0.2,1200,200,50,-0.03028532689472283,15.681519693735897,9.127992003883966,0.7198057155965134,0.659737528434867,0.10869477298902276,0.0,0.0,0.6931761908051539,1.0945937633514404
add_ring_bidir,ring_bidir,3,0.06,8,256,0.2,1200,200,50,-0.029753839448763718,15.41550882163201,5.586262491186375,0.7820598290538057,0.7988771783033282,0.10729272370507602,0.0,0.0,0.7115951715412151,1.3721306324005127
add_ring_bidir,ring_bidir,3,0.06,9,256,0.2,1200,200,50,-0.028277701088292435,15.81495871368831,5.781941931324848,0.7429031517718999,0.7552595613353482,0.08501245375822014,0.0,0.0,0.7374554231627323,1.2894532680511475
add_ring_bidir,ring_bidir,3,0.03,8,256,0.2,1200,200,50,-0.042923942370106494,11.206322500720683,7.753794990689628,0.6708177307897757,0.6666227743987024,0.042396017735819386,0.0,0.0,0.33659757954864894,1.0103299617767334
add_ring_bidir,ring_bidir,3,0.03,9,256,0.2,1200,200,50,-0.04754766691287923,11.639766495695842,7.581360587316848,0.6451904922779843,0.6465557148123298,0.03496548052327591,0.0,0.0,0.34224147832305357,1.247504711151123
add_ring_bidir,ring_bidir,3,0.06,0,256,0.2,1200,200,50,-0.030024056927739337,16.67211875741031,6.9281801339862765,0.7708390792225502,0.7325329694961579,0.11928304817626932,0.0,0.0,0.7331826383611104,1.5362305641174316
add_ring_bidir,ring_bidir,3,0.06,1,256,0.2,1200,200,50,-0.02825266053885179,14.683317306547716,6.086118624422399,0.7763013897424242,0.6867703402062459,0.09748444085389489,0.0,0.0,0.7417756813090539,1.387902021408081
add_ring_bidir,ring_bidir,3,0.08,8,256,0.2,1200,200,50,-0.06013931114678264,22.406365572743695,5.443317693466441,0.886795272698478,0.8677382048859161,0.06230453292869433,0.0,0.0,0.9537518342070075,1.421020269393921
add_ring_bidir,ring_bidir,3,0.08,9,256,0.2,1200,200,50,-0.05252379199641049,23.19697726316679,4.325497175704469,0.8839231051181867,0.8538309234905311,0.05558213495300584,0.0,0.0,0.958333263959257,1.3459761142730713
add_ring_bidir,ring_bidir,3,0.1,0,256,0.2,1200,200,50,-31.060102309461534,18.653879078933414,2.5775699426457463,0.8818349878703313,0.8717592341995194,0.022723055647986302,0.0,0.0,0.9937573719940554,1.330939769744873
add_ring_bidir,ring_bidir,3,0.1,1,256,0.2,1200,200,50,-24.323839500359647,18.902929751015307,3.257538968461538,0.8784165161863945,0.841015468585131,0.021255765109596585,0.0,0.0,0.9935921771980095,1.3999032974243164
add_ring_bidir,ring_bidir,3,0.08,0,256,0.2,1200,200,50,-0.09279991746009587,22.67046259955415,5.946272962822567,0.8833081639924868,0.8504302145118731,0.06627004644639845,0.0,0.0,0.9621965524482584,1.4458513259887695
add_ring_bidir,ring_bidir,3,0.08,1,256,0.2,1200,200,50,-0.04650592327605802,22.600682539080285,4.739926949084066,0.8843116679923562,0.8331935271354607,0.052150694474233775,0.0,0.0,0.9631552011538861,1.43930983543396
add_ring_bidir,ring_bidir,3,0.08,2,256,0.2,1200,200,50,-0.05772319101070559,21.44613594112447,5.115708104810672,0.8786633564155515,0.8417415282585847,0.06791030856846789,0.0,0.0,0.9482862751142542,1.3308193683624268
add_ring_bidir,ring_bidir,3,0.08,3,256,0.2,1200,200,50,-0.059912190767778976,21.61518905070029,4.27384374542728,0.8958336476517581,0.8586698006691978,0.056373618331507086,0.0,0.0,0.964255290241218,1.5548467636108398
add_ring_bidir,ring_bidir,3,0.08,4,256,0.2,1200,200,50,-0.6225204881428754,22.444632613568153,3.6744465503414836,0.8917073733017592,0.7893265137744898,0.05788680778106203,0.0,0.0,0.9571720684982153,1.3230042457580566
add_ring_bidir,ring_bidir,3,0.08,5,256,0.2,1200,200,50,-0.6092279763671765,21.99142972493334,5.11389762999538,0.8836594857621929,0.750074806753327,0.060332723069735035,0.0,0.0,0.9591212176144716,1.509103536605835
add_ring_bidir,ring_bidir,3,0.08,6,256,0.2,1200,200,50,-0.06843894696238176,23.077446372777164,6.341537157183157,0.8845429725341707,0.8506883694911735,0.05928145940948936,0.0,0.0,0.955314625009893,1.5645127296447754
add_ring_bidir,ring_bidir,3,0.08,7,256,0.2,1200,200,50,-2.321122066268827,23.54712200738625,5.946416414759889,0.87999776571349,0.7546036327837548,0.0657075471309816,0.0,0.0,0.9480558900598325,1.320629596710205
add_ring_bidir,ring_bidir,3,0.1,2,256,0.2,1200,200,50,-19.26522971571876,19.55009689722771,2.201555057503266,0.882668259698473,0.857742416462429,0.027853350497299388,0.0,0.0,0.990483271418287,1.349349021911621
add_ring_bidir,ring_bidir,3,0.1,3,256,0.2,1200,200,50,-18.13913959728776,17.98670485427892,2.685669055547556,0.8887338264092112,0.8677271337464353,0.021847246993007868,0.0,0.0,0.9934900258650716,1.2158958911895752
add_ring_bidir,ring_bidir,3,0.1,4,256,0.2,1200,200,50,-31.608695010182625,18.599000291821326,0.3138590484353418,0.8804688332131079,0.30024000904632914,0.022090798509719286,0.0,0.0,0.9930010679520995,1.368542194366455
add_ring_bidir,ring_bidir,3,0.1,5,256,0.2,1200,200,50,-14.77259152080398,18.77941432664273,1.97553451648343,0.8759383242321342,0.7706426560184567,0.02218597100498682,0.0,0.0,0.993291395241727,1.2757956981658936
add_ring_bidir,ring_bidir,3,0.15,0,256,0.2,1200,200,50,-66.94992703055603,6.9858903797109715,0.561899087997406,0.7066555192955921,0.6858045399291977,0.0014517476817530574,0.0,0.0,0.9999482409448337,1.2956688404083252
add_ring_bidir,ring_bidir,3,0.15,1,256,0.2,1200,200,50,-66.95077240208103,6.902798836741188,0.6060013377351876,0.7317839456179376,0.7008078352224647,0.0019485540393716849,0.0,0.0,0.9999164996371169,1.308356761932373
add_ring_bidir,ring_bidir,3,0.15,2,256,0.2,1200,200,50,-66.94993837959308,7.674110397524448,-1.0155591345877226,0.7144643754302749,0.7181376785082915,0.00245159380754747,0.0,0.0,0.9998325014392865,1.154454231262207
add_ring_bidir,ring_bidir,3,0.15,3,256,0.2,1200,200,50,-66.9507479002269,7.009808800651557,0.21503339751068082,0.7523574239827271,0.727159375756079,0.002494564925427372,0.0,0.0,0.9998781042755586,1.1259219646453857
add_ring_bidir,ring_bidir,3,0.1,6,256,0.2,1200,200,50,-1.8462267484730706,20.0577368368364,4.16050429935885,0.8850559159345436,0.8761699786213145,0.023714141708884473,0.0,0.0,0.991668673479324,1.4719748497009277
add_ring_bidir,ring_bidir,3,0.1,7,256,0.2,1200,200,50,-37.222798426852926,19.91372959265411,-0.44030386876549404,0.8848322184670236,-0.02732926570259087,0.024092085159297384,0.0,0.0,0.9911321635998471,1.2032883167266846
add_ring_bidir,ring_bidir,3,0.1,8,256,0.2,1200,200,50,-9.15473481021253,20.352644490131087,2.1673541507725123,0.8941400488738096,0.8816122503234213,0.026968136740906624,0.0,0.0,0.991143285421516,1.395766258239746
add_ring_bidir,ring_bidir,3,0.1,9,256,0.2,1200,200,50,-14.186335066142453,19.576711402124026,2.610799530069605,0.8773724052936419,0.8613742971105175,0.02355903238307301,0.0,0.0,0.9924157520234052,1.2477056980133057
add_ring_bidir,ring_bidir,3,0.15,8,256,0.2,1200,200,50,-66.95030229539536,7.989479891667635,0.0559675860700653,0.7709305081920879,0.7791770004596678,0.0030142727927993753,0.0,0.0,0.9998121927407969,0.961205005645752
add_ring_bidir,ring_bidir,3,0.15,9,256,0.2,1200,200,50,-66.95077629323862,7.345101402600919,0.5049539874169027,0.7384041581748637,0.7638704446492429,0.0023997964245016635,0.0,0.0,0.9998743457501417,1.007042407989502
add_ring_bidir,ring_bidir,3,0.2,0,256,0.2,1200,200,50,-67.51274358765018,0.0,0.0,0.0,0.0,0.0,0.0,0.0,1.0,1.350874423980713
add_ring_bidir,ring_bidir,3,0.2,1,256,0.2,1200,200,50,-67.51274358765018,0.0,0.0,0.0,0.0,0.0,0.0,0.0,1.0,1.4441325664520264
add_ring_bidir,ring_bidir,3,0.2,2,256,0.2,1200,200,50,-67.51274358765018,0.0,0.0,0.0,0.0,0.0,0.0,0.0,1.0,1.32365083694458
add_ring_bidir,ring_bidir,3,0.2,3,256,0.2,1200,200,50,-67.51274358765018,0.0,0.0,0.0,0.0,0.0,0.0,0.0,1.0,1.3572430610656738
add_ring_bidir,ring_bidir,3,0.2,4,256,0.2,1200,200,50,-67.51274358765018,0.0,0.0,0.0,0.0,0.0,0.0,0.0,1.0,1.1300690174102783
add_ring_bidir,ring_bidir,3,0.2,5,256,0.2,1200,200,50,-67.51274358765018,0.0,0.0,0.0,0.0,0.0,0.0,0.0,1.0,1.1707608699798584
add_ring_bidir,ring_bidir,3,0.15,4,256,0.2,1200,200,50,-66.9501017174372,6.925855432669199,0.1248501419371914,0.6575547734489735,0.6471240600203059,0.0013334879516180172,0.0,0.0,0.9999469627875165,1.4671242237091064
add_ring_bidir,ring_bidir,3,0.15,5,256,0.2,1200,200,50,-66.95040725577294,7.477041519933354,-0.14198925351273778,0.7167977575789244,0.724443543313659,0.002007182731671344,0.0,0.0,0.9999093930695242,1.4970703125
add_ring_bidir,ring_bidir,3,0.15,6,256,0.2,1200,200,50,-64.71567537281375,7.590593213464202,1.6611734176764077,0.791004406225338,0.8046146599441135,0.004190842995052977,0.0,0.0,0.999767861979138,1.088761568069458
add_ring_bidir,ring_bidir,3,0.15,7,256,0.2,1200,200,50,-66.95061625465202,7.585612730700773,0.21430312601443313,0.6332197886082813,0.680196444808726,0.0011749558208981703,0.0,0.0,0.9999354486560018,1.2501695156097412
add_ring_bidir,ring_bidir,3,0.2,6,256,0.2,1200,200,50,-67.51274358765018,1.9625582746939,0.3507918029475731,0.565210396888733,0.5832029019088765,0.0005765500987273372,0.0,0.0,0.9999903187795051,1.358780860900879
add_ring_bidir,ring_bidir,3,0.2,7,256,0.2,1200,200,50,-67.51274358765018,0.0,0.0,0.0,0.0,0.0,0.0,0.0,1.0,1.5129945278167725
add_ring_bidir,ring_bidir,3,0.2,8,256,0.2,1200,200,50,-67.51274358765018,1.6789673056892056,-0.09268039075820478,0.24548797570920858,0.2822397774710654,4.845973884024579e-05,0.0,0.0,0.9999996845853022,1.3654272556304932
add_ring_bidir,ring_bidir,3,0.2,9,256,0.2,1200,200,50,-67.51274358765018,0.0,0.0,0.0,0.0,0.0,0.0,0.0,1.0,1.1452276706695557
add_random_graph,random_graph,3,0.01,0,256,0.2,1200,200,50,-0.0641470168914202,11.919898493253063,8.938491444434819,0.6310747416469873,0.6319428293658058,0.029825753085570134,0.0,0.0,0.2506532608254495,1.478525161743164
add_random_graph,random_graph,3,0.01,1,256,0.2,1200,200,50,-0.06400329736015441,9.396726063340859,9.33365123329113,0.6561635045587264,0.6605292658820029,0.023933041677297293,0.0,0.0,0.250157726307912,1.681962490081787
add_random_graph,random_graph,3,0.01,2,256,0.2,1200,200,50,-0.05358905685004045,10.601542748319309,9.34189327479992,0.6663245717267443,0.6495820508129088,0.027425683069488394,0.0,0.0,0.2424989647684791,1.5240533351898193
add_random_graph,random_graph,3,0.01,3,256,0.2,1200,200,50,-0.06068208154483666,9.416621862141543,5.72279826418414,0.6525316229223906,0.6435142469822007,0.02623555615279692,0.0,0.0,0.25235500027667607,1.3104615211486816
add_random_graph,random_graph,3,0.03,6,256,0.2,1200,200,50,-0.05410632838074147,11.780079814596823,9.417357950028647,0.6556297695437698,0.6750793589647428,0.04134401904257577,0.0,0.0,0.3325325567069926,1.4681732654571533
add_random_graph,random_graph,3,0.03,7,256,0.2,1200,200,50,-0.055000323150087065,11.282991522574457,11.191367889053987,0.6246162234821061,0.6309036376357152,0.04238048928847536,0.0,0.0,0.32856809105813006,1.4463062286376953
add_random_graph,random_graph,3,0.03,8,256,0.2,1200,200,50,-0.05226079876585285,10.826377276174634,7.621933028001424,0.6508822491036834,0.6490474458263888,0.042251852462846094,0.0,0.0,0.3361404181273763,1.4467146396636963
add_random_graph,random_graph,3,0.03,9,256,0.2,1200,200,50,-0.05251773630022312,11.40521678673539,7.553214719268668,0.633425995588135,0.6350811756023143,0.03483396705484648,0.0,0.0,0.341346381196254,1.256706953048706
add_random_graph,random_graph,3,0.01,4,256,0.2,1200,200,50,-0.06454584565315673,10.095904838229123,10.313505185194332,0.6342165765579106,0.6457405756679467,0.024367942451296417,0.0,0.0,0.2470469122029771,1.835866928100586
add_random_graph,random_graph,3,0.01,5,256,0.2,1200,200,50,-0.06391801751579256,10.561632008771072,10.777569086088407,0.6547343108898159,0.6397186067462128,0.028826895744060797,0.0,0.0,0.2474178860306099,1.6480193138122559
add_random_graph,random_graph,3,0.01,6,256,0.2,1200,200,50,-0.06335647140888817,11.796793951019032,9.468782744588822,0.6681588640142867,0.6880052189338699,0.027502896775291663,0.0,0.0,0.2452799729005786,1.4138267040252686
add_random_graph,random_graph,3,0.01,7,256,0.2,1200,200,50,-0.06665802746869838,11.306386203263925,11.347729189545362,0.6425618768251529,0.6437890523427032,0.027823895075340867,0.0,0.0,0.2429596685692379,1.3070509433746338
add_random_graph,random_graph,3,0.03,2,256,0.2,1200,200,50,-0.049460398636677685,10.514821051862068,9.157588322140047,0.6531580745637439,0.632729833507106,0.042266866313315436,0.0,0.0,0.3278499104438306,1.5644772052764893
add_random_graph,random_graph,3,0.03,3,256,0.2,1200,200,50,-0.051070266272076247,9.482230824282112,5.52546742780622,0.6403672619053874,0.628790374123243,0.04061331881419853,0.0,0.0,0.34595868132743396,1.419224739074707
add_random_graph,random_graph,3,0.03,4,256,0.2,1200,200,50,-0.05323624993957313,10.065836431401268,10.22392511417043,0.6202491250951864,0.6342822807717395,0.03717431648126059,0.0,0.0,0.33540240176475833,1.6094412803649902
add_random_graph,random_graph,3,0.03,5,256,0.2,1200,200,50,-0.05288885542988317,10.523829260708565,10.637663083599568,0.6379955779674223,0.6206976184113087,0.0457751256641532,0.0,0.0,0.33772094270184555,1.3192176818847656
add_random_graph,random_graph,3,0.01,8,256,0.2,1200,200,50,-0.0623436421946436,10.850529011872851,7.776833446289731,0.6634223600775171,0.6622415533973984,0.02706024016573711,0.0,0.0,0.24696546914341894,1.7264349460601807
add_random_graph,random_graph,3,0.01,9,256,0.2,1200,200,50,-0.06385801347233522,11.38761588435444,7.61976656492203,0.6438713011106689,0.6463065326567278,0.02338120495674006,0.0,0.0,0.2500010557554819,1.4973268508911133
add_random_graph,random_graph,3,0.03,0,256,0.2,1200,200,50,-0.05211900382619197,11.908920427715126,8.950517683949704,0.6132757905427014,0.6150929564126841,0.04679809998256161,0.0,0.0,0.3422258542380679,1.4867222309112549
add_random_graph,random_graph,3,0.03,1,256,0.2,1200,200,50,-0.05323932382984974,9.477347314917509,9.30745754699444,0.6464111353658314,0.6466988642001532,0.03611277095167923,0.0,0.0,0.34102708560148565,1.3183197975158691
add_random_graph,random_graph,3,0.06,0,256,0.2,1200,200,50,-0.03229275076671979,13.800829207542632,7.112807771796747,0.6547941118985671,0.6421940069258688,0.12895067620938047,0.0,0.0,0.7385041245835666,1.7465436458587646
add_random_graph,random_graph,3,0.06,1,256,0.2,1200,200,50,-0.030331958127806622,11.669089754603732,7.25849185645967,0.6941070337070341,0.5937068903106275,0.10324970511405211,0.0,0.0,0.7406883959168118,1.449706792831421
add_random_graph,random_graph,3,0.06,2,256,0.2,1200,200,50,-0.03028140198647061,11.31453902754655,7.9368098531067,0.6574722978985195,0.634374755671254,0.11691401025784606,0.0,0.0,0.6857755930338089,1.4436709880828857
add_random_graph,random_graph,3,0.06,3,256,0.2,1200,200,50,-0.03182003046395879,12.320338502662077,3.8390215535484207,0.727864846529863,0.7375701456254005,0.110571527467973,0.0,0.0,0.7574216551132759,1.4042294025421143
add_random_graph,random_graph,3,0.06,8,256,0.2,1200,200,50,-0.031411788170200176,12.699288019978564,6.20853325336226,0.6556859839627651,0.6991867801501905,0.11287117157729187,0.0,0.0,0.7192130906014552,1.5979151725769043
add_random_graph,random_graph,3,0.06,9,256,0.2,1200,200,50,-0.0305128108536254,13.436620887786336,6.410379120199343,0.6714160601311804,0.6821373552441514,0.09031453854011481,0.0,0.0,0.740731983992109,1.2619774341583252
add_random_graph,random_graph,3,0.08,0,256,0.2,1200,200,50,-0.11483541893271841,20.51244361701182,5.742723692564946,0.8624775453223082,0.8281961961028395,0.061643869001293636,0.0,0.0,0.9640920096532052,1.3568897247314453
add_random_graph,random_graph,3,0.08,1,256,0.2,1200,200,50,-0.11091946413279215,20.392617559724044,4.260900836163891,0.8622175103801778,0.8137431148710667,0.05008986638649651,0.0,0.0,0.9651007453614213,1.0734820365905762
add_random_graph,random_graph,3,0.06,4,256,0.2,1200,200,50,-0.030858165934849423,12.510149686935458,6.898957256707932,0.6842479511018549,0.5765643940416161,0.1016253072592562,0.0,0.0,0.7106868954101182,1.634782075881958
add_random_graph,random_graph,3,0.06,5,256,0.2,1200,200,50,-0.03125676824323595,11.997336871815037,1.9987040859138576,0.6546714372102541,0.507285385643597,0.12293974632874231,0.0,0.0,0.7291547620361787,1.3804502487182617
add_random_graph,random_graph,3,0.06,6,256,0.2,1200,200,50,-0.029789036809092617,12.85470429160512,8.147518759291572,0.6661087710652053,0.6561431903672372,0.10429128227397114,0.0,0.0,0.7079123381897073,1.417388677597046
add_random_graph,random_graph,3,0.06,7,256,0.2,1200,200,50,-0.030429449240633566,12.727963300230794,9.555610733974676,0.6192780508234038,0.6035692365145642,0.11374976401079698,0.0,0.0,0.6913759224447092,1.0816664695739746
add_random_graph,random_graph,3,0.08,2,256,0.2,1200,200,50,-0.09130934550545154,19.32028833435615,4.415243113592391,0.8548988483378169,0.823081428099445,0.0652487634837328,0.0,0.0,0.9485925815251756,1.5166685581207275
add_random_graph,random_graph,3,0.08,3,256,0.2,1200,200,50,-0.11084566807890776,19.118690093333896,3.230843900581808,0.869824019237979,0.8486949688556569,0.051057282846608563,0.0,0.0,0.9673648398854582,1.5826137065887451
add_random_graph,random_graph,3,0.08,4,256,0.2,1200,200,50,-0.6702735138205744,19.859910820961908,2.3748891988688436,0.8629168155845517,0.6895246717348409,0.055090645000026424,0.0,0.0,0.9596655121070627,1.4159884452819824
add_random_graph,random_graph,3,0.08,5,256,0.2,1200,200,50,-0.10634271294759234,19.360413529096977,4.3876882861116675,0.863086487832317,0.7526210139727958,0.05446426381362391,0.0,0.0,0.9638056633122244,1.0360584259033203
add_random_graph,random_graph,3,0.1,0,256,0.2,1200,200,50,-31.62555235958649,17.614048444788015,2.6641178854329044,0.8711942828504537,0.8580475113215569,0.022613704732584446,0.0,0.0,0.9937619332771321,1.372270107269287
add_random_graph,random_graph,3,0.1,1,256,0.2,1200,200,50,-23.203704134874908,18.18487126007724,3.7410204086275614,0.8721193087981121,0.8380817448455281,0.021130751334490213,0.0,0.0,0.993611604314767,1.4022133350372314
add_random_graph,random_graph,3,0.1,2,256,0.2,1200,200,50,-19.25939972086483,19.014736828538783,1.9550499527747225,0.8724747005123002,0.856106025564149,0.02906862012432703,0.0,0.0,0.9900266807285211,1.027456283569336
add_random_graph,random_graph,3,0.1,3,256,0.2,1200,200,50,-19.834228886728948,17.250114959490556,2.9482089339549318,0.8826104624847637,0.8609408698796125,0.02158462372863845,0.0,0.0,0.9935520637968915,0.8695235252380371
add_random_graph,random_graph,3,0.2,8,256,0.2,1200,200,50,-67.51274358765018,1.6789673056892056,-0.09268039075820478,0.24548797570920858,0.2822397774710654,4.845973884024579e-05,0.0,0.0,0.9999996845853022,1.1776151657104492
add_random_graph,random_graph,3,0.2,9,256,0.2,1200,200,50,-67.51274358765018,0.0,0.0,0.0,0.0,0.0,0.0,0.0,1.0,0.9615166187286377
add_random_graph,random_graph,3,0.08,6,256,0.2,1200,200,50,-0.11086731827670088,20.534762352704725,5.549132767923036,0.8593698983838169,0.8183329994177521,0.05589535894473215,0.0,0.0,0.9583796160764807,1.6057474613189697
add_random_graph,random_graph,3,0.08,7,256,0.2,1200,200,50,-1.791634074721394,20.601994567644383,5.005076442486785,0.8493369481611399,0.7391363943027597,0.06120655990305396,0.0,0.0,0.9515287791354344,1.3698885440826416
add_random_graph,random_graph,3,0.08,8,256,0.2,1200,200,50,-0.09076360539786851,20.4594988039685,5.0402644969149915,0.8696949061260193,0.8582048689752445,0.06080873502981866,0.0,0.0,0.9547377901844234,1.2183611392974854
add_random_graph,random_graph,3,0.08,9,256,0.2,1200,200,50,-0.10286525328639526,20.31159301473857,4.508609342594024,0.8643194013208728,0.8439192253935471,0.05281350518502607,0.0,0.0,0.9619504280236444,0.8673191070556641
add_random_graph,random_graph,3,0.1,4,256,0.2,1200,200,50,-35.544855885366715,17.192765378862898,0.4023680221140883,0.8621216601625176,0.05404496067952635,0.02198385537304787,0.0,0.0,0.9930228039675136,1.5232150554656982
add_random_graph,random_graph,3,0.1,5,256,0.2,1200,200,50,-12.523339343391402,17.59786819484357,2.9758133885451645,0.8679947536285778,0.8029192834909354,0.02171668633912843,0.0,0.0,0.9934070800420064,1.3660588264465332
add_random_graph,random_graph,3,0.1,6,256,0.2,1200,200,50,-2.4210158789135434,18.598685847853762,3.944749311302811,0.877223961848202,0.8759302737820078,0.023272527089074173,0.0,0.0,0.9918322065250846,0.9696075916290283
add_random_graph,random_graph,3,0.1,7,256,0.2,1200,200,50,-36.66000994497651,18.61784182148641,1.8893171990359723,0.8710910760558497,0.7966920928743373,0.024050056626678747,0.0,0.0,0.9911283698341941,0.7262651920318604
add_random_graph,random_graph,3,0.1,8,256,0.2,1200,200,50,-8.026627159386864,19.21876798730649,2.1346528457068707,0.8890712767464859,0.8749130697949771,0.027107670391684574,0.0,0.0,0.9910229271834162,1.3583486080169678
add_random_graph,random_graph,3,0.1,9,256,0.2,1200,200,50,-19.829230668086982,18.321190550817317,2.6416478636480463,0.8702715828053051,0.8597190420810121,0.022497846493536026,0.0,0.0,0.99278377714054,1.3999590873718262
add_random_graph,random_graph,3,0.15,0,256,0.2,1200,200,50,-66.94986971337782,7.067957797472392,0.52531725624244,0.7084802344522088,0.6901956976451512,0.001452052113879816,0.0,0.0,0.9999482227501116,1.000070333480835
add_random_graph,random_graph,3,0.15,1,256,0.2,1200,200,50,-66.95088548793382,7.0550516921273045,0.5548771068536005,0.7373916295159202,0.7003817596575038,0.0019531124026731497,0.0,0.0,0.9999162923811884,0.7134947776794434
add_random_graph,random_graph,3,0.15,6,256,0.2,1200,200,50,-64.71593929622038,7.559624113134983,1.7584576229348552,0.7911851622989736,0.8039172004903395,0.004190800073909172,0.0,0.0,0.9997678877198602,1.4202892780303955
add_random_graph,random_graph,3,0.15,7,256,0.2,1200,200,50,-66.95081686856679,7.521810324003747,0.300957766251544,0.6347127148043582,0.689494847071212,0.0011798821942101201,0.0,0.0,0.9999351554353206,1.2061729431152344
add_random_graph,random_graph,3,0.15,8,256,0.2,1200,200,50,-66.95039950361182,8.499539021666493,0.10040766273767644,0.7861336148330614,0.7950592436671395,0.0030205193775936345,0.0,0.0,0.9998116790299134,0.9836735725402832
add_random_graph,random_graph,3,0.15,9,256,0.2,1200,200,50,-66.95101728346211,7.345747683220813,0.4558033854304435,0.7306636671432962,0.7546481926337462,0.0023920093031488884,0.0,0.0,0.9998748642398119,0.5938153266906738
add_random_graph,random_graph,3,0.15,2,256,0.2,1200,200,50,-66.94993092422726,8.056766492985213,-0.6690239202065871,0.7273853446692076,0.7332776044318128,0.002456564559177665,0.0,0.0,0.9998319982869809,1.3423480987548828
add_random_graph,random_graph,3,0.15,3,256,0.2,1200,200,50,-66.95105648640319,7.282749034778351,0.28911236099252846,0.7607954594391071,0.7397862224590331,0.0025025227948713247,0.0,0.0,0.9998777732929456,1.3028943538665771
add_random_graph,random_graph,3,0.15,4,256,0.2,1200,200,50,-66.95007738602185,6.86159776040736,0.19270562419331472,0.6580307511226109,0.650786693817068,0.0013341102416290272,0.0,0.0,0.9999469260591258,0.9797446727752686
add_random_graph,random_graph,3,0.15,5,256,0.2,1200,200,50,-66.95062254066187,7.436311146933417,0.4580469249069521,0.7177388176929318,0.7143977122106538,0.002008920205320873,0.0,0.0,0.999909311330982,0.6291882991790771
add_random_graph,random_graph,3,0.2,0,256,0.2,1200,200,50,-67.51274358765018,0.0,0.0,0.0,0.0,0.0,0.0,0.0,1.0,1.2303364276885986
add_random_graph,random_graph,3,0.2,1,256,0.2,1200,200,50,-67.51274358765018,0.0,0.0,0.0,0.0,0.0,0.0,0.0,1.0,1.1336748600006104
add_random_graph,random_graph,3,0.2,2,256,0.2,1200,200,50,-67.51274358765018,0.0,0.0,0.0,0.0,0.0,0.0,0.0,1.0,0.8826572895050049
add_random_graph,random_graph,3,0.2,3,256,0.2,1200,200,50,-67.51274358765018,0.0,0.0,0.0,0.0,0.0,0.0,0.0,1.0,0.4698948860168457
add_random_graph,random_graph,3,0.2,4,256,0.2,1200,200,50,-67.51274358765018,0.0,0.0,0.0,0.0,0.0,0.0,0.0,1.0,1.2450389862060547
add_random_graph,random_graph,3,0.2,5,256,0.2,1200,200,50,-67.51274358765018,0.0,0.0,0.0,0.0,0.0,0.0,0.0,1.0,0.9751400947570801
add_random_graph,random_graph,3,0.2,6,256,0.2,1200,200,50,-67.51274358765018,1.9625582746938997,0.3507918029475776,0.5652103968887336,0.5832029019088771,0.000576550098727339,0.0,0.0,0.9999903187795051,0.6670446395874023
add_random_graph,random_graph,3,0.2,7,256,0.2,1200,200,50,-67.51274358765018,0.0,0.0,0.0,0.0,0.0,0.0,0.0,1.0,0.23126816749572754
